# Blender 5.1.2
# www.blender.org
mtllib Giant_anim_attack.mtl
o Cube
v -0.304696 -0.418942 0.000000
v -0.214320 1.209917 0.000000
v -0.214320 1.209917 0.000000
v -0.409822 0.717758 0.000000
v 0.165440 -0.282643 -0.949028
v -0.100361 1.339039 0.000000
v 0.270126 1.504610 -0.001760
v 0.159479 1.468678 -0.097820
v 0.072315 1.477849 -0.138145
v -0.055336 1.402415 -0.112862
v -0.085101 1.399088 0.000000
v -0.422588 1.454693 -0.078093
v -0.401477 1.823738 -0.114329
v -0.070924 1.478075 -0.117056
v 0.053667 1.816610 -0.103229
v -0.419577 1.432513 0.000000
v -0.401934 1.838622 -0.000000
v -0.023958 1.831321 -0.137840
v 0.054658 1.834151 0.000000
v -0.435608 1.641528 -0.160913
v 0.046068 1.639791 -0.123790
v 0.097138 1.700938 0.000000
v -0.458424 1.607637 0.000000
v -0.418910 1.745862 -0.135122
v 0.054543 1.744944 -0.123091
v 0.073045 1.730179 0.000000
v -0.435025 1.734771 0.000000
v -0.436390 1.615130 -0.154517
v -0.008694 1.523059 -0.113170
v 0.172183 1.644112 -0.000000
v -0.457078 1.540094 0.000000
v -0.177493 1.381172 -0.129496
v -0.365161 1.357182 -0.109685
v -0.266339 1.863093 -0.174188
v -0.106129 1.847653 -0.173423
v -0.266306 1.864231 0.000000
v -0.105576 1.880990 0.000000
v -0.198946 1.345533 0.000000
v -0.374177 1.331961 0.000000
v -0.269937 1.657261 -0.237639
v -0.107119 1.658101 -0.240643
v -0.267630 1.761589 -0.218960
v -0.107741 1.758945 -0.219606
v -0.299180 1.523854 -0.203095
v -0.128102 1.536575 -0.217010
v -0.024634 1.858930 0.000000
v -0.021776 1.650764 -0.194687
v -0.021895 1.753008 -0.178029
v -0.053622 1.542339 -0.175904
v -0.083158 1.448264 -0.131529
v 0.019707 1.523971 -0.139945
v 0.099827 1.511914 -0.100715
v 0.234330 1.585271 -0.000166
v -0.082656 1.343346 -0.094934
v 0.245082 1.504473 -0.074802
v -0.071000 1.399250 -0.056757
v -0.401705 1.831180 -0.057164
v -0.421083 1.442123 -0.036249
v 0.054162 1.825380 -0.051614
v 0.065942 1.671236 -0.057393
v -0.444493 1.640392 -0.095012
v 0.063794 1.738456 -0.061545
v -0.426967 1.740316 -0.037687
v -0.444268 1.617099 -0.090980
v 0.106851 1.589880 -0.074656
v -0.369669 1.344571 -0.054843
v -0.188241 1.363288 -0.064752
v -0.105852 1.864321 -0.086712
v -0.266322 1.863662 -0.087094
v -0.024296 1.845125 -0.068920
v 0.174457 1.541003 -0.059676
v -0.490565 1.548041 0.000000
v -0.492380 1.543032 0.000000
v -0.488916 1.549091 -0.028420
v -0.490730 1.544314 -0.027502
v -0.451338 1.660206 -0.035673
v -0.428202 1.662954 -0.162579
v -0.429865 1.541050 -0.153688
v -0.451277 1.544666 -0.024685
v -0.445507 1.655998 -0.090128
v -0.434511 1.657287 -0.168506
v -0.435423 1.601364 -0.180798
v -0.445307 1.604730 -0.085220
v -0.103972 1.683864 -0.247479
v -0.010268 1.674188 -0.265409
v -0.114829 1.542856 -0.230388
v -0.027473 1.546771 -0.247424
v 0.144187 -0.251991 -0.923762
v 0.145738 -0.333081 -0.955874
v 0.124485 -0.302428 -0.930607
v 0.126632 -0.854508 -0.983641
v 0.126632 -0.854508 -0.983641
v 0.126632 -0.854508 -0.983641
v 0.126632 -0.854508 -0.983641
v 0.126632 -0.854508 -0.983641
v 0.126632 -0.854508 -0.983641
v 0.126632 -0.854508 -0.983641
v 0.126632 -0.854508 -0.983641
v 0.126632 -0.854508 -0.983641
v -0.236481 1.204168 -0.451538
v 0.347165 1.240704 -0.484805
v -0.251818 1.188020 0.000788
v 0.435448 1.269449 -0.001264
v 0.145600 1.398926 -0.559207
v -0.063852 1.347832 -0.193597
v 0.336578 1.392788 -0.003750
v 0.108857 1.453147 -0.251903
v -0.098708 1.340233 -0.001895
v 0.259853 1.345379 -0.185718
v 0.268672 1.506239 -0.000000
v 0.160845 1.470397 -0.102890
v 0.073187 1.477587 -0.139619
v -0.053879 1.402367 -0.112348
v -0.248408 1.197078 -0.246839
v 0.384259 1.219042 -0.242259
v 0.293951 1.340882 -0.136507
v -0.083614 1.342819 -0.095037
v -0.070914 1.399668 -0.056469
v -0.235828 1.199912 -0.451538
v 0.289424 -0.234215 -0.524185
v 0.346064 1.250245 -0.484815
v -0.251652 1.186967 0.000558
v 0.417538 -0.257011 -0.000000
v 0.421384 1.201248 0.000574
v -0.292203 0.790021 -0.515197
v 0.314781 0.790351 -0.497656
v 0.318839 0.240116 -0.402212
v 0.526911 0.683866 0.004054
v 0.346292 0.171347 -0.000000
v 0.017851 -0.225004 -0.551294
v 0.143562 1.398756 -0.559207
v -0.023233 0.223611 -0.537500
v 0.051462 0.779989 -0.575779
v -0.339572 0.215904 -0.375214
v -0.254546 -0.307956 -0.472117
v -0.306529 -0.412302 -0.000000
v -0.335627 0.210862 -0.381089
v -0.424091 0.720731 0.002202
v -0.395801 0.180179 -0.000000
v 0.405581 -0.546486 -0.000000
v 0.307094 -0.532090 -0.287994
v -0.259855 -0.536273 -0.245498
v -0.264254 -0.598497 -0.000000
v -0.002588 -0.588617 -0.000000
v 0.012762 -0.682597 -0.126580
v 0.286391 -0.680560 -0.565849
v 0.080095 -0.687111 -0.637060
v -0.170133 -0.726379 -0.457085
v 0.290943 -0.761266 -0.324650
v -0.207377 -0.761431 -0.232535
v 0.049254 -0.803049 -0.209420
v 0.225875 -1.043742 -0.507627
v 0.030212 -1.027580 -0.582902
v -0.168063 -1.038614 -0.486402
v 0.225027 -1.081928 -0.320460
v -0.166558 -1.057819 -0.316595
v 0.036042 -1.076146 -0.234217
v -0.265730 1.076838 -0.544717
v 0.329625 1.059618 -0.536983
v 0.473006 0.945281 0.004631
v -0.070305 1.212474 -0.618768
v 0.145913 1.076763 -0.942411
v 0.415107 1.175827 -0.897012
v 0.521695 1.141713 -0.755953
v 0.404340 0.945714 -0.610785
v 0.145397 0.887089 -0.605980
v 0.008641 0.971371 -0.800159
v 0.215657 0.614885 -1.088745
v 0.444176 0.673202 -1.091321
v 0.602239 0.674480 -0.888115
v 0.491528 0.588996 -0.671783
v 0.226265 0.543486 -0.648038
v 0.130490 0.571754 -0.877115
v 0.326969 0.264206 -1.110417
v 0.593898 0.240626 -1.114152
v 0.680198 0.181798 -0.962609
v 0.588595 0.164992 -0.804508
v 0.380066 0.175066 -0.742431
v 0.269244 0.249884 -0.934783
v 0.293337 0.084992 -1.140963
v 0.492074 0.034000 -1.143366
v 0.580021 -0.028940 -0.985044
v 0.483644 -0.042196 -0.820808
v 0.255537 0.009526 -0.810644
v 0.148277 0.089603 -1.002535
v 0.683465 0.260953 -0.952657
v 0.580571 0.313889 -1.111596
v 0.371290 0.251939 -0.728844
v 0.588209 0.232929 -0.783537
v 0.302865 0.331288 -1.110699
v 0.255222 0.300323 -0.928567
v 0.028230 -1.010034 -0.236686
v -0.173842 -0.989577 -0.308390
v 0.230015 -0.983518 -0.512376
v 0.226964 -1.001629 -0.317882
v 0.035186 -0.998588 -0.584093
v -0.168321 -0.981960 -0.483809
v 0.426767 0.938619 -1.021278
v 0.173181 0.828617 -1.059060
v 0.064792 0.769975 -0.839760
v 0.187522 0.723707 -0.622990
v 0.448472 0.791549 -0.634992
v 0.576893 0.939700 -0.823606
v -0.248415 1.197072 -0.246848
v 0.353456 -0.245476 -0.262092
v 0.383939 1.226300 -0.242319
v 0.332098 0.205600 -0.201106
v 0.411189 0.733531 -0.247735
v -0.280493 -0.360307 -0.236059
v -0.365738 0.195501 -0.190545
v 0.356527 -0.520357 -0.143997
v -0.261776 -0.549086 -0.122749
v 0.005479 -0.590569 -0.091772
v 0.396798 0.996867 -0.267165
v -0.270836 0.982121 -0.541755
v -0.268883 0.884089 -0.538198
v 0.332155 0.973903 -0.523874
v 0.327826 0.883415 -0.510765
v 0.491202 0.858794 0.004621
v 0.509208 0.771590 0.004387
v -0.033358 1.065648 -0.604673
v 0.009731 0.919848 -0.594290
v 0.484316 1.077537 -0.707564
v 0.445468 1.011922 -0.659175
v 0.055500 0.943765 -0.735432
v 0.099817 0.916064 -0.670706
v 0.565529 0.645904 -0.816004
v 0.528558 0.617457 -0.743893
v 0.162032 0.562118 -0.800757
v 0.193624 0.552513 -0.724397
v 0.649499 0.176030 -0.909909
v 0.618912 0.170388 -0.857208
v 0.305731 0.224951 -0.870666
v 0.342994 0.199464 -0.806548
v 0.547794 -0.033331 -0.930299
v 0.515684 -0.037733 -0.875554
v 0.183682 0.062812 -0.938572
v 0.219498 0.036035 -0.874608
v 0.619871 0.242258 -0.839910
v 0.651646 0.251687 -0.896283
v 0.294292 0.284566 -0.861993
v 0.333042 0.268750 -0.795419
v 0.492522 0.841785 -0.697864
v 0.534453 0.890586 -0.760735
v 0.106152 0.754549 -0.767504
v 0.147512 0.739123 -0.695247
v 0.402487 0.909663 -0.260417
v 0.407158 0.821626 -0.253842
v -0.277086 1.153463 -0.483107
v -0.324211 1.112727 -0.508659
v 0.336618 1.184740 -0.502204
v 0.330138 1.120832 -0.519593
v 0.437573 1.115786 0.002738
v 0.454893 1.030655 0.004238
v 0.001087 1.251736 -0.598915
v 0.450484 1.163857 -0.849993
v 0.485952 1.152303 -0.802973
v 0.055102 1.005874 -0.847576
v 0.497076 0.673588 -1.023586
v 0.549763 0.673984 -0.955850
v 0.158563 0.585991 -0.947659
v 0.622574 0.220592 -1.063638
v 0.651360 0.201133 -1.013123
v 0.288168 0.255961 -0.993328
v 0.521059 0.012765 -1.090592
v 0.550444 -0.008199 -1.037818
v 0.196556 0.088199 -1.048678
v 0.270823 0.310328 -0.989277
v 0.649281 0.278678 -1.005637
v 0.615003 0.296277 -1.058617
v 0.527289 0.939884 -0.889497
v 0.477028 0.939251 -0.955387
v 0.100922 0.789523 -0.912860
v 0.387411 1.149198 -0.250460
v 0.391609 1.072827 -0.258730
v 0.288849 0.087431 -1.140963
v 0.486311 0.031825 -1.143366
v 0.571223 -0.034594 -0.985044
v 0.472978 -0.045210 -0.820808
v 0.245604 0.014489 -0.810644
v 0.142949 0.095663 -1.002535
v 0.153769 -0.208609 -1.199153
v 0.329494 -0.286058 -1.235085
v 0.385737 -0.324829 -1.067532
v 0.356678 -0.352010 -0.972640
v 0.165440 -0.282643 -0.949028
v 0.097108 -0.223113 -1.036971
v 0.538475 -0.038132 -0.930299
v 0.177168 0.068605 -0.938572
v 0.211386 0.041547 -0.874608
v 0.376813 -0.328485 -1.008611
v 0.120647 -0.237552 -0.980367
v 0.144187 -0.251991 -0.923762
v 0.514615 0.009686 -1.090592
v 0.542919 -0.012454 -1.037818
v 0.191582 0.092919 -1.048678
v 0.348242 -0.298982 -1.179234
v 0.366990 -0.311905 -1.123383
v 0.115995 -0.218278 -1.091032
v 0.153769 -0.208609 -1.199153
v 0.329494 -0.286058 -1.235085
v 0.385737 -0.324829 -1.067532
v 0.356678 -0.352010 -0.972640
v 0.165440 -0.282643 -0.949028
v 0.097108 -0.223113 -1.036971
v 0.376813 -0.328485 -1.008611
v 0.138618 -0.370429 -0.869419
v 0.120647 -0.237552 -0.980367
v 0.144187 -0.251991 -0.923762
v 0.348242 -0.298982 -1.179234
v 0.366990 -0.311905 -1.123383
v 0.115995 -0.218278 -1.091032
v 0.134066 -0.259047 -1.205999
v 0.306324 -0.361080 -1.197823
v 0.350623 -0.387505 -1.025408
v 0.337817 -0.396484 -1.023611
v 0.145738 -0.333081 -0.955874
v 0.124485 -0.302428 -0.930607
v 0.345640 -0.374020 -1.124722
v 0.365298 -0.380490 -1.088172
v 0.096292 -0.268716 -1.097878
v 0.077405 -0.273551 -1.043817
v 0.357321 -0.377432 -1.050669
v 0.100945 -0.287989 -0.987212
v 0.325982 -0.367550 -1.161273
v -0.099282 -0.651720 -1.006955
v -0.051723 -0.706678 -1.034302
v 0.244278 -0.811181 -1.012261
v 0.342903 -0.700211 -0.939201
v 0.257326 -0.638492 -0.936668
v 0.000755 -0.581398 -0.922128
v -0.046244 -0.590466 -0.962303
v 0.360205 -0.769142 -0.981437
v 0.390300 -0.763041 -0.963415
v -0.122866 -0.624493 -0.993506
v 0.381728 -0.734053 -0.951144
v -0.095264 -0.604577 -0.977953
v 0.327405 -0.784231 -0.996585
v 0.071379 -0.504789 -0.999763
v 0.336427 -0.578138 -0.991380
v 0.303004 -0.665392 -1.176360
v 0.274376 -0.676141 -1.213796
v -0.012655 -0.494909 -0.995241
v 0.331631 -0.654643 -1.138923
v 0.360259 -0.643894 -1.101487
v -0.035980 -0.536573 -1.148206
v -0.057189 -0.517153 -1.113106
v 0.352315 -0.621975 -1.064785
v 0.344371 -0.600057 -1.028082
v 0.006436 -0.575412 -1.218407
v -0.022228 -0.507822 -1.074775
v 0.113656 -0.434332 -0.878093
v 0.357011 -0.514660 -0.963912
v 0.380907 -0.458313 -0.899335
v 0.156236 -0.569491 -0.841512
v -0.006646 -0.735637 -0.909195
v 0.021567 -0.763834 -0.929053
v 0.193571 -0.826488 -0.924200
v 0.249547 -0.771977 -0.871589
v 0.199619 -0.736950 -0.864793
v 0.050026 -0.705680 -0.854756
v 0.021404 -0.706479 -0.878613
v 0.260428 -0.806339 -0.901378
v 0.277627 -0.805028 -0.890645
v -0.020634 -0.721657 -0.899411
v 0.272388 -0.789931 -0.881062
v -0.002906 -0.711751 -0.887776
v 0.241624 -0.813106 -0.911608
v 0.312036 -0.620919 -0.896455
v 0.172217 -0.528580 -0.835959
v 0.327335 -0.584845 -0.855112
v 0.237169 -1.043742 -0.533008
v 0.031723 -1.027580 -0.612047
v -0.176466 -1.038614 -0.510722
v 0.236279 -1.081928 -0.336483
v -0.174886 -1.057819 -0.332425
v 0.037845 -1.076146 -0.245928
v 0.326635 -1.343576 -0.563059
v 0.161265 -1.305010 -0.661250
v -0.078056 -1.302989 -0.547412
v 0.325766 -1.361873 -0.363367
v -0.076148 -1.333994 -0.332217
v 0.134357 -1.364808 -0.254096
v 0.314199 -1.739373 -0.552454
v 0.151383 -1.732039 -0.635899
v -0.024483 -1.741247 -0.586725
v 0.314512 -1.740349 -0.388655
v -0.025037 -1.742632 -0.384737
v 0.145830 -1.738863 -0.318586
v 0.334854 -1.998304 -0.564687
v 0.141301 -2.004276 -0.677077
v -0.031787 -1.997991 -0.700896
v 0.338236 -1.999312 -0.390722
v -0.037636 -2.000760 -0.332995
v 0.136521 -2.004889 -0.335829
v -0.307111 -1.935652 -0.410755
v -0.297902 -1.938510 -0.570866
v -0.343137 -1.991110 -0.416945
v -0.326602 -1.992399 -0.638718
v -0.194797 -1.999437 -0.380263
v -0.186573 -1.999436 -0.691464
v -0.169812 -1.891996 -0.408786
v -0.167044 -1.893785 -0.607957
v 0.312885 0.576374 -0.461030
v 0.457829 0.486679 0.001869
v -0.303049 0.578207 -0.461480
v 0.020656 0.567921 -0.561089
v -0.396858 0.509700 0.001558
v 0.383226 0.531254 -0.230515
v -0.398599 0.252609 -0.164589
v -0.460177 0.747629 -0.245636
v -0.433430 0.540104 -0.214535
v -0.338794 0.954372 0.002479
v -0.393875 1.426038 -0.102377
v -0.396877 1.397677 0.000000
v -0.333908 1.843415 -0.144258
v -0.334120 1.851427 -0.000000
v -0.349070 1.660107 -0.200109
v -0.343270 1.753725 -0.177041
v -0.364522 1.532452 -0.178392
v -0.395376 1.417809 -0.059430
v -0.334014 1.847421 -0.072129
v -0.006428 -0.692160 -0.696356
v 0.048118 0.025402 -0.518387
v 0.170565 -0.692343 -0.626465
v 0.212575 0.016366 -0.480507
v 0.261702 -0.665619 -0.507455
v 0.357201 0.008433 -0.454967
v 0.384747 -0.758721 -0.305297
v 0.462346 -0.032156 -0.264416
v 0.388122 -0.828096 -0.131799
v 0.450999 -0.064281 -0.051248
v 0.388046 -0.958148 0.040832
v 0.451138 -0.061769 0.073046
v 0.446268 -0.139799 0.073652
v 0.446163 -0.141639 -0.059127
v 0.456696 -0.122397 -0.290549
v 0.351318 -0.085198 -0.407358
v 0.206689 -0.077274 -0.525446
v 0.042221 -0.068234 -0.566457
v -0.365530 -0.093742 0.042670
v -0.311558 -0.918624 0.040871
v -0.360644 -0.015931 0.041877
v -0.356224 -0.839816 -0.131799
v -0.360870 -0.019673 -0.051248
v -0.360201 -0.772679 -0.305297
v -0.370496 0.013640 -0.264416
v -0.244167 -0.680170 -0.557531
v -0.260963 0.042435 -0.473228
v -0.183436 -0.691894 -0.626465
v -0.116342 0.034457 -0.480507
v -0.365733 -0.096943 -0.059127
v -0.376199 -0.076551 -0.290549
v -0.266895 -0.051195 -0.407358
v -0.122250 -0.059170 -0.525446
v 0.235502 0.037209 -0.534550
v 0.049729 0.050875 -0.576178
v 0.043826 -0.042761 -0.617923
v 0.398645 0.019782 -0.456309
v 0.512357 -0.029232 -0.284884
v 0.496488 -0.065506 -0.057641
v 0.496960 -0.064273 0.073046
v 0.491536 -0.142676 -0.066460
v 0.506219 -0.118754 -0.297479
v 0.390602 -0.072414 -0.494562
v 0.227442 -0.055607 -0.573924
v -0.406418 -0.013343 0.041877
v -0.411344 -0.091198 0.042670
v 0.492095 -0.142323 0.073652
v -0.406183 -0.015887 -0.057601
v -0.419782 0.022039 -0.284884
v -0.300692 0.058249 -0.456309
v -0.136482 0.057673 -0.534550
v -0.410928 -0.093007 -0.066502
v -0.424931 -0.067516 -0.312256
v -0.304295 -0.034187 -0.494562
v -0.140140 -0.035380 -0.580249
v -0.301928 -0.609158 -0.284105
v -0.315730 0.028035 -0.418604
v -0.321545 -0.063876 -0.348953
v -0.360239 0.040140 -0.395635
v -0.364617 -0.050862 -0.428448
v 0.323321 -0.594882 -0.263764
v 0.409778 -0.011870 -0.418604
v 0.404003 -0.103793 -0.270366
v 0.455502 -0.004730 -0.395635
v 0.448411 -0.095589 -0.428448
v -0.007217 -0.675976 -0.782092
v 0.052569 0.110017 -0.497533
v 0.213366 -0.682687 -0.701884
v 0.212791 0.101352 -0.460477
v 0.333446 -0.667181 -0.557077
v 0.352459 0.091202 -0.427504
v 0.458618 -0.763507 -0.351480
v 0.462157 0.054884 -0.257347
v 0.462151 -0.833609 -0.140936
v 0.453490 0.010498 -0.049404
v 0.462594 -0.963743 0.038476
v 0.454243 0.004465 0.107691
v 0.486667 -0.186244 0.116122
v 0.493803 -0.198559 -0.068123
v 0.462430 -0.194946 -0.338631
v 0.393257 -0.152476 -0.443704
v 0.237981 -0.128558 -0.588689
v 0.040073 -0.112858 -0.641405
v -0.406892 -0.134873 0.089449
v -0.385528 -0.922021 0.052063
v -0.356457 0.050888 0.075161
v -0.431035 -0.842144 -0.131227
v -0.355229 0.054833 -0.049769
v -0.439535 -0.772925 -0.341830
v -0.360936 0.099968 -0.257334
v -0.312994 -0.670950 -0.610353
v -0.246046 0.121640 -0.440127
v -0.225089 -0.675587 -0.701374
v -0.107498 0.118155 -0.457910
v -0.418189 -0.150126 -0.062099
v -0.415495 -0.140463 -0.335040
v -0.316298 -0.109439 -0.449497
v -0.157990 -0.106263 -0.589634
v 0.255349 0.115543 -0.567537
v 0.054494 0.128855 -0.615038
v 0.042974 -0.070844 -0.700529
v 0.432224 0.098873 -0.471726
v 0.572902 0.031512 -0.301045
v 0.552869 -0.016797 -0.064451
v 0.542329 -0.022943 0.115830
v 0.544181 -0.195089 -0.074819
v 0.560964 -0.180596 -0.325457
v 0.431780 -0.114301 -0.559030
v 0.251969 -0.090938 -0.649813
v -0.446621 0.033331 0.084282
v -0.457503 -0.130745 0.086236
v 0.533131 -0.187361 0.116950
v -0.456406 0.039088 -0.064568
v -0.472133 0.090067 -0.300401
v -0.316402 0.143144 -0.468427
v -0.147740 0.139128 -0.563631
v -0.469470 -0.138860 -0.074311
v -0.488220 -0.119639 -0.342088
v -0.349793 -0.070246 -0.559726
v -0.168329 -0.066731 -0.656663
v -0.353128 -0.612324 -0.354692
v -0.290465 0.105247 -0.387187
v -0.361057 -0.125139 -0.396870
v -0.401376 0.114750 -0.414294
v -0.418496 -0.098861 -0.477521
v 0.345766 -0.597367 -0.348043
v 0.397485 0.068322 -0.386256
v 0.427697 -0.158501 -0.334040
v 0.506575 0.063690 -0.413754
v 0.496463 -0.151806 -0.474654
v 0.187916 -0.267370 1.000140
v 0.160198 1.468679 0.096450
v 0.072473 1.477887 0.137960
v -0.055336 1.402415 0.112862
v -0.422588 1.454693 0.078093
v -0.401477 1.823738 0.114329
v -0.070924 1.478075 0.117056
v 0.053667 1.816610 0.103229
v -0.023958 1.831321 0.137840
v -0.435608 1.641528 0.160913
v 0.046068 1.639791 0.123790
v -0.418910 1.745862 0.135122
v 0.054543 1.744944 0.123091
v -0.436390 1.615130 0.154517
v -0.008694 1.523059 0.113170
v -0.177493 1.381172 0.129496
v -0.365161 1.357182 0.109685
v -0.266339 1.863093 0.174188
v -0.106129 1.847653 0.173423
v -0.269937 1.657261 0.237639
v -0.107119 1.658101 0.240643
v -0.267630 1.761589 0.218960
v -0.107741 1.758945 0.219606
v -0.299180 1.523854 0.203095
v -0.128102 1.536575 0.217010
v -0.021776 1.650764 0.194687
v -0.021895 1.753008 0.178029
v -0.053622 1.542339 0.175904
v -0.083158 1.448264 0.131529
v 0.019707 1.523971 0.139945
v 0.099827 1.511914 0.100715
v -0.082656 1.343346 0.094934
v 0.245214 1.505018 0.072389
v -0.071000 1.399250 0.056757
v -0.401705 1.831180 0.057164
v -0.421083 1.442123 0.036249
v 0.054162 1.825380 0.051614
v 0.065942 1.671236 0.057393
v -0.444493 1.640392 0.095012
v 0.063794 1.738456 0.061545
v -0.426967 1.740316 0.037687
v -0.444268 1.617099 0.090980
v 0.106851 1.589880 0.074656
v -0.369669 1.344571 0.054843
v -0.188241 1.363288 0.064752
v -0.105852 1.864321 0.086712
v -0.266322 1.863662 0.087094
v -0.024296 1.845125 0.068920
v 0.174457 1.541003 0.059676
v -0.488916 1.549091 0.028420
v -0.490730 1.544314 0.027502
v -0.451338 1.660206 0.035673
v -0.428202 1.662954 0.162579
v -0.429865 1.541050 0.153688
v -0.451277 1.544666 0.024685
v -0.445507 1.655998 0.090128
v -0.434511 1.657287 0.168506
v -0.435423 1.601364 0.180798
v -0.445307 1.604730 0.085220
v -0.103972 1.683864 0.247479
v -0.010268 1.674188 0.265409
v -0.114829 1.542856 0.230388
v -0.027473 1.546771 0.247424
v 0.166532 -0.237760 0.973764
v 0.168738 -0.317804 1.008369
v 0.147355 -0.288193 0.981993
v 0.155417 -0.838323 1.052004
v 0.155417 -0.838323 1.052004
v 0.155417 -0.838323 1.052004
v 0.155417 -0.838323 1.052004
v 0.155417 -0.838323 1.052004
v 0.155417 -0.838323 1.052004
v 0.155417 -0.838323 1.052004
v 0.155417 -0.838323 1.052004
v 0.155417 -0.838323 1.052004
v -0.235798 1.245760 0.452173
v 0.349311 1.255443 0.482819
v 0.157543 1.427455 0.546197
v -0.056515 1.362749 0.185514
v 0.121106 1.462381 0.236889
v 0.263732 1.347789 0.178615
v 0.170438 1.468860 0.088783
v 0.084213 1.481144 0.125134
v -0.046856 1.408612 0.104335
v -0.248834 1.223687 0.248258
v 0.384700 1.222108 0.242146
v 0.295818 1.343966 0.130055
v -0.078034 1.350844 0.088775
v -0.064409 1.403866 0.048992
v -0.234589 1.237448 0.451590
v 0.289530 -0.234519 0.524184
v 0.348844 1.268309 0.483754
v -0.297018 0.808678 0.523610
v 0.318658 0.813498 0.508654
v 0.318996 0.240386 0.402408
v 0.017854 -0.225004 0.551294
v 0.154892 1.428526 0.546610
v -0.023152 0.223751 0.537587
v 0.052648 0.804592 0.585499
v -0.341234 0.217330 0.377210
v -0.254523 -0.307691 0.472117
v -0.335569 0.210899 0.381089
v 0.305604 -0.534010 0.287994
v -0.261276 -0.534343 0.245498
v 0.009543 -0.682553 0.126580
v 0.282720 -0.683186 0.565849
v 0.076131 -0.687732 0.637060
v -0.174386 -0.724390 0.457085
v 0.286105 -0.763834 0.324650
v -0.211955 -0.759279 0.232535
v 0.043947 -0.803306 0.209419
v 0.218100 -1.045014 0.507627
v 0.022737 -1.027542 0.582902
v -0.175796 -1.037391 0.486401
v 0.217091 -1.083007 0.320460
v -0.174412 -1.056610 0.316595
v 0.028345 -1.076159 0.234217
v -0.269143 1.118861 0.550716
v 0.331463 1.096281 0.547330
v -0.068209 1.257312 0.617773
v 0.142182 1.138673 0.947132
v 0.410432 1.240741 0.906687
v 0.521347 1.202772 0.769939
v 0.410637 0.994049 0.626106
v 0.152910 0.930028 0.616211
v 0.010706 1.026426 0.805058
v 0.218099 0.682973 1.109317
v 0.445345 0.744754 1.117233
v 0.609688 0.743698 0.919083
v 0.507918 0.649416 0.702158
v 0.244797 0.598686 0.671548
v 0.140917 0.631920 0.896455
v 0.340581 0.298369 1.145812
v 0.607481 0.279279 1.154114
v 0.696792 0.217188 1.005788
v 0.607945 0.195426 0.847150
v 0.400618 0.202087 0.781729
v 0.285698 0.278458 0.969909
v 0.309680 0.110626 1.181732
v 0.508905 0.062801 1.187726
v 0.599274 -0.002804 1.032475
v 0.504964 -0.021787 0.867783
v 0.276436 0.026580 0.853553
v 0.166045 0.109485 1.041788
v 0.698753 0.306410 0.994843
v 0.591865 0.363829 1.150157
v 0.392726 0.299192 0.765683
v 0.607462 0.272970 0.825093
v 0.312704 0.389814 1.142888
v 0.270542 0.355637 0.960505
v 0.020720 -1.010029 0.236686
v -0.181248 -0.987954 0.308390
v 0.222632 -0.985097 0.512376
v 0.219458 -1.002783 0.317882
v 0.027720 -0.998552 0.584092
v -0.175661 -0.980361 0.483809
v 0.423551 1.010045 1.038906
v 0.171523 0.895011 1.071816
v 0.071828 0.827279 0.851016
v 0.202481 0.776970 0.639629
v 0.461182 0.851217 0.657778
v 0.579790 1.008571 0.846236
v -0.248800 1.221064 0.248127
v 0.353553 -0.245869 0.262092
v 0.385489 1.230787 0.242750
v 0.332098 0.205600 0.201106
v 0.411890 0.739476 0.254862
v -0.280545 -0.359759 0.236059
v -0.365661 0.195557 0.190545
v 0.355701 -0.521819 0.143997
v -0.262774 -0.547802 0.122749
v 0.003695 -0.590497 0.091772
v 0.396263 1.005777 0.275945
v -0.276457 1.018404 0.550780
v -0.274629 0.911672 0.547841
v 0.336290 1.010987 0.536246
v 0.332655 0.915193 0.523332
v -0.036217 1.107275 0.611494
v 0.007579 0.956472 0.605199
v 0.486305 1.136164 0.722693
v 0.449821 1.065990 0.674661
v 0.059416 0.996198 0.742756
v 0.105097 0.963834 0.680003
v 0.575959 0.712097 0.846771
v 0.541964 0.680743 0.774465
v 0.175174 0.620812 0.821478
v 0.209481 0.609713 0.746503
v 0.666992 0.209537 0.952890
v 0.637315 0.202173 0.900006
v 0.323479 0.252484 0.907153
v 0.362144 0.227172 0.844439
v 0.567725 -0.009147 0.977575
v 0.536303 -0.015448 0.922679
v 0.202453 0.081618 0.979028
v 0.239314 0.053941 0.916282
v 0.637774 0.283945 0.881668
v 0.668230 0.295270 0.938258
v 0.311764 0.337655 0.895604
v 0.352547 0.318869 0.830666
v 0.502175 0.905345 0.720861
v 0.540620 0.956696 0.783572
v 0.115896 0.810748 0.780629
v 0.159965 0.794217 0.710243
v 0.402781 0.918402 0.269355
v 0.407970 0.829315 0.262218
v -0.277763 1.194090 0.485567
v -0.326425 1.156403 0.513085
v 0.337041 1.207309 0.505606
v 0.329784 1.149325 0.526949
v 0.004938 1.292609 0.595744
v 0.447293 1.227161 0.861044
v 0.484160 1.214208 0.815450
v 0.055515 1.063112 0.852236
v 0.500354 0.744282 1.051182
v 0.555131 0.743898 0.985131
v 0.166308 0.648917 0.967402
v 0.637194 0.257796 1.104641
v 0.666965 0.237406 1.055211
v 0.303684 0.285155 1.028540
v 0.538690 0.040503 1.135953
v 0.568877 0.018702 1.084207
v 0.213842 0.109955 1.088438
v 0.284228 0.367207 1.021299
v 0.663271 0.325526 1.046616
v 0.627671 0.344558 1.098384
v 0.528300 1.009889 0.910453
v 0.475925 1.009967 0.974679
v 0.105059 0.849857 0.924616
v 0.387031 1.154564 0.254954
v 0.390317 1.079851 0.266332
v 0.305354 0.109849 1.181627
v 0.503417 0.056681 1.187398
v 0.590475 -0.013554 1.031914
v 0.493801 -0.030362 0.867263
v 0.265850 0.026306 0.853357
v 0.160587 0.112107 1.041791
v 0.173199 -0.185843 1.247762
v 0.349486 -0.260071 1.287534
v 0.407639 -0.303295 1.121732
v 0.379728 -0.333715 1.027480
v 0.187916 -0.267370 1.000140
v 0.118132 -0.205982 1.085633
v 0.558250 -0.019157 0.977030
v 0.195675 0.083507 0.978980
v 0.230762 0.054906 0.916168
v 0.399274 -0.308861 1.062878
v 0.142332 -0.221871 1.029698
v 0.166532 -0.237760 0.973764
v 0.532437 0.033269 1.135570
v 0.561456 0.009858 1.083742
v 0.208843 0.111354 1.088403
v 0.368871 -0.274479 1.232267
v 0.388255 -0.288887 1.176999
v 0.136488 -0.199269 1.139676
v 0.173199 -0.185843 1.247762
v 0.349486 -0.260071 1.287534
v 0.407639 -0.303295 1.121732
v 0.379728 -0.333715 1.027480
v 0.187916 -0.267370 1.000140
v 0.118132 -0.205982 1.085633
v 0.399274 -0.308861 1.062878
v 0.162808 -0.357867 0.923047
v 0.142332 -0.221871 1.029698
v 0.166532 -0.237760 0.973764
v 0.368871 -0.274479 1.232267
v 0.388255 -0.288887 1.176999
v 0.136488 -0.199269 1.139676
v 0.154022 -0.236277 1.255991
v 0.327512 -0.336469 1.252405
v 0.373622 -0.367644 1.081262
v 0.360936 -0.376824 1.079635
v 0.168738 -0.317804 1.008369
v 0.147355 -0.288193 0.981993
v 0.367614 -0.351179 1.180069
v 0.387665 -0.358534 1.143902
v 0.117311 -0.249703 1.147905
v 0.098955 -0.256416 1.093862
v 0.379982 -0.356722 1.106257
v 0.123155 -0.272304 1.037927
v 0.347563 -0.343824 1.216237
v -0.073021 -0.637599 1.067170
v -0.025071 -0.691127 1.096593
v 0.272299 -0.792751 1.080264
v 0.370271 -0.682916 1.004656
v 0.284013 -0.622320 0.999506
v 0.026936 -0.568735 0.981062
v -0.020305 -0.577121 1.021101
v 0.387998 -0.750310 1.049136
v 0.418177 -0.744409 1.031188
v -0.096800 -0.611079 1.052692
v 0.409378 -0.715915 1.017960
v -0.069294 -0.591324 1.036765
v 0.355243 -0.765314 1.064466
v 0.095987 -0.488952 1.056894
v 0.361928 -0.559385 1.052998
v 0.327897 -0.641314 1.240288
v 0.299069 -0.651247 1.277795
v 0.011887 -0.480209 1.051365
v 0.356725 -0.631381 1.202780
v 0.385553 -0.621447 1.165272
v -0.012294 -0.517434 1.205338
v -0.033417 -0.499352 1.169480
v 0.377678 -0.600760 1.127847
v 0.369803 -0.580073 1.090423
v 0.029953 -0.553598 1.277054
v 0.001768 -0.490788 1.131175
v 0.138511 -0.421764 0.933473
v 0.382017 -0.496540 1.023763
v 0.405825 -0.441922 0.957686
v 0.182968 -0.557469 0.901427
v 0.021431 -0.723375 0.972820
v 0.049793 -0.750614 0.993772
v 0.222545 -0.811350 0.992294
v 0.278347 -0.757820 0.938503
v 0.228078 -0.723611 0.930212
v 0.078228 -0.694433 0.917962
v 0.049409 -0.694838 0.941591
v 0.289363 -0.791122 0.969425
v 0.306638 -0.789937 0.958801
v 0.007369 -0.709867 0.962492
v 0.301309 -0.775204 0.948715
v 0.025082 -0.700114 0.950707
v 0.270549 -0.797794 0.979700
v 0.338866 -0.605343 0.959233
v 0.198524 -0.516561 0.894752
v 0.354108 -0.570375 0.916929
v 0.229776 -1.043373 0.533008
v 0.024306 -1.027515 0.612047
v -0.183866 -1.038858 0.510722
v 0.228942 -1.081560 0.336483
v -0.182258 -1.058060 0.332425
v 0.030500 -1.076072 0.245927
v 0.319686 -1.343074 0.563059
v 0.154259 -1.304753 0.661250
v -0.085064 -1.303086 0.547412
v 0.318844 -1.361372 0.363367
v -0.083111 -1.334088 0.332217
v 0.127440 -1.364591 0.254096
v 0.307836 -1.738889 0.552454
v 0.145009 -1.731796 0.635899
v -0.030842 -1.741265 0.586725
v 0.308151 -1.739864 0.388655
v -0.031394 -1.742651 0.384737
v 0.139467 -1.738629 0.318586
v 0.328875 -1.997789 0.564687
v 0.135331 -2.004048 0.677077
v -0.037767 -1.998019 0.700896
v 0.332259 -1.998792 0.390722
v -0.043611 -2.000797 0.332995
v 0.130551 -2.004668 0.335829
v -0.313182 -1.936088 0.410754
v -0.303969 -1.938933 0.570866
v -0.349126 -1.991599 0.416945
v -0.332589 -1.992864 0.638718
v -0.200774 -1.999707 0.380263
v -0.192550 -1.999693 0.691464
v -0.175948 -1.892229 0.408786
v -0.173177 -1.894013 0.607957
v 0.313913 0.584865 0.467377
v -0.305717 0.586121 0.466984
v 0.020444 0.577804 0.567304
v 0.383539 0.534033 0.234096
v -0.398966 0.252859 0.165028
v -0.463601 0.755821 0.250953
v -0.436437 0.543383 0.218172
v -0.393875 1.426038 0.102377
v -0.333908 1.843415 0.144258
v -0.349070 1.660107 0.200109
v -0.343270 1.753725 0.177041
v -0.364522 1.532452 0.178392
v -0.395376 1.417809 0.059430
v -0.334014 1.847421 0.072129
v -0.006487 -0.692156 0.696356
v 0.048432 0.025373 0.518387
v 0.170468 -0.692383 0.626465
v 0.212842 0.016213 0.480507
v 0.261598 -0.665695 0.507455
v 0.357439 0.008191 0.454967
v 0.384586 -0.758858 0.305297
v 0.462526 -0.032428 0.264416
v 0.387939 -0.828231 0.131799
v 0.451137 -0.064510 0.051248
v 0.387830 -0.958274 -0.040832
v 0.451262 -0.061971 -0.073046
v 0.446372 -0.140037 -0.073652
v 0.446265 -0.141874 0.059127
v 0.456818 -0.122659 0.290549
v 0.351481 -0.085422 0.407358
v 0.206883 -0.077422 0.525446
v 0.042463 -0.068259 0.566457
v -0.365457 -0.093625 -0.042670
v -0.310286 -0.919336 -0.040871
v -0.360503 -0.015764 -0.041877
v -0.355416 -0.840411 0.131799
v -0.360698 -0.019467 0.051248
v -0.359669 -0.773135 0.305297
v -0.370200 0.013970 0.264416
v -0.244124 -0.680202 0.557531
v -0.260567 0.042726 0.473228
v -0.183432 -0.691896 0.626465
v -0.115986 0.034584 0.480507
v -0.365629 -0.096773 0.059127
v -0.375938 -0.076152 0.290549
v -0.266379 -0.050678 0.407358
v -0.121924 -0.059006 0.525446
v 0.235785 0.037038 0.534550
v 0.050072 0.050843 0.576178
v 0.044090 -0.042788 0.617923
v 0.398886 0.019516 0.456309
v 0.512539 -0.029535 0.284884
v 0.496627 -0.065761 0.057641
v 0.497084 -0.064499 -0.073046
v 0.491636 -0.142932 0.066460
v 0.506345 -0.119048 0.297479
v 0.390779 -0.072673 0.494562
v 0.227655 -0.055772 0.573924
v -0.406291 -0.013175 -0.041877
v -0.411264 -0.091057 -0.042670
v 0.492180 -0.142541 -0.073652
v -0.406012 -0.015659 0.057601
v -0.419457 0.022437 0.284884
v -0.300259 0.058599 0.456309
v -0.136080 0.057829 0.534550
v -0.410808 -0.092793 0.066502
v -0.424661 -0.067068 0.312256
v -0.303888 -0.033751 0.494562
v -0.139805 -0.035205 0.580249
v -0.301781 -0.609327 0.284105
v -0.315357 0.028377 0.418604
v -0.321182 -0.063420 0.348953
v -0.359843 0.040538 0.395635
v -0.364254 -0.050373 0.428448
v 0.323214 -0.595006 0.263764
v 0.409993 -0.012139 0.418604
v 0.404141 -0.104031 0.270366
v 0.455715 -0.005021 0.395635
v 0.448564 -0.095873 0.428448
v -0.007269 -0.675972 0.782092
v 0.052767 0.110000 0.497533
v 0.213277 -0.682737 0.701884
v 0.212962 0.101273 0.460476
v 0.333343 -0.667277 0.557077
v 0.352622 0.091071 0.427504
v 0.458456 -0.763671 0.351480
v 0.462308 0.054708 0.257347
v 0.461965 -0.833772 0.140936
v 0.453627 0.010320 0.049404
v 0.462375 -0.963896 -0.038476
v 0.454385 0.004277 -0.107691
v 0.486737 -0.186474 -0.116122
v 0.493859 -0.198764 0.068123
v 0.462482 -0.195121 0.338631
v 0.393323 -0.152618 0.443704
v 0.238052 -0.128637 0.588689
v 0.040145 -0.112866 0.641405
v -0.406858 -0.134799 -0.089449
v -0.384143 -0.922966 -0.052063
v -0.356284 0.051055 -0.075161
v -0.430178 -0.842898 0.131227
v -0.355033 0.055020 0.049769
v -0.438894 -0.773590 0.341830
v -0.360593 0.100266 0.257334
v -0.312942 -0.671001 0.610353
v -0.245666 0.121858 0.440127
v -0.225082 -0.675592 0.701374
v -0.107244 0.118224 0.457910
v -0.418170 -0.150082 0.062099
v -0.415459 -0.140382 0.335040
v -0.316234 -0.109345 0.449497
v -0.157919 -0.106208 0.589634
v 0.255521 0.115450 0.567537
v 0.054679 0.128839 0.615038
v 0.043066 -0.070854 0.700528
v 0.432389 0.098712 0.471726
v 0.573042 0.031295 0.301045
v 0.552992 -0.017011 0.064451
v 0.542457 -0.023165 -0.115830
v 0.544237 -0.195310 0.074819
v 0.561022 -0.180810 0.325457
v 0.431860 -0.114457 0.559030
v 0.252055 -0.091024 0.649813
v -0.446490 0.033495 -0.084282
v -0.457463 -0.130651 -0.086236
v 0.533195 -0.187597 -0.116950
v -0.456251 0.039284 0.064568
v -0.471870 0.090369 0.300401
v -0.316041 0.143395 0.468427
v -0.147504 0.139209 0.563631
v -0.469435 -0.138771 0.074311
v -0.488155 -0.119485 0.342088
v -0.349684 -0.070095 0.559726
v -0.168232 -0.066664 0.656663
v -0.352930 -0.612585 0.354692
v -0.289961 0.105598 0.387187
v -0.361001 -0.125036 0.396870
v -0.401050 0.115053 0.414294
v -0.418405 -0.098692 0.477521
v 0.345666 -0.597489 0.348043
v 0.397639 0.068173 0.386256
v 0.427763 -0.158661 0.334040
v 0.506726 0.063499 0.413754
v 0.496531 -0.151990 0.474654
vn -0.9384 0.3057 -0.1611
vn -0.9697 0.2349 -0.0668
vn 0.5644 0.3886 -0.7283
vn -0.2443 0.9682 -0.0541
vn 0.3695 -0.5423 -0.7546
vn 0.9836 0.1240 -0.1312
vn 0.5121 0.4169 -0.7510
vn 0.6925 -0.3806 -0.6129
vn -0.9920 -0.0307 -0.1221
vn 0.6178 0.5091 -0.5993
vn 0.7173 -0.0532 -0.6947
vn -0.9707 0.1662 -0.1734
vn -0.9596 -0.2771 -0.0487
vn 0.9363 -0.3384 -0.0943
vn 0.2943 0.9417 -0.1628
vn -0.6238 -0.1794 -0.7607
vn -0.0313 -0.4792 -0.8772
vn -0.4174 0.1691 -0.8929
vn -0.0191 0.1766 -0.9841
vn -0.3644 -0.1132 -0.9244
vn -0.0612 -0.2376 -0.9694
vn -0.9319 -0.3357 -0.1373
vn 0.0754 -0.9731 -0.2176
vn 0.2582 0.9475 -0.1885
vn -0.1019 0.9770 -0.1875
vn -0.4822 0.3447 -0.8054
vn 0.0041 0.4617 -0.8870
vn 0.4783 0.1822 -0.8591
vn 0.0352 -0.9982 -0.0490
vn 0.4199 0.4131 -0.8081
vn 0.3850 0.2612 -0.8852
vn 0.0870 0.9882 0.1260
vn 0.0470 0.4583 -0.8875
vn 0.4051 0.5080 -0.7601
vn -0.1027 -0.1555 -0.9825
vn 0.1723 -0.9850 -0.0075
vn 0.1768 -0.2772 -0.9444
vn 0.2883 -0.9551 0.0689
vn 0.8700 0.3920 -0.2990
vn 0.4323 0.4588 -0.7763
vn -0.0036 0.9820 -0.1888
vn 0.2637 0.9461 -0.1882
vn 0.0885 -0.9723 -0.2163
vn -0.9218 -0.3734 -0.1038
vn 0.2746 0.9475 -0.1636
vn -0.9432 -0.3288 -0.0480
vn -0.9810 0.1806 0.0712
vn 0.9646 -0.0761 -0.2527
vn -0.8797 0.4744 -0.0335
vn 0.4483 -0.2873 -0.8464
vn 0.9884 0.0517 -0.1431
vn -0.3009 0.9522 -0.0533
vn -0.9410 0.2998 -0.1571
vn -0.9394 0.3404 -0.0405
vn 0.0873 -0.0943 -0.9917
vn 0.0214 -0.9839 -0.1772
vn -0.6264 0.7759 -0.0751
vn 0.9622 -0.0328 -0.2704
vn -0.9847 -0.0650 -0.1616
vn -0.9943 -0.0140 -0.1054
vn -0.9903 0.0020 -0.1389
vn -0.9988 0.0184 -0.0464
vn -0.9920 0.0256 -0.1238
vn -0.9932 -0.0291 -0.1131
vn -0.1859 -0.1041 -0.9770
vn 0.9857 -0.1159 0.1220
vn -0.7061 -0.0158 -0.7080
vn 0.2056 0.2275 0.9518
vn 0.5101 -0.3082 0.8030
vn -0.7027 0.7052 -0.0943
vn 0.6349 0.7180 -0.2851
vn -0.5595 0.8022 -0.2084
vn 0.6065 0.7889 -0.0991
vn -0.5708 0.7458 -0.3436
vn 0.6382 0.7071 -0.3045
vn 0.8148 0.4012 -0.4185
vn 0.7020 0.7109 -0.0439
vn -0.9009 0.4033 -0.1601
vn -0.6158 0.7834 -0.0836
vn -0.6824 -0.7049 0.1934
vn 0.9693 0.1793 -0.1684
vn 0.9605 0.1598 -0.2278
vn 0.8874 -0.3071 -0.3438
vn 0.1006 0.0398 -0.9941
vn 0.3248 -0.1122 -0.9391
vn -0.1747 -0.0428 -0.9837
vn -0.9805 -0.1390 -0.1386
vn -0.9855 -0.1072 0.1318
vn 0.9663 -0.0925 -0.2403
vn -0.5227 -0.3375 0.7829
vn 0.1978 -0.9802 0.0120
vn -0.9930 -0.1150 -0.0275
vn -0.4472 -0.0135 -0.8943
vn -0.9528 -0.2333 -0.1944
vn 0.5392 -0.1699 0.8248
vn -0.1671 -0.5926 0.7880
vn 0.1040 0.1950 -0.9753
vn -0.5630 -0.1428 -0.8140
vn 0.9972 0.0002 -0.0744
vn -0.3774 -0.0100 0.9260
vn 0.9977 -0.0678 0.0093
vn 0.4139 -0.0392 0.9095
vn 0.3502 -0.0983 -0.9315
vn -0.4390 0.0391 -0.8976
vn -0.9942 -0.1018 -0.0357
vn -0.2506 -0.0168 -0.9680
vn 0.9403 0.1979 -0.2768
vn 0.1287 -0.6312 -0.7649
vn -0.9297 0.2243 -0.2923
vn -0.0440 0.1288 -0.9907
vn -0.1704 0.7539 -0.6345
vn -0.9213 -0.2610 -0.2882
vn 0.0857 0.9840 0.1564
vn 0.8180 -0.0932 0.5677
vn 0.2610 -0.2834 0.9228
vn 0.8490 0.0733 -0.5233
vn -0.8905 -0.3153 0.3281
vn 0.8145 0.0118 0.5801
vn 0.7713 0.2147 -0.5991
vn 0.1143 -0.1540 0.9814
vn -0.7570 0.3349 0.5610
vn -0.9023 0.0982 -0.4197
vn -0.0036 -0.0055 -1.0000
vn -0.5012 0.6423 -0.5798
vn -0.8816 -0.2292 0.4126
vn 0.8653 -0.1282 0.4846
vn 0.7997 -0.4333 0.4157
vn 0.7715 -0.3062 -0.5577
vn 0.2696 -0.2105 0.9397
vn 0.0298 0.1625 -0.9863
vn 0.8630 0.0825 0.4984
vn -0.8072 -0.4649 0.3637
vn -0.0287 0.0684 -0.9972
vn 0.7611 0.2661 -0.5916
vn 0.2178 -0.2379 0.9465
vn -0.9807 -0.0856 -0.1760
vn -0.4342 0.0906 -0.8962
vn 0.3520 -0.2060 -0.9130
vn 0.4415 -0.0924 0.8925
vn 0.9768 -0.1966 -0.0842
vn -0.3411 -0.0886 0.9359
vn 0.0798 -0.1323 0.9880
vn 0.7422 0.3716 -0.5577
vn 0.7290 0.0463 0.6830
vn -0.8540 -0.3006 0.4247
vn -0.0475 0.4207 -0.9060
vn -0.9939 0.1099 -0.0046
vn 0.9679 0.0440 -0.2477
vn -0.9695 -0.2201 -0.1082
vn 0.1004 -0.9724 -0.2106
vn 0.0377 -0.9990 0.0246
vn 0.9614 -0.1338 -0.2406
vn -0.9790 -0.1475 -0.1405
vn 0.9358 -0.1563 -0.3161
vn 0.9714 0.0008 -0.2373
vn 0.9743 -0.0851 -0.2086
vn 0.9342 0.0181 -0.3563
vn 0.9570 0.0292 -0.2885
vn -0.8660 -0.2673 0.4225
vn -0.8560 -0.2901 0.4280
vn 0.7863 0.0079 0.6179
vn 0.7648 0.0220 0.6439
vn -0.8025 -0.4925 0.3367
vn -0.8021 -0.4822 0.3523
vn 0.8608 0.0909 0.5008
vn 0.8616 0.0864 0.5001
vn 0.8014 -0.4257 0.4202
vn 0.8002 -0.4295 0.4185
vn 0.8735 -0.0961 0.4772
vn 0.8646 -0.1127 0.4897
vn -0.8797 -0.1783 0.4408
vn -0.8797 -0.1960 0.4333
vn -0.7547 0.3353 0.5639
vn -0.7524 0.3316 0.5691
vn 0.8451 -0.0487 0.5324
vn 0.8378 -0.0169 0.5457
vn -0.9019 -0.2435 0.3568
vn -0.9001 -0.2752 0.3378
vn 0.7341 0.0808 0.6742
vn 0.7630 0.0246 0.6459
vn 0.9063 0.1844 -0.3802
vn 0.9249 0.1918 -0.3283
vn -0.1758 -0.1925 -0.9654
vn -0.1923 -0.0394 -0.9805
vn -0.1245 -0.1666 -0.9781
vn -0.2411 -0.9410 -0.2376
vn 0.9711 0.0908 -0.2206
vn 0.9713 -0.0345 -0.2352
vn -0.8698 -0.1501 -0.4700
vn 0.7470 0.3369 -0.5731
vn 0.7417 0.3547 -0.5692
vn 0.7467 0.3165 -0.5850
vn 0.7545 0.2905 -0.5886
vn -0.8574 -0.3172 -0.4052
vn 0.7774 -0.3054 -0.5499
vn 0.7746 -0.3066 -0.5531
vn -0.9340 -0.2255 -0.2772
vn -0.5239 0.6353 -0.5675
vn -0.5197 0.6525 -0.5515
vn 0.7701 0.2095 -0.6026
vn 0.7707 0.2124 -0.6007
vn 0.8511 0.1721 -0.4959
vn 0.8512 0.1191 -0.5112
vn 0.4258 0.9002 -0.0912
vn 0.2719 0.9618 0.0313
vn -0.7693 0.2037 -0.6056
vn -0.9103 -0.1262 -0.3942
vn -0.8577 -0.1946 -0.4759
vn -0.8918 -0.3218 -0.3182
vn -0.4450 0.1601 -0.8811
vn 0.9525 0.2010 -0.2289
vn 0.9607 0.1919 -0.2004
vn -0.0444 -0.4295 0.9020
vn 0.8427 -0.3886 -0.3728
vn -0.0949 0.2335 -0.9677
vn -0.9071 0.1121 0.4058
vn 0.7198 -0.5719 0.3936
vn 0.3082 -0.4687 0.8278
vn -0.9016 0.1377 0.4101
vn -0.9352 0.1682 -0.3117
vn 0.8717 -0.3240 -0.3676
vn 0.8579 -0.3561 -0.3704
vn -0.6146 0.4126 -0.6723
vn 0.8767 -0.4345 0.2065
vn -0.8826 0.3820 -0.2742
vn 0.9422 -0.0160 -0.3347
vn -0.1205 0.1796 -0.9763
vn 0.3054 0.5868 0.7499
vn 0.8228 -0.5216 0.2258
vn -0.8598 0.2777 0.4284
vn -0.4132 -0.3569 -0.8378
vn 0.8859 -0.4075 0.2217
vn 0.8164 -0.4387 -0.3756
vn 0.8261 -0.2733 -0.4927
vn 0.9208 -0.3900 -0.0004
vn 0.8500 -0.3733 -0.3717
vn 0.1309 0.5662 0.8138
vn -0.9322 0.3538 0.0761
vn 0.6816 -0.6509 -0.3343
vn 0.1169 0.6517 0.7494
vn 0.7517 -0.4986 -0.4316
vn 0.7692 -0.4424 -0.4612
vn -0.7045 -0.2904 -0.6475
vn 0.9616 0.2731 0.0265
vn 0.6647 0.6107 0.4303
vn -0.2685 -0.7422 -0.6140
vn -0.5642 0.7566 0.3304
vn 0.9829 0.1140 0.1447
vn -0.7289 -0.3331 -0.5982
vn -0.9357 0.3482 0.0561
vn -0.7952 0.4196 0.4377
vn -0.8473 0.4662 -0.2543
vn 0.1505 -0.0169 0.9885
vn -0.8495 0.3043 0.4309
vn 0.0570 0.0162 -0.9982
vn 0.9725 -0.0332 0.2303
vn 0.9730 -0.0302 0.2286
vn -0.8193 0.5209 -0.2397
vn 0.7956 -0.0091 -0.6058
vn 0.7983 -0.0311 -0.6015
vn 0.0218 -0.2564 0.9663
vn 0.8003 -0.0509 -0.5974
vn 0.0172 0.1745 0.9845
vn -0.0149 -0.7507 0.6605
vn 0.2056 0.2442 0.9477
vn -0.4267 -0.4621 -0.7775
vn -0.7258 -0.6799 0.1041
vn 0.4496 0.2093 0.8684
vn -0.3001 -0.9102 -0.2853
vn -0.5987 0.1466 0.7874
vn 0.3147 0.4011 0.8603
vn -0.3970 0.3734 0.8385
vn 0.1644 0.5169 0.8401
vn 0.2710 -0.9625 -0.0113
vn -0.6348 0.1583 0.7563
vn 0.3317 -0.9433 0.0143
vn 0.1977 -0.9597 -0.1995
vn -0.7295 -0.6777 0.0927
vn 0.5781 -0.1671 0.7987
vn -0.4976 0.0771 0.8640
vn -0.1796 -0.5639 0.8061
vn 0.3618 0.3240 -0.8742
vn -0.4357 -0.0374 -0.8993
vn -0.9409 -0.3364 -0.0401
vn 0.9582 0.2800 0.0587
vn 0.4935 0.0746 0.8665
vn -0.4292 0.0285 -0.9028
vn -0.9924 -0.1230 -0.0089
vn 0.4987 -0.0629 -0.8645
vn 0.9995 -0.0314 0.0015
vn 0.3820 -0.0729 0.9213
vn -0.3630 -0.1474 0.9200
vn -0.3642 -0.1634 0.9169
vn 0.9966 0.0804 -0.0189
vn -0.3597 -0.0478 0.9318
vn 0.2621 0.0163 0.9649
vn 0.1392 0.3991 -0.9063
vn -0.0507 -0.9987 -0.0013
vn 0.4964 0.1118 -0.8609
vn -0.8342 0.5484 -0.0578
vn -0.2374 0.0459 0.9703
vn -0.3024 0.9526 -0.0344
vn -0.4022 0.6123 -0.6806
vn -0.0237 -0.9997 -0.0021
vn 0.0316 -0.9995 -0.0014
vn -0.2934 0.3954 -0.8704
vn -0.7183 0.6958 0.0028
vn -0.2719 0.3055 0.9126
vn 0.0093 -1.0000 0.0002
vn 0.9823 -0.1626 -0.0927
vn -0.9838 -0.0925 0.1535
vn -0.2948 -0.0279 -0.9552
vn 0.3701 -0.1104 -0.9224
vn 0.9359 -0.3303 -0.1223
vn -0.8826 -0.0228 -0.4695
vn -0.8384 -0.0933 -0.5371
vn 0.9643 -0.2034 -0.1696
vn 0.5928 0.7280 -0.3443
vn -0.2821 0.9594 -0.0062
vn -0.7521 -0.6382 -0.1647
vn -0.4840 0.3252 -0.8124
vn -0.8328 -0.5427 -0.1093
vn -0.3602 -0.0630 -0.9308
vn -0.4086 0.2422 -0.8800
vn -0.7938 -0.4371 -0.4229
vn -0.2346 0.9721 -0.0063
vn -0.0546 -0.9983 0.0202
vn -0.0470 0.9912 0.1241
vn 0.1396 0.9242 0.3556
vn 0.1245 0.9885 0.0863
vn -0.0698 -0.9257 -0.3717
vn 0.0115 -0.9346 -0.3556
vn 0.0364 0.9958 0.0845
vn -0.0564 -0.9976 0.0402
vn -0.0567 -0.9857 -0.1585
vn -0.0478 -0.9873 -0.1513
vn 0.0550 0.9984 -0.0139
vn 0.2291 -0.1750 0.9575
vn 0.6188 -0.1612 0.7688
vn 0.7141 0.1079 0.6917
vn 0.9997 0.0145 -0.0173
vn 0.9728 0.0641 -0.2224
vn -0.9964 0.0843 -0.0004
vn -0.9929 0.1131 -0.0358
vn 0.3438 -0.0439 0.9380
vn -0.7868 -0.0548 0.6148
vn -0.3625 -0.1628 0.9176
vn -0.2405 -0.3825 0.8921
vn -0.4410 -0.3178 0.8394
vn -0.9171 -0.0701 0.3924
vn -0.9954 0.0763 -0.0573
vn -0.9980 0.0636 0.0038
vn 0.9980 -0.0631 0.0040
vn 0.9962 -0.0534 -0.0685
vn 0.7266 -0.2637 0.6344
vn 0.3996 -0.3638 0.8414
vn 0.1807 -0.4393 0.8800
vn -0.0612 -0.9866 -0.1514
vn 0.1556 0.9800 0.1244
vn -0.0006 -0.0102 -0.9999
vn -0.0469 0.9193 0.3908
vn 0.0603 0.9623 0.2652
vn 0.2532 -0.9442 -0.2106
vn -0.0004 -0.0077 -1.0000
vn 0.0289 -0.9367 -0.3490
vn -0.1316 -0.9277 -0.3495
vn 0.0728 0.9938 0.0843
vn -0.5033 -0.5652 -0.6536
vn 0.0554 0.9980 -0.0315
vn -0.3567 -0.9099 -0.2116
vn -0.0355 0.9830 0.1802
vn 0.8778 -0.1854 0.4416
vn -0.2747 -0.0267 0.9612
vn 0.1777 -0.7273 -0.6630
vn -0.7710 -0.1855 0.6092
vn -0.9706 0.1132 0.2126
vn 0.3810 0.9116 0.1543
vn 0.2714 0.9612 0.0486
vn 0.1127 -0.9539 -0.2781
vn -0.1357 -0.8045 -0.5783
vn -0.0091 -0.9986 -0.0520
vn 0.1780 0.9447 0.2754
vn 0.0374 0.9886 0.1459
vn 0.0615 -0.9967 -0.0535
vn -0.1882 0.9817 0.0291
vn 0.0444 0.9794 0.1972
vn 0.2821 0.9350 0.2148
vn -0.0251 -0.9975 0.0657
vn -0.3386 0.2195 -0.9150
vn -0.6967 0.2163 -0.6839
vn -0.9856 0.0412 -0.1642
vn -0.9989 0.0141 0.0449
vn -0.9735 -0.0371 0.2255
vn 0.9993 -0.0286 -0.0232
vn 0.9984 -0.0461 -0.0321
vn 0.0028 0.0226 -0.9997
vn 0.7610 0.0972 -0.6414
vn 0.3402 0.2009 -0.9187
vn 0.2525 0.3684 -0.8947
vn 0.4597 0.3222 -0.8276
vn 0.9175 -0.0059 -0.3978
vn 0.9966 -0.0523 0.0637
vn 0.9969 -0.0520 0.0595
vn -0.9951 0.0692 0.0707
vn -0.9948 0.0690 0.0746
vn -0.7846 0.2330 -0.5746
vn -0.4366 0.4064 -0.8026
vn -0.1793 0.3959 -0.9006
vn -0.1807 0.9600 0.2137
vn -0.2330 -0.8530 -0.4671
vn -0.0621 0.0160 0.9979
vn 0.0683 -0.8565 -0.5115
vn -0.0470 -0.9591 -0.2791
vn 0.0607 0.9955 0.0733
vn -0.0827 0.0300 0.9961
vn 0.0279 0.9869 0.1587
vn 0.0898 0.9829 0.1608
vn -0.2704 -0.9614 -0.0501
vn -0.0277 0.9025 0.4298
vn -0.2291 -0.9711 0.0662
vn -0.1370 0.9823 0.1278
vn -0.0062 -0.9428 -0.3333
vn -0.8837 0.1966 -0.4248
vn -0.1787 0.0174 -0.9838
vn 0.1209 0.9182 0.3773
vn 0.8132 0.1226 -0.5689
vn 0.9936 -0.1107 -0.0216
vn 0.1729 -0.9505 -0.2582
vn -0.5152 -0.3336 -0.7895
vn 0.7664 -0.0416 0.6411
vn -0.0701 -0.9803 -0.1844
vn 0.0402 -0.9937 -0.1044
vn -0.7120 0.0225 0.7019
vn 0.7959 -0.2100 -0.5679
vn -0.9246 -0.1416 0.3535
vn -0.2624 -0.9487 0.1764
vn 0.1514 -0.0428 0.9875
vn 0.4442 -0.8842 0.1444
vn -0.1140 -0.9232 -0.3669
vn 0.0254 -0.9141 -0.4047
vn 0.0859 -0.9841 0.1552
vn -0.1726 -0.9780 -0.1169
vn -0.0787 -0.7962 -0.5999
vn 0.1476 -0.9378 -0.3142
vn -0.0593 -0.4421 0.8950
vn -0.2123 0.9708 0.1117
vn -0.0476 0.9987 0.0164
vn 0.0769 0.9970 0.0040
vn 0.3973 0.9005 0.1768
vn -0.0329 -0.9994 -0.0051
vn -0.0848 -0.9963 -0.0131
vn -0.8683 -0.4643 -0.1743
vn 0.8857 0.4304 0.1743
vn -0.9384 0.3057 0.1611
vn -0.9648 0.2602 0.0377
vn 0.5644 0.3886 0.7283
vn -0.2443 0.9682 0.0541
vn 0.3695 -0.5423 0.7546
vn 0.9836 0.1240 0.1312
vn 0.5121 0.4169 0.7510
vn 0.6617 -0.3124 0.6816
vn -0.9920 -0.0307 0.1221
vn 0.9891 0.0226 0.1456
vn 0.5877 0.1308 0.7985
vn -0.9553 0.2890 0.0625
vn -0.9596 -0.2771 0.0487
vn 0.9363 -0.3384 0.0943
vn 0.2784 0.9420 0.1873
vn -0.3654 -0.4722 0.8022
vn -0.0313 -0.4792 0.8772
vn -0.4897 0.2371 0.8391
vn -0.0191 0.1766 0.9841
vn -0.3644 -0.1132 0.9244
vn -0.0612 -0.2376 0.9694
vn -0.9319 -0.3357 0.1373
vn 0.0858 -0.9644 0.2502
vn 0.2629 0.9473 0.1829
vn -0.0041 1.0000 0.0065
vn -0.4822 0.3447 0.8054
vn 0.0432 0.4027 0.9143
vn 0.4783 0.1822 0.8591
vn 0.2062 -0.9484 0.2407
vn 0.4199 0.4131 0.8081
vn 0.3850 0.2612 0.8852
vn 0.0870 0.9882 -0.1260
vn 0.0642 0.4422 0.8946
vn 0.4126 0.5010 0.7608
vn 0.1421 -0.2981 0.9439
vn 0.2998 -0.9312 0.2075
vn 0.1768 -0.2772 0.9444
vn 0.4191 -0.8909 0.1750
vn 0.8762 0.3831 0.2923
vn 0.4357 0.4580 0.7748
vn 0.0960 0.9954 0.0065
vn 0.2672 0.9462 0.1827
vn 0.0968 -0.9634 0.2501
vn -0.9218 -0.3734 0.1038
vn 0.2632 0.9462 0.1882
vn -0.9432 -0.3288 0.0480
vn -0.9810 0.1806 -0.0712
vn 0.9646 -0.0761 0.2527
vn -0.8982 0.3232 -0.2979
vn 0.4483 -0.2873 0.8464
vn 0.9884 0.0517 0.1431
vn -0.3009 0.9522 0.0533
vn -0.9410 0.2998 0.1571
vn -0.9394 0.3404 0.0405
vn 0.0873 -0.0943 0.9917
vn 0.0214 -0.9839 0.1772
vn -0.6264 0.7759 0.0751
vn 0.5935 0.1635 0.7881
vn -0.9861 -0.1346 0.0972
vn -0.9943 -0.0140 0.1054
vn -0.9907 -0.0225 0.1339
vn -0.9988 0.0184 0.0464
vn -0.9920 0.0256 0.1238
vn -0.9932 -0.0291 0.1131
vn -0.1859 -0.1041 0.9770
vn 0.9215 -0.2146 -0.3236
vn -0.7061 -0.0158 0.7080
vn -0.0807 0.9500 -0.3015
vn 0.5206 -0.3267 -0.7888
vn -0.6527 0.7509 -0.1004
vn 0.6401 0.7181 0.2731
vn -0.4367 0.8942 0.0987
vn 0.6736 0.7383 0.0346
vn -0.5316 0.7890 0.3080
vn 0.6667 0.7012 0.2527
vn 0.8285 0.4874 0.2757
vn 0.7181 0.6959 0.0092
vn -0.8866 0.4399 0.1431
vn -0.5956 0.8018 -0.0487
vn -0.9663 -0.2121 0.1456
vn 0.9890 0.0426 0.1414
vn 0.9966 0.0556 0.0609
vn 0.8818 -0.1663 0.4413
vn 0.1006 0.0396 0.9941
vn 0.3226 -0.1211 0.9388
vn -0.2917 -0.2251 0.9296
vn -0.9805 -0.1389 0.1387
vn -0.9792 -0.1259 -0.1593
vn 0.9661 -0.0951 0.2399
vn -0.1448 -0.9834 0.1096
vn 0.1937 -0.9809 -0.0157
vn -0.9861 -0.1018 0.1312
vn -0.3099 0.1172 0.9435
vn -0.9564 -0.1919 0.2204
vn 0.5381 -0.1771 -0.8241
vn -0.4199 -0.0398 -0.9067
vn 0.1041 0.1939 0.9755
vn -0.3141 0.1346 0.9398
vn 0.9969 -0.0079 0.0779
vn -0.3451 -0.1452 -0.9273
vn 0.9972 -0.0747 -0.0095
vn 0.3746 0.0777 -0.9239
vn 0.3497 -0.1003 0.9315
vn -0.4391 0.0386 0.8976
vn -0.9949 -0.0948 0.0358
vn -0.2515 0.0189 0.9677
vn 0.9639 0.0522 0.2610
vn 0.2645 -0.4235 0.8664
vn -0.5992 0.5164 0.6118
vn -0.0039 0.2829 0.9592
vn 0.6284 0.7768 -0.0409
vn -0.9257 -0.2682 0.2667
vn 0.7905 -0.1977 -0.5797
vn 0.8057 -0.0255 -0.5918
vn 0.2484 -0.1382 -0.9587
vn 0.8365 0.0878 0.5409
vn -0.8194 -0.3879 -0.4219
vn 0.8324 0.0152 -0.5540
vn 0.7577 0.2512 0.6024
vn 0.1118 -0.1494 -0.9824
vn -0.7599 0.2945 -0.5794
vn -0.9177 0.0877 0.3874
vn -0.0237 0.0247 0.9994
vn -0.4753 0.7115 0.5175
vn -0.8495 -0.2250 -0.4772
vn 0.8845 -0.1225 -0.4501
vn 0.8150 -0.4199 -0.3993
vn 0.7716 -0.2697 0.5760
vn 0.2867 -0.2244 -0.9314
vn -0.0191 0.1619 0.9866
vn 0.8865 0.0859 -0.4547
vn -0.8306 -0.4618 -0.3111
vn -0.0603 0.0943 0.9937
vn 0.7403 0.2811 0.6107
vn 0.1554 -0.2256 -0.9618
vn -0.9817 -0.0736 0.1757
vn -0.5780 -0.0488 0.8145
vn 0.3218 -0.2269 0.9192
vn 0.4406 -0.0976 -0.8924
vn 0.9744 -0.2087 0.0835
vn -0.1409 -0.3287 -0.9339
vn 0.0699 -0.1287 -0.9892
vn 0.7504 0.4248 0.5064
vn 0.7408 0.0487 -0.6700
vn -0.8122 -0.3559 -0.4623
vn -0.0572 0.4940 0.8676
vn -0.9792 0.1580 0.1276
vn 0.9743 0.0260 0.2239
vn -0.9725 -0.1806 0.1472
vn 0.1006 -0.9743 0.2017
vn 0.0377 -0.9990 -0.0230
vn 0.9607 -0.1382 0.2407
vn -0.9790 -0.1475 0.1406
vn 0.9270 -0.0852 0.3654
vn 0.9714 0.0006 0.2373
vn 0.9700 -0.1101 0.2166
vn 0.9292 -0.1749 0.3255
vn 0.9617 -0.0722 0.2646
vn -0.8295 -0.3464 -0.4381
vn -0.8348 -0.3423 -0.4312
vn 0.7999 0.0049 -0.6002
vn 0.7793 0.0234 -0.6262
vn -0.8139 -0.4905 -0.3113
vn -0.8236 -0.4774 -0.3062
vn 0.8840 0.1010 -0.4565
vn 0.8855 0.0907 -0.4557
vn 0.8183 -0.4114 -0.4015
vn 0.8166 -0.4159 -0.4003
vn 0.8837 -0.0761 -0.4617
vn 0.8843 -0.1069 -0.4545
vn -0.8605 -0.1626 -0.4828
vn -0.8555 -0.1833 -0.4842
vn -0.7565 0.2967 -0.5828
vn -0.7562 0.2937 -0.5847
vn 0.8623 -0.0415 -0.5047
vn 0.8561 -0.0098 -0.5168
vn -0.8457 -0.3120 -0.4330
vn -0.8282 -0.3522 -0.4358
vn 0.7287 0.1286 -0.6727
vn 0.7604 0.0584 -0.6469
vn 0.9316 0.0109 0.3633
vn 0.9501 0.0305 0.3105
vn -0.1733 -0.1897 0.9664
vn -0.1945 -0.0303 0.9804
vn -0.1032 -0.1580 0.9820
vn -0.8725 -0.2704 0.4069
vn 0.9744 0.1069 0.1978
vn 0.9714 -0.0351 0.2350
vn -0.7443 0.0530 0.6657
vn 0.7733 0.3710 0.5142
vn 0.7649 0.4000 0.5049
vn 0.7262 0.3314 0.6024
vn 0.7338 0.3054 0.6068
vn -0.8663 -0.3170 0.3860
vn 0.7728 -0.2622 0.5780
vn 0.7727 -0.2673 0.5757
vn -0.9565 -0.1579 0.2454
vn -0.8420 0.5005 0.2011
vn -0.8135 0.3445 0.4686
vn 0.7514 0.2454 0.6125
vn 0.7510 0.2476 0.6121
vn 0.8391 0.1790 0.5137
vn 0.8387 0.1302 0.5289
vn 0.9224 -0.2755 -0.2707
vn 0.8745 -0.2602 -0.4094
vn -0.1454 0.7229 0.6755
vn -0.9195 -0.1368 0.3684
vn -0.8681 -0.2015 0.4537
vn -0.9296 -0.1927 0.3142
vn -0.4368 0.2103 0.8746
vn 0.9699 0.1063 0.2190
vn 0.9801 0.0713 0.1854
vn -0.0533 -0.4351 -0.8988
vn 0.7646 -0.3068 0.5667
vn 0.0473 0.2801 0.9588
vn -0.8631 0.0459 -0.5030
vn 0.7297 -0.5751 -0.3698
vn -0.8527 0.0857 -0.5154
vn -0.8582 0.0653 -0.5092
vn -0.6668 0.2700 0.6946
vn 0.7936 -0.2471 0.5560
vn 0.7797 -0.2768 0.5616
vn -0.9234 0.2615 0.2811
vn 0.8834 -0.4303 -0.1857
vn -0.8893 0.3797 0.2549
vn 0.9394 0.0054 0.3429
vn -0.1311 0.2080 0.9693
vn 0.3052 0.5671 -0.7651
vn 0.8307 -0.5186 -0.2027
vn -0.8592 0.2543 -0.4440
vn -0.4164 -0.3359 0.8448
vn 0.8947 -0.4383 -0.0857
vn 0.8181 -0.4173 0.3957
vn 0.9120 -0.1823 0.3674
vn 0.9252 -0.3789 0.0202
vn 0.8510 -0.3517 0.3901
vn 0.1315 0.5424 -0.8297
vn -0.9355 0.3403 -0.0948
vn 0.6861 -0.6322 0.3599
vn 0.1160 0.6297 -0.7681
vn 0.7536 -0.4762 0.4531
vn 0.7702 -0.4189 0.4810
vn -0.8780 -0.0956 0.4690
vn 0.9541 0.2974 -0.0364
vn 0.9827 0.1211 -0.1399
vn -0.2652 -0.7262 0.6343
vn -0.5700 0.7394 -0.3583
vn -0.8850 -0.1986 0.4212
vn -0.9392 0.3353 -0.0746
vn -0.7961 0.3965 -0.4571
vn -0.8548 0.4637 0.2327
vn 0.1594 -0.0454 -0.9862
vn -0.8492 0.2809 -0.4472
vn 0.0480 0.0475 0.9977
vn 0.9716 -0.0276 -0.2352
vn 0.9792 -0.0270 -0.2012
vn -0.8273 0.5182 0.2166
vn 0.8769 0.0319 0.4796
vn 0.8750 0.0052 0.4840
vn 0.3003 -0.5043 -0.8096
vn 0.8729 -0.0183 0.4876
vn 0.2277 -0.3540 -0.9071
vn 0.0745 -0.1881 -0.9793
vn 0.2110 0.2174 -0.9530
vn -0.4281 -0.4430 0.7877
vn -0.7170 -0.6913 -0.0893
vn 0.4547 0.1879 -0.8706
vn -0.2921 -0.9045 0.3107
vn -0.5693 0.1395 -0.8102
vn 0.3176 0.3782 -0.8695
vn -0.3761 0.3518 -0.8572
vn 0.1644 0.4953 -0.8530
vn 0.3210 -0.9462 0.0419
vn -0.6541 0.1173 -0.7472
vn 0.4039 -0.9142 -0.0317
vn 0.2811 -0.9459 0.1617
vn -0.7207 -0.6888 -0.0780
vn 0.5870 -0.1847 -0.7883
vn -0.4908 0.0447 -0.8701
vn -0.1620 -0.6014 -0.7823
vn 0.3613 0.3245 0.8742
vn -0.4357 -0.0380 0.8993
vn -0.9376 -0.3466 0.0289
vn 0.9578 0.2814 -0.0587
vn 0.4151 0.1139 -0.9026
vn -0.4292 0.0279 0.9028
vn -0.9922 -0.1244 0.0089
vn 0.4988 -0.0621 0.8645
vn 0.9996 -0.0299 -0.0015
vn 0.4931 -0.1324 -0.8598
vn -0.3830 -0.1369 -0.9136
vn -0.3523 -0.1700 -0.9203
vn 0.9957 0.0927 0.0014
vn -0.3596 -0.0483 -0.9318
vn 0.3821 -0.0725 -0.9213
vn -0.2738 0.1533 0.9495
vn -0.0492 -0.9988 0.0013
vn 0.4574 0.0790 0.8858
vn -0.8350 0.5471 0.0578
vn -0.1023 0.2772 -0.9554
vn -0.3281 0.9446 0.0130
vn -0.4031 0.6117 0.6806
vn -0.0337 -0.9994 0.0081
vn 0.0331 -0.9995 0.0014
vn -0.2940 0.3950 0.8704
vn -0.7193 0.6947 -0.0028
vn -0.3584 0.1998 -0.9119
vn -0.0046 -1.0000 0.0076
vn 0.9549 -0.0414 0.2940
vn -0.9998 -0.0031 -0.0178
vn -0.4407 -0.1720 0.8810
vn 0.3698 -0.1228 0.9209
vn 0.9260 -0.1784 0.3326
vn -0.9582 -0.1662 0.2329
vn -0.8568 -0.1839 0.4817
vn 0.9665 -0.1948 0.1670
vn 0.1060 0.3646 0.9251
vn -0.2821 0.9594 0.0062
vn -0.7585 -0.6346 0.1481
vn -0.4840 0.3252 0.8124
vn -0.7683 -0.6000 0.2227
vn -0.3602 -0.0630 0.9308
vn -0.4842 0.3235 0.8130
vn -0.7938 -0.4371 0.4229
vn -0.2346 0.9721 0.0063
vn -0.0261 -0.9996 -0.0097
vn -0.0464 0.9912 -0.1240
vn 0.1274 0.8873 -0.4432
vn 0.1251 0.9884 -0.0862
vn -0.4278 -0.1142 0.8966
vn 0.0109 -0.9346 0.3555
vn 0.0369 0.9958 -0.0844
vn -0.0564 -0.9976 -0.0398
vn -0.0459 -0.9849 0.1667
vn -0.0075 -0.9874 0.1579
vn 0.0546 0.9984 0.0139
vn 0.3583 -0.2172 -0.9080
vn 0.7237 -0.1768 -0.6671
vn 0.9775 -0.0156 -0.2102
vn 0.9997 0.0155 0.0185
vn 0.9723 0.0655 0.2242
vn -0.9963 0.0692 -0.0515
vn -0.9956 0.0792 -0.0509
vn 0.4257 -0.0692 -0.9022
vn -0.7869 -0.0544 -0.6147
vn -0.3626 -0.1626 -0.9176
vn -0.2409 -0.3823 -0.8921
vn -0.4412 -0.3174 -0.8394
vn -0.9172 -0.0695 -0.3923
vn -0.9959 0.0708 0.0561
vn -0.9979 0.0641 -0.0037
vn 0.9980 -0.0627 -0.0052
vn 0.9974 -0.0395 0.0604
vn 0.7429 -0.2809 -0.6077
vn 0.4185 -0.4139 -0.8084
vn 0.1667 -0.4104 -0.8965
vn -0.0616 -0.9865 0.1520
vn 0.1856 0.9220 -0.3398
vn -0.0006 -0.0101 0.9999
vn -0.0462 0.9193 -0.3907
vn 0.0190 0.9882 -0.1519
vn 0.2527 -0.9444 0.2104
vn -0.0004 -0.0077 1.0000
vn 0.0222 -0.9151 0.4027
vn -0.1325 -0.9275 0.3496
vn 0.1413 0.9854 -0.0952
vn -0.4945 -0.5708 0.6555
vn 0.0903 0.9958 0.0155
vn -0.0829 -0.9754 0.2040
vn -0.0417 0.9773 -0.2076
vn 0.8811 -0.1978 -0.4296
vn -0.2760 -0.0268 -0.9608
vn 0.1773 -0.7274 0.6629
vn -0.7712 -0.1849 -0.6091
vn -0.9705 0.1137 -0.2124
vn -0.0444 0.9802 -0.1931
vn 0.2943 0.9551 -0.0353
vn 0.1124 -0.9540 0.2781
vn -0.1555 -0.8611 0.4841
vn -0.0095 -0.9986 0.0520
vn 0.0485 0.9831 -0.1767
vn 0.0378 0.9886 -0.1459
vn 0.1476 -0.9886 0.0304
vn -0.1881 0.9817 -0.0293
vn 0.0522 0.9818 -0.1827
vn 0.2888 0.9338 -0.2114
vn -0.0253 -0.9975 -0.0656
vn -0.3387 0.2195 0.9149
vn -0.6509 0.2055 0.7308
vn -0.7496 -0.0694 0.6583
vn -0.9989 0.0128 -0.0455
vn -0.9730 -0.0388 -0.2274
vn 0.9976 -0.0549 -0.0422
vn 0.9933 -0.0044 0.1153
vn -0.0821 0.0471 0.9955
vn 0.7611 0.0970 0.6414
vn 0.3402 0.2009 0.9186
vn 0.2527 0.3683 0.8947
vn 0.4598 0.3220 0.8276
vn 0.8696 0.0957 0.4843
vn 0.9954 -0.0646 -0.0712
vn 0.9969 -0.0524 -0.0595
vn -0.9954 0.0673 -0.0679
vn -0.9948 0.0696 -0.0746
vn -0.7845 0.2336 0.5745
vn -0.4407 0.4108 0.7982
vn -0.2033 0.4201 0.8844
vn -0.1805 0.9600 -0.2141
vn -0.2185 -0.9384 0.2678
vn 0.0905 0.0518 -0.9945
vn 0.0680 -0.8566 0.5115
vn -0.0472 -0.9590 0.2796
vn 0.0611 0.9954 -0.0733
vn -0.0827 0.0300 -0.9961
vn 0.0216 0.9900 -0.1397
vn 0.0903 0.9829 -0.1607
vn -0.2070 -0.9777 0.0368
vn 0.1249 0.9143 -0.3853
vn -0.0879 -0.9904 -0.1064
vn 0.0660 0.9949 -0.0767
vn -0.0174 -0.9540 0.2992
vn -0.8532 0.1645 0.4949
vn -0.1794 0.0172 0.9836
vn 0.1212 0.9181 -0.3773
vn 0.6693 0.2802 0.6881
vn 0.9936 -0.1111 0.0215
vn -0.6957 -0.6160 0.3695
vn -0.9277 -0.2870 0.2387
vn 0.7663 -0.0422 -0.6411
vn -0.0704 -0.9821 0.1746
vn 0.0400 -0.9937 0.1044
vn -0.7121 0.0228 -0.7017
vn 0.7966 -0.2081 0.5676
vn -0.6966 0.0492 -0.7158
vn -0.2175 -0.9550 -0.2017
vn 0.7271 0.0471 -0.6849
vn 0.4439 -0.8844 -0.1443
vn -0.1144 -0.9232 0.3669
vn -0.0176 -0.9111 0.4118
vn 0.0856 -0.9842 -0.1551
vn -0.1555 -0.9874 -0.0306
vn -0.0790 -0.7962 0.5998
vn 0.0282 -0.9318 0.3620
vn -0.0595 -0.4421 -0.8950
vn -0.4594 0.8827 -0.0992
vn -0.0678 0.9970 0.0376
vn 0.0545 0.9945 -0.0894
vn 0.1487 0.9690 -0.1975
vn -0.0433 -0.9989 0.0155
vn -0.1489 -0.9753 -0.1631
vn -0.7843 -0.5960 0.1722
vn 0.8831 0.4354 -0.1748
vn -0.9424 0.2395 -0.2335
vn -0.9648 0.2602 -0.0377
vn 0.4332 0.2456 -0.8672
vn -0.1840 0.9746 -0.1276
vn 0.4494 -0.4926 -0.7452
vn 0.9840 0.1740 -0.0390
vn 0.4851 0.6406 -0.5952
vn 0.6617 -0.3124 -0.6816
vn -0.9910 -0.0030 -0.1337
vn 0.9891 0.0226 -0.1456
vn 0.5877 0.1308 -0.7985
vn -0.9553 0.2890 -0.0625
vn -0.9642 -0.2160 -0.1540
vn 0.5068 -0.6524 -0.5635
vn 0.2784 0.9420 -0.1873
vn -0.3654 -0.4722 -0.8022
vn -0.0354 -0.4818 -0.8756
vn -0.4897 0.2371 -0.8391
vn -0.0006 0.2042 -0.9789
vn -0.4285 -0.1373 -0.8931
vn -0.0171 -0.1880 -0.9820
vn -0.9344 -0.3227 -0.1510
vn 0.0858 -0.9644 -0.2502
vn 0.2629 0.9473 -0.1829
vn -0.0041 1.0000 -0.0065
vn -0.4637 0.3625 -0.8085
vn 0.0432 0.4027 -0.9143
vn 0.4394 0.1449 -0.8865
vn 0.2062 -0.9484 -0.2407
vn 0.4296 0.4212 -0.7988
vn 0.1393 0.3026 -0.9429
vn -0.5279 0.6575 -0.5376
vn 0.3233 0.3882 -0.8630
vn 0.4435 0.4762 -0.7593
vn 0.1421 -0.2981 -0.9439
vn 0.2998 -0.9312 -0.2075
vn 0.4191 -0.8909 -0.1750
vn 0.2000 0.6791 -0.7063
vn 0.4882 0.4452 -0.7506
vn 0.0960 0.9954 -0.0065
vn 0.2672 0.9462 -0.1827
vn 0.0968 -0.9634 -0.2501
vn -0.9293 -0.3358 -0.1536
vn 0.2632 0.9462 -0.1882
vn -0.9328 -0.2448 -0.2646
vn -0.9454 0.2836 -0.1604
vn 0.9890 0.0226 -0.1463
vn -0.8982 0.3232 0.2979
vn 0.7552 0.4755 -0.4512
vn 0.9931 0.1133 -0.0288
vn -0.2577 0.9580 -0.1258
vn -0.9367 0.3475 -0.0415
vn 0.0715 -0.2145 -0.9741
vn -0.0828 -0.9952 -0.0514
vn -0.7892 0.6001 -0.1309
vn 0.5935 0.1635 -0.7881
vn -0.9861 -0.1346 -0.0972
vn -0.9940 -0.0109 -0.1088
vn -0.9907 -0.0225 -0.1339
vn -0.9966 0.0329 -0.0757
vn -0.9852 0.1343 -0.1066
vn -0.9726 -0.0259 -0.2310
vn -0.1978 -0.1108 -0.9740
vn 0.9215 -0.2146 0.3236
vn -0.9536 0.0372 -0.2987
vn -0.0807 0.9500 0.3015
vn -0.6715 0.7407 0.0178
vn 0.7038 0.5553 -0.4431
vn -0.4832 0.8614 -0.1564
vn 0.6302 0.7740 -0.0612
vn -0.5266 0.7343 -0.4283
vn 0.1490 0.9750 -0.1649
vn 0.8223 0.4937 -0.2829
vn 0.5890 0.7326 -0.3411
vn -0.8928 0.3719 -0.2542
vn -0.6309 0.7758 -0.0099
vn -0.9642 -0.2509 -0.0862
vn 0.9875 0.0599 -0.1461
vn 0.9966 0.0554 -0.0609
vn 0.8847 -0.1596 -0.4381
vn 0.3505 0.2128 -0.9121
vn 0.2865 -0.1641 -0.9439
vn -0.2932 -0.2209 -0.9302
vn -0.9785 -0.1240 -0.1646
vn -0.9808 -0.1270 0.1481
vn 0.9437 -0.0390 -0.3285
vn -0.1406 -0.9845 -0.1050
vn 0.5616 -0.2535 0.7876
vn -0.9853 -0.1085 -0.1324
vn -0.3099 0.1171 -0.9435
vn -0.9537 -0.2005 -0.2243
vn 0.4493 -0.4098 0.7938
vn -0.4199 -0.0457 0.9064
vn 0.3227 0.0858 -0.9426
vn -0.3136 0.1323 -0.9403
vn 0.9972 -0.0638 -0.0402
vn -0.3440 -0.1482 0.9272
vn 0.9997 -0.0241 -0.0004
vn 0.3742 0.0787 0.9240
vn 0.3504 -0.0975 -0.9315
vn -0.4392 0.0385 -0.8976
vn -1.0000 -0.0049 0.0083
vn -0.2538 -0.1555 -0.9547
vn 0.9641 0.0426 -0.2622
vn 0.2678 -0.4718 -0.8401
vn -0.5792 0.5227 -0.6256
vn 0.0324 0.2570 -0.9659
vn 0.6011 0.7980 -0.0434
vn -0.8649 -0.2904 -0.4095
vn 0.7720 -0.1797 0.6098
vn 0.8024 -0.0285 0.5961
vn 0.2301 -0.1438 0.9625
vn 0.8723 0.0254 -0.4883
vn -0.8419 -0.3555 0.4060
vn 0.8694 0.0968 0.4846
vn 0.7801 0.2173 -0.5867
vn 0.0770 -0.1210 0.9897
vn -0.7578 0.3352 0.5598
vn -0.7386 0.0465 -0.6725
vn -0.0111 0.0328 -0.9994
vn -0.4538 0.7623 -0.4614
vn -0.8537 -0.2906 0.4322
vn 0.8731 -0.1393 0.4673
vn 0.7921 -0.4349 0.4282
vn 0.7730 -0.3084 -0.5544
vn -0.0390 -0.3555 0.9339
vn -0.0014 0.1407 -0.9901
vn 0.8722 0.0856 0.4817
vn -0.8463 -0.4445 0.2935
vn 0.0003 0.0565 -0.9984
vn 0.8503 0.2401 -0.4683
vn 0.1226 -0.2080 0.9704
vn -0.9995 -0.0038 -0.0316
vn -0.5773 -0.0553 -0.8147
vn 0.3244 -0.2226 -0.9193
vn 0.3792 -0.1586 0.9116
vn 0.9663 -0.2574 -0.0088
vn -0.1377 -0.3307 0.9336
vn 0.0396 -0.0934 0.9948
vn 0.7755 0.3806 -0.5038
vn 0.7655 0.1199 0.6321
vn -0.8269 -0.3213 0.4616
vn -0.0210 0.4631 -0.8860
vn -0.9364 0.3509 0.0021
vn -0.7350 0.6772 -0.0358
vn -0.5241 0.0016 -0.8516
vn -0.6319 0.7723 -0.0659
vn -0.9393 0.3429 -0.0067
vn -0.0628 0.9912 0.1167
vn -0.6133 -0.0408 -0.7888
vn -0.8204 -0.4306 0.3762
vn -0.9479 0.2401 -0.2095
vn 0.9699 -0.0086 -0.2435
vn -0.9715 -0.1851 -0.1479
vn 0.2015 -0.9787 0.0385
vn -0.0999 -0.9223 -0.3733
vn 0.9416 -0.1240 -0.3131
vn -0.9768 -0.1363 -0.1651
vn 0.9250 -0.0721 -0.3732
vn 0.9969 0.0548 -0.0563
vn 0.9871 0.0601 -0.1482
vn 0.9278 -0.1764 -0.3289
vn 0.9572 -0.0858 -0.2765
vn -0.8388 -0.2900 0.4608
vn -0.8420 -0.3013 0.4476
vn 0.8091 0.0504 0.5855
vn 0.7974 0.0847 0.5975
vn -0.8258 -0.4799 0.2963
vn -0.8381 -0.4630 0.2885
vn 0.8720 0.0926 0.4806
vn 0.8717 0.0888 0.4819
vn 0.7936 -0.4277 0.4329
vn 0.7930 -0.4312 0.4304
vn 0.8639 -0.1129 0.4909
vn 0.8731 -0.1251 0.4712
vn -0.8707 -0.1974 0.4504
vn -0.8638 -0.2309 0.4479
vn -0.7546 0.3353 0.5641
vn -0.7562 0.3334 0.5630
vn 0.8895 0.0098 0.4567
vn 0.8816 0.0452 0.4698
vn -0.8641 -0.2790 0.4190
vn -0.8503 -0.3192 0.4185
vn 0.7285 0.1245 0.6737
vn 0.7573 0.0580 0.6505
vn 0.9310 0.0173 -0.3646
vn 0.9495 0.0270 -0.3126
vn -0.1720 -0.1795 -0.9686
vn -0.2105 -0.1312 -0.9687
vn -0.2475 -0.9373 -0.2453
vn -0.8953 -0.2887 -0.3393
vn 0.9741 0.0542 -0.2196
vn 0.9795 0.0741 -0.1872
vn -0.7314 0.0503 -0.6801
vn 0.7922 0.3335 -0.5111
vn 0.7855 0.3584 -0.5045
vn 0.8417 0.3045 -0.4458
vn 0.8468 0.2708 -0.4579
vn -0.9020 -0.3242 -0.2852
vn 0.7715 -0.3044 -0.5587
vn 0.7716 -0.3062 -0.5576
vn -0.9088 -0.2660 -0.3214
vn -0.8263 0.5215 -0.2130
vn -0.7931 0.3382 -0.5066
vn 0.7762 0.2111 -0.5941
vn 0.7757 0.2137 -0.5938
vn 0.8830 0.1185 -0.4543
vn 0.8780 0.0693 -0.4736
vn 0.9238 -0.2170 0.3155
vn 0.8662 -0.2111 0.4529
vn -0.1765 0.6805 -0.7112
vn -0.8661 -0.1646 -0.4721
vn -0.8992 -0.1870 -0.3956
vn -0.9180 -0.2714 -0.2891
vn -0.4306 0.8813 -0.1945
vn 0.9714 0.0907 -0.2192
vn 0.9801 0.0738 -0.1844
vn -0.0660 -0.4066 0.9112
vn 0.7657 -0.3329 -0.5503
vn 0.0586 0.2499 -0.9665
vn -0.8667 0.0713 0.4938
vn 0.8579 -0.5043 0.0987
vn -0.8559 0.1114 0.5050
vn -0.8616 0.0909 0.4994
vn -0.6577 0.2562 -0.7084
vn 0.7953 -0.2733 -0.5412
vn 0.7811 -0.3029 -0.5460
vn -0.9178 0.2634 -0.2971
vn 0.7446 -0.5256 0.4115
vn -0.1880 -0.3897 -0.9015
vn 0.8460 -0.5153 0.1366
vn 0.8887 -0.4458 0.1069
vn 0.7837 -0.3826 -0.4892
vn 0.9128 -0.2041 -0.3536
vn 0.1801 0.6133 0.7690
vn 0.3496 -0.7590 -0.5492
vn -0.6307 0.4416 0.6381
vn 0.5453 -0.6278 -0.5554
vn 0.4969 -0.6006 -0.6264
vn -0.8751 -0.0998 -0.4735
vn 0.9572 0.2873 0.0356
vn -0.2370 -0.7904 -0.5650
vn -0.6586 0.7027 0.2690
vn 0.3055 0.3879 0.8696
vn -0.8837 -0.2012 -0.4226
vn -0.3823 0.7817 0.4927
vn -0.8767 0.4802 0.0276
vn -0.7243 0.3162 -0.6126
vn 0.9802 0.0273 0.1959
vn -0.7460 0.2349 0.6232
vn 0.0349 0.0471 -0.9983
vn 0.9692 -0.0316 0.2444
vn 0.9771 -0.0322 0.2105
vn -0.6430 0.4359 -0.6297
vn 0.8812 0.0070 -0.4727
vn 0.8791 -0.0198 -0.4763
vn 0.2875 -0.4826 0.8273
vn 0.8767 -0.0434 -0.4792
vn 0.2158 -0.3285 0.9195
vn 0.0641 -0.1587 0.9852
vn -0.6780 -0.7312 0.0750
vn 0.4887 0.1703 0.8556
vn -0.3141 -0.8882 -0.3353
vn -0.5744 0.1709 0.8005
vn 0.3850 0.3862 0.8382
vn -0.3791 0.3824 0.8427
vn 0.1631 0.5194 0.8388
vn 0.3101 -0.9507 -0.0100
vn -0.6590 0.1478 0.7375
vn 0.3928 -0.9174 0.0633
vn 0.2713 -0.9537 -0.1302
vn -0.6928 -0.7201 0.0384
vn 0.6120 -0.2614 0.7464
vn -0.2817 -0.7247 0.6288
vn 0.1913 -0.9430 0.2722
vn -0.3963 -0.5861 0.7067
vn -0.5341 -0.8090 0.2454
vn -0.1820 -0.9509 0.2502
vn -0.1528 -0.6254 0.7652
vn -0.2806 -0.7228 0.6315
vn 0.0252 -0.7849 0.6191
vn -0.1479 -0.4703 0.8700
vn -0.1880 -0.5727 0.7979
vn 0.5364 0.2411 -0.8088
vn -0.4295 -0.0405 -0.9022
vn -0.9381 -0.3452 -0.0289
vn 0.9529 0.3016 0.0318
vn 0.4152 0.1133 0.9026
vn -0.2665 -0.0510 -0.9625
vn -0.9926 -0.1210 -0.0036
vn 0.4544 -0.0381 -0.8900
vn 0.9996 -0.0296 -0.0021
vn 0.4929 -0.1331 0.8598
vn -0.3832 -0.1363 0.9136
vn -0.3526 -0.1695 0.9203
vn 0.9958 0.0912 -0.0014
vn 0.0206 0.1955 0.9805
vn 0.3820 -0.0731 0.9213
vn -0.2735 0.1537 -0.9495
vn -0.0564 -0.9984 0.0016
vn 0.4575 0.0783 -0.8858
vn -0.8438 0.5325 -0.0660
vn -0.1019 0.2773 0.9554
vn -0.3267 0.9450 -0.0130
vn -0.1730 0.8056 -0.5667
vn -0.0352 -0.9993 -0.0081
vn 0.0259 -0.9996 -0.0063
vn -0.0533 0.6253 -0.7786
vn -0.7294 0.6839 -0.0163
vn -0.3581 0.2003 0.9119
vn -0.0061 -1.0000 -0.0076
vn 0.9539 -0.0352 -0.2980
vn -0.9999 -0.0033 0.0156
vn -0.4471 -0.1643 -0.8793
vn 0.3240 -0.1574 -0.9329
vn 0.9271 -0.1755 -0.3313
vn -0.9576 -0.1579 -0.2409
vn -0.8575 -0.1826 -0.4809
vn 0.0912 0.3752 -0.9225
vn -0.7585 -0.6346 -0.1481
vn -0.4624 0.3466 -0.8161
vn -0.7683 -0.6000 -0.2227
vn -0.4293 -0.1007 -0.8975
vn -0.4842 0.3235 -0.8130
vn -0.1853 0.9812 -0.0548
vn -0.0256 -0.9996 0.0095
vn -0.0874 0.9229 0.3751
vn 0.1264 0.8875 0.4432
vn 0.1488 0.9666 0.2087
vn -0.4276 -0.1151 -0.8966
vn 0.1965 -0.7869 -0.5850
vn -0.0592 0.9933 0.0991
vn -0.0868 -0.9959 0.0253
vn -0.0549 -0.9985 0.0002
vn 0.0494 -0.8400 -0.5404
vn 0.0480 -0.9881 -0.1464
vn -0.0571 -0.9982 0.0202
vn -0.1536 -0.9773 -0.1458
vn -0.0548 -0.9977 0.0402
vn -0.1006 -0.9865 -0.1295
vn -0.0549 -0.9985 0.0032
vn 0.1494 -0.9827 -0.1093
vn -0.0542 -0.9864 -0.1552
vn -0.0070 -0.9874 -0.1581
vn 0.0224 0.9997 -0.0026
vn 0.3582 -0.2170 0.9081
vn 0.7235 -0.1765 0.6674
vn 0.9775 -0.0149 0.2104
vn 0.9988 0.0239 -0.0431
vn 0.9999 0.0130 -0.0024
vn -0.9963 0.0688 0.0514
vn -0.9956 0.0788 0.0509
vn 0.4258 -0.0691 0.9022
vn -0.6332 -0.0356 0.7732
vn -0.2469 -0.1429 0.9585
vn -0.2291 -0.3632 0.9031
vn -0.4377 -0.3117 0.8433
vn -0.8899 -0.0032 0.4561
vn -0.9960 0.0703 -0.0560
vn -0.9981 0.0622 0.0030
vn 0.9981 -0.0620 0.0048
vn 0.9974 -0.0387 -0.0608
vn 0.7433 -0.2803 0.6074
vn 0.4190 -0.4135 0.8084
vn 0.1671 -0.4102 0.8965
vn -0.1018 -0.9822 -0.1578
vn 0.1843 0.9221 0.3402
vn -0.0433 0.8959 0.4421
vn 0.0190 0.9883 0.1515
vn -0.0260 -0.9788 -0.2032
vn 0.0229 -0.9151 -0.4027
vn -0.1232 -0.9068 -0.4031
vn 0.1408 0.9856 0.0942
vn -0.4936 -0.5719 -0.6552
vn 0.0894 0.9959 -0.0162
vn -0.0818 -0.9757 -0.2034
vn -0.0417 0.9771 0.2084
vn 0.8814 -0.1972 0.4293
vn 0.4256 -0.6273 -0.6522
vn -0.7525 -0.1710 0.6361
vn -0.9148 0.1553 0.3729
vn -0.0451 0.9801 0.1932
vn 0.2939 0.9552 0.0353
vn 0.1389 -0.8572 -0.4958
vn -0.1552 -0.8612 -0.4840
vn -0.0964 -0.9349 -0.3417
vn 0.0474 0.9831 0.1770
vn 0.0001 0.9852 0.1712
vn 0.1480 -0.9885 -0.0304
vn -0.1605 0.9858 0.0487
vn 0.0524 0.9986 0.0068
vn 0.0680 0.9355 0.3468
vn 0.2904 0.9367 0.1957
vn 0.0559 0.9979 0.0321
vn -0.1932 0.9612 0.1971
vn 0.0547 0.9978 0.0381
vn -0.0137 0.9893 0.1452
vn 0.0529 0.9952 0.0824
vn 0.3808 0.9198 0.0946
vn 0.0537 0.9813 0.1848
vn 0.2885 0.9339 0.2114
vn 0.0745 -0.9962 0.0444
vn -0.2367 0.2542 -0.9378
vn -0.6510 0.2055 -0.7307
vn -0.7496 -0.0692 -0.6582
vn -0.9992 0.0381 -0.0085
vn -0.9973 0.0112 0.0732
vn 0.9976 -0.0546 0.0423
vn 0.9933 -0.0041 -0.1153
vn -0.0822 0.0471 -0.9955
vn 0.6868 0.0793 -0.7225
vn 0.2665 0.1815 -0.9466
vn 0.2373 0.3562 -0.9038
vn 0.4732 0.3330 -0.8156
vn 0.8696 0.0961 -0.4843
vn 0.9954 -0.0642 0.0712
vn 0.9969 -0.0554 0.0564
vn -0.9954 0.0668 0.0680
vn -0.9950 0.0605 0.0794
vn -0.5838 0.3949 -0.7094
vn -0.4408 0.4105 -0.7982
vn -0.2035 0.4200 -0.8844
vn -0.1704 0.9607 0.2190
vn -0.2180 -0.9386 -0.2675
vn 0.0905 0.0519 0.9945
vn 0.0614 -0.8150 -0.5762
vn -0.2412 -0.9329 -0.2673
vn 0.2521 0.9595 0.1256
vn -0.0176 0.0078 0.9998
vn 0.0212 0.9900 0.1397
vn 0.0904 0.9831 0.1591
vn -0.2061 -0.9778 -0.0367
vn 0.1237 0.9138 0.3868
vn -0.0875 -0.9905 0.1062
vn 0.0665 0.9948 0.0766
vn -0.0168 -0.9541 -0.2989
vn -0.8535 0.1638 -0.4947
vn -0.7400 -0.0700 -0.6689
vn 0.1350 0.9144 0.3817
vn 0.6692 0.2804 -0.6881
vn 0.9383 -0.1655 -0.3038
vn -0.6955 -0.6163 -0.3695
vn -0.9277 -0.2873 -0.2386
vn 0.9162 -0.2232 0.3328
vn -0.0704 -0.9821 -0.1746
vn 0.0376 -0.9819 -0.1857
vn 0.0239 -0.1001 0.9947
vn 0.4016 -0.2857 -0.8701
vn -0.6964 0.0490 0.7160
vn -0.2190 -0.9547 0.2017
vn 0.7279 0.0461 0.6842
vn 0.1879 -0.9349 0.3012
vn -0.2486 -0.9203 -0.3022
vn -0.0203 -0.9115 -0.4108
vn 0.1659 -0.9856 -0.0320
vn -0.1558 -0.9873 0.0307
vn -0.1316 -0.8026 -0.5818
vn 0.0262 -0.9321 -0.3613
vn -0.0619 -0.4603 0.8856
vn -0.3031 0.9472 0.1047
vn -0.0543 0.9985 -0.0028
vn 0.0703 0.9970 0.0313
vn 0.2754 0.9417 0.1934
vn -0.0428 -0.9986 -0.0301
vn -0.1088 -0.9924 0.0572
vn -0.8865 -0.4289 -0.1737
vn -0.8638 -0.4725 -0.1746
vn -0.9424 0.2395 0.2335
vn -0.9697 0.2349 0.0668
vn 0.4332 0.2456 0.8672
vn -0.1840 0.9746 0.1276
vn 0.4494 -0.4926 0.7452
vn 0.9840 0.1740 0.0390
vn 0.4851 0.6406 0.5952
vn 0.6925 -0.3806 0.6129
vn -0.9910 -0.0030 0.1337
vn 0.6178 0.5091 0.5993
vn 0.7173 -0.0532 0.6947
vn -0.9707 0.1662 0.1734
vn -0.9642 -0.2160 0.1540
vn 0.5068 -0.6524 0.5635
vn 0.2943 0.9417 0.1628
vn -0.6238 -0.1794 0.7607
vn -0.0354 -0.4818 0.8756
vn -0.4174 0.1691 0.8929
vn -0.0006 0.2042 0.9789
vn -0.4285 -0.1373 0.8931
vn -0.0171 -0.1880 0.9820
vn -0.9344 -0.3227 0.1510
vn 0.0754 -0.9731 0.2176
vn 0.2582 0.9475 0.1885
vn -0.1019 0.9770 0.1875
vn -0.4637 0.3625 0.8085
vn 0.0041 0.4617 0.8870
vn 0.4394 0.1449 0.8865
vn 0.0352 -0.9982 0.0490
vn 0.4296 0.4212 0.7988
vn 0.1393 0.3026 0.9429
vn -0.5279 0.6575 0.5376
vn 0.3300 0.3753 0.8662
vn 0.4436 0.4752 0.7599
vn -0.1002 -0.1570 0.9825
vn 0.1723 -0.9850 0.0075
vn 0.2883 -0.9551 -0.0689
vn 0.2136 0.6709 0.7101
vn 0.4882 0.4452 0.7506
vn -0.0036 0.9820 0.1888
vn 0.2637 0.9461 0.1882
vn 0.0885 -0.9723 0.2163
vn -0.9293 -0.3358 0.1536
vn 0.2746 0.9475 0.1636
vn -0.9328 -0.2448 0.2646
vn -0.9454 0.2836 0.1604
vn 0.9890 0.0226 0.1463
vn -0.8797 0.4744 0.0335
vn 0.7552 0.4755 0.4512
vn 0.9931 0.1133 0.0288
vn -0.2577 0.9580 0.1258
vn -0.9367 0.3475 0.0415
vn 0.0715 -0.2145 0.9741
vn -0.0828 -0.9952 0.0514
vn -0.7892 0.6001 0.1309
vn 0.9622 -0.0328 0.2704
vn -0.9847 -0.0650 0.1616
vn -0.9940 -0.0109 0.1088
vn -0.9903 0.0020 0.1389
vn -0.9966 0.0329 0.0757
vn -0.9852 0.1343 0.1066
vn -0.9726 -0.0259 0.2310
vn -0.1978 -0.1108 0.9740
vn 0.9857 -0.1159 -0.1220
vn -0.9536 0.0372 0.2987
vn 0.2056 0.2275 -0.9518
vn -0.7022 0.7077 0.0773
vn 0.7029 0.5720 0.4228
vn -0.5172 0.8416 0.1559
vn 0.6296 0.7768 0.0135
vn -0.4931 0.7813 0.3827
vn 0.1830 0.9776 0.1037
vn 0.8249 0.4016 0.3978
vn 0.5902 0.7359 0.3320
vn -0.8794 0.4089 0.2438
vn -0.5795 0.8144 0.0287
vn -0.6537 -0.7415 -0.1513
vn 0.9683 0.1876 0.1652
vn 0.9605 0.1598 0.2277
vn 0.8840 -0.3135 0.3467
vn 0.3501 0.2122 0.9123
vn 0.2786 -0.1762 0.9441
vn -0.1746 -0.0541 0.9831
vn -0.9785 -0.1240 0.1645
vn -0.9844 -0.1040 -0.1417
vn 0.9421 -0.0389 0.3330
vn -0.5251 -0.3300 -0.7845
vn 0.5599 -0.2617 -0.7861
vn -0.9938 -0.1084 0.0240
vn -0.4474 -0.0136 0.8942
vn -0.9558 -0.2208 0.1942
vn 0.4451 -0.4169 -0.7925
vn -0.1728 -0.5902 -0.7886
vn 0.3231 0.0826 0.9427
vn -0.5645 -0.1379 0.8138
vn 0.9961 -0.0781 0.0401
vn -0.3771 -0.0089 -0.9261
vn 0.9996 -0.0295 0.0006
vn 0.4140 -0.0414 -0.9093
vn 0.3501 -0.0984 0.9315
vn -0.4385 0.0418 0.8978
vn -1.0000 0.0020 -0.0084
vn -0.2558 -0.0948 0.9621
vn 0.9422 0.1982 0.2701
vn 0.1136 -0.5818 0.8054
vn -0.9397 0.2068 0.2724
vn -0.0770 0.1572 0.9846
vn -0.2166 0.7941 0.5678
vn -0.8740 -0.2914 0.3889
vn 0.0190 0.9732 -0.2290
vn 0.8153 -0.0550 -0.5764
vn 0.2829 -0.2608 -0.9230
vn 0.8630 0.0428 0.5034
vn -0.8715 -0.3466 -0.3469
vn 0.8819 0.1031 -0.4599
vn 0.7472 0.2484 0.6164
vn 0.1478 -0.1797 -0.9726
vn -0.7632 0.2962 -0.5743
vn -0.7557 0.0462 0.6533
vn -0.0281 0.0415 0.9987
vn -0.4324 0.8023 0.4115
vn -0.8739 -0.1814 -0.4510
vn 0.8747 -0.1107 -0.4719
vn 0.8075 -0.4220 -0.4122
vn 0.7749 -0.2744 0.5694
vn -0.0197 -0.3667 -0.9301
vn 0.0150 0.1855 0.9825
vn 0.8721 0.0801 -0.4828
vn -0.7945 -0.4805 -0.3715
vn -0.0186 0.0790 0.9967
vn 0.8390 0.2542 0.4811
vn 0.2303 -0.2465 -0.9414
vn -0.9995 0.0083 0.0315
vn -0.4333 0.0957 0.8961
vn 0.3503 -0.2101 0.9127
vn 0.3783 -0.1627 -0.9113
vn 0.9631 -0.2689 0.0087
vn -0.3416 -0.0851 -0.9360
vn 0.1187 -0.1747 -0.9774
vn 0.7135 0.4162 0.5636
vn 0.7732 0.1363 -0.6194
vn -0.8304 -0.3426 -0.4394
vn -0.0870 0.4455 0.8911
vn -0.9359 0.3503 -0.0375
vn -0.9215 0.3366 -0.1938
vn -0.8571 0.0661 0.5108
vn -0.2988 0.0212 -0.9541
vn -0.1292 0.6881 0.7140
vn -0.5477 0.0029 0.8366
vn -0.7508 0.6458 0.1389
vn -0.9582 0.2827 0.0442
vn -0.4074 -0.2124 -0.8882
vn 0.9732 0.0558 0.2231
vn -0.9700 -0.2202 0.1027
vn 0.1962 -0.9800 -0.0335
vn -0.1030 -0.9189 0.3808
vn 0.9400 -0.1280 0.3162
vn -0.9768 -0.1362 0.1655
vn 0.9356 -0.1609 0.3143
vn 0.9970 0.0549 0.0554
vn 0.9887 0.0430 0.1436
vn 0.9398 0.0130 0.3414
vn 0.9632 0.0348 0.2664
vn -0.8407 -0.3371 -0.4238
vn -0.8295 -0.3464 -0.4380
vn 0.8241 0.0583 -0.5634
vn 0.8106 0.0981 -0.5773
vn -0.7960 -0.5003 -0.3407
vn -0.7937 -0.4934 -0.3558
vn 0.8697 0.0858 -0.4860
vn 0.8700 0.0860 -0.4855
vn 0.8090 -0.4143 -0.4170
vn 0.8082 -0.4183 -0.4146
vn 0.8731 -0.0942 -0.4783
vn 0.8737 -0.0941 -0.4772
vn -0.8683 -0.1488 -0.4732
vn -0.8678 -0.1614 -0.4699
vn -0.7589 0.2979 -0.5791
vn -0.7608 0.2960 -0.5775
vn 0.9028 0.0194 -0.4296
vn 0.8947 0.0527 -0.4435
vn -0.8843 -0.2772 -0.3759
vn -0.8818 -0.3070 -0.3580
vn 0.7367 0.0880 -0.6705
vn 0.7639 0.0436 -0.6439
vn 0.9085 0.1819 0.3763
vn 0.9275 0.1907 0.3215
vn -0.1692 -0.1760 0.9697
vn -0.2084 -0.1011 0.9728
vn -0.1932 -0.9195 0.3424
vn -0.1894 -0.9220 0.3376
vn 0.9747 0.1039 0.1981
vn 0.9810 0.0707 0.1808
vn -0.8786 -0.1663 0.4477
vn 0.7183 0.3763 0.5853
vn 0.7115 0.3971 0.5797
vn 0.8310 0.3185 0.4561
vn 0.8355 0.2850 0.4698
vn -0.9062 -0.3283 0.2665
vn 0.7790 -0.2717 0.5652
vn 0.7765 -0.2729 0.5680
vn -0.9315 -0.1937 0.3079
vn -0.5485 0.6248 0.5557
vn -0.4842 0.7160 0.5028
vn 0.7460 0.2442 0.6195
vn 0.7467 0.2465 0.6178
vn 0.8739 0.1297 0.4685
vn 0.8685 0.0840 0.4884
vn 0.3556 0.9346 0.0091
vn 0.1985 0.9732 -0.1159
vn -0.7845 0.2062 0.5848
vn -0.8770 -0.1718 0.4487
vn -0.9071 -0.1973 0.3719
vn -0.9241 -0.2732 0.2672
vn -0.4026 0.9078 0.1179
vn 0.9531 0.2032 0.2243
vn 0.9596 0.1987 0.1991
vn -0.0316 -0.4575 -0.8887
vn 0.8438 -0.3669 0.3916
vn -0.1061 0.2620 0.9592
vn -0.9047 0.0888 -0.4167
vn 0.8645 -0.4969 -0.0759
vn 0.3208 -0.4902 -0.8104
vn -0.8995 0.1144 -0.4217
vn -0.9398 0.1666 0.2985
vn 0.8722 -0.3022 0.3847
vn 0.8587 -0.3344 0.3883
vn -0.6252 0.4257 0.6541
vn 0.7542 -0.5291 -0.3888
vn -0.1914 -0.3641 0.9115
vn 0.8531 -0.5092 -0.1135
vn 0.8924 -0.4036 -0.2016
vn 0.7838 -0.3581 0.5074
vn 0.8249 -0.2483 0.5078
vn 0.1797 0.5915 -0.7860
vn 0.3536 -0.7376 0.5752
vn -0.6301 0.4144 -0.6567
vn 0.5476 -0.6040 0.5790
vn 0.4983 -0.5752 0.6487
vn -0.7068 -0.2787 0.6502
vn 0.9586 0.2836 -0.0268
vn 0.6614 0.6051 -0.4433
vn -0.2328 -0.7754 0.5870
vn -0.6643 0.6863 -0.2960
vn 0.3086 0.3646 -0.8785
vn -0.7302 -0.3232 0.6020
vn -0.3870 0.7616 -0.5198
vn -0.8819 0.4688 -0.0497
vn -0.7333 0.3263 0.5965
vn 0.9815 0.0328 -0.1884
vn -0.7431 0.2068 -0.6364
vn 0.0256 0.0781 0.9966
vn 0.9748 -0.0288 -0.2210
vn 0.9753 -0.0257 -0.2194
vn -0.6535 0.4473 0.6106
vn 0.7903 0.0189 0.6124
vn 0.7933 -0.0032 0.6089
vn 0.0333 -0.2857 -0.9577
vn 0.7956 -0.0231 0.6054
vn 0.0238 0.1445 -0.9892
vn -0.0004 -0.7707 -0.6372
vn -0.6688 -0.7411 -0.0582
vn 0.4942 0.1498 -0.8563
vn -0.3067 -0.8812 0.3598
vn -0.5935 0.1153 -0.7966
vn 0.3879 0.3648 -0.8464
vn -0.3939 0.3428 -0.8528
vn 0.1658 0.4928 -0.8542
vn 0.2820 -0.9584 0.0432
vn -0.6299 0.1275 -0.7661
vn 0.3427 -0.9393 0.0175
vn 0.2070 -0.9508 0.2306
vn -0.6841 -0.7291 -0.0220
vn 0.6215 -0.2769 -0.7328
vn -0.1132 -0.6752 -0.7289
vn -0.1688 -0.9603 -0.2223
vn -0.1271 -0.6729 -0.7288
vn -0.2678 -0.7469 -0.6086
vn 0.2045 -0.9486 -0.2414
vn -0.3833 -0.6121 -0.6916
vn -0.5226 -0.8224 -0.2249
vn -0.1529 -0.6575 -0.7378
vn -0.1386 -0.5053 -0.8518
vn -0.2969 -0.6666 -0.6837
vn 0.5361 0.2419 0.8088
vn -0.4294 -0.0412 0.9022
vn -0.9404 -0.3378 0.0401
vn 0.9525 0.3030 -0.0318
vn 0.4934 0.0753 -0.8665
vn -0.2664 -0.0514 0.9625
vn -0.9925 -0.1225 0.0036
vn 0.4545 -0.0375 0.8900
vn 0.9996 -0.0281 0.0021
vn 0.3821 -0.0723 -0.9213
vn -0.3628 -0.1479 -0.9200
vn -0.3639 -0.1639 -0.9169
vn 0.9965 0.0819 0.0189
vn 0.0203 0.1956 -0.9805
vn 0.2621 0.0167 -0.9649
vn 0.1386 0.3993 0.9063
vn -0.0550 -0.9985 -0.0016
vn 0.4962 0.1126 0.8609
vn -0.8446 0.5313 0.0660
vn -0.2374 0.0455 -0.9703
vn -0.3038 0.9521 0.0344
vn -0.1742 0.8053 0.5667
vn -0.0223 -0.9998 0.0021
vn 0.0274 -0.9996 0.0063
vn -0.0542 0.6252 0.7786
vn -0.7304 0.6828 0.0163
vn -0.2723 0.3051 -0.9126
vn 0.0108 -0.9999 -0.0002
vn 0.9823 -0.1631 0.0921
vn -0.9817 -0.0965 -0.1644
vn -0.2947 -0.0438 0.9546
vn 0.3213 -0.1709 0.9314
vn 0.9354 -0.3316 0.1225
vn -0.8828 -0.0291 0.4688
vn -0.8398 -0.1028 0.5330
vn 0.5921 0.7337 0.3334
vn -0.7521 -0.6382 0.1647
vn -0.4624 0.3466 0.8161
vn -0.8328 -0.5427 0.1093
vn -0.4293 -0.1007 0.8975
vn -0.4086 0.2422 0.8800
vn -0.1853 0.9812 0.0548
vn -0.0551 -0.9983 -0.0204
vn -0.0868 0.9230 -0.3750
vn 0.1407 0.9241 -0.3554
vn 0.1494 0.9665 -0.2086
vn -0.0708 -0.9256 0.3718
vn 0.1961 -0.7870 0.5850
vn -0.0586 0.9934 -0.0990
vn -0.0871 -0.9959 -0.0246
vn -0.0558 -0.9984 -0.0007
vn -0.0693 -0.9456 0.3179
vn -0.1548 -0.9770 0.1464
vn -0.0583 -0.9975 -0.0398
vn 0.0474 -0.9881 0.1462
vn -0.0554 -0.9983 -0.0204
vn -0.0096 -0.9914 0.1303
vn -0.0558 -0.9984 -0.0022
vn -0.2966 -0.9495 0.1021
vn -0.0547 -0.9863 0.1554
vn -0.0484 -0.9873 0.1512
vn 0.0229 0.9997 0.0029
vn 0.2290 -0.1751 -0.9575
vn 0.6190 -0.1615 -0.7686
vn 0.7132 0.1076 -0.6927
vn 0.9988 0.0242 0.0423
vn 0.9999 0.0139 0.0021
vn -0.9964 0.0847 0.0004
vn -0.9929 0.1136 0.0358
vn 0.3438 -0.0441 -0.9380
vn -0.6333 -0.0353 -0.7731
vn -0.2470 -0.1428 -0.9584
vn -0.2294 -0.3630 -0.9031
vn -0.4380 -0.3114 -0.8433
vn -0.8900 -0.0026 -0.4560
vn -0.9954 0.0770 0.0574
vn -0.9980 0.0627 -0.0029
vn 0.9980 -0.0637 -0.0044
vn 0.9962 -0.0541 0.0680
vn 0.7263 -0.2643 -0.6346
vn 0.3993 -0.3642 -0.8414
vn 0.1803 -0.4395 -0.8800
vn -0.1029 -0.9820 0.1585
vn 0.1568 0.9800 -0.1227
vn -0.0006 -0.0102 0.9999
vn -0.0426 0.8960 -0.4421
vn 0.0606 0.9619 -0.2665
vn -0.0265 -0.9788 0.2031
vn 0.0282 -0.9367 0.3490
vn -0.1242 -0.9067 0.4031
vn 0.0736 0.9936 -0.0853
vn -0.5043 -0.5640 0.6540
vn 0.0560 0.9980 0.0310
vn -0.3582 -0.9092 0.2123
vn -0.0359 0.9829 -0.1808
vn 0.8775 -0.1862 -0.4419
vn 0.7135 0.1076 -0.6924
vn 0.4253 -0.6276 0.6521
vn -0.7526 -0.1705 -0.6360
vn -0.9147 0.1558 -0.3728
vn 0.3814 0.9115 -0.1542
vn 0.2717 0.9611 -0.0487
vn 0.1386 -0.8573 0.4958
vn -0.1360 -0.8044 0.5783
vn -0.0968 -0.9348 0.3417
vn 0.1787 0.9448 -0.2747
vn 0.0005 0.9852 -0.1712
vn 0.0612 -0.9967 0.0536
vn -0.1604 0.9858 -0.0489
vn 0.0529 0.9986 -0.0064
vn -0.0657 0.8403 -0.5381
vn -0.1928 0.9612 -0.1971
vn 0.0560 0.9977 -0.0381
vn 0.2903 0.9366 -0.1964
vn 0.0551 0.9980 -0.0322
vn 0.1160 0.9820 -0.1494
vn 0.0533 0.9749 -0.2160
vn -0.2361 0.9666 -0.0994
vn 0.0542 0.9812 -0.1854
vn 0.2824 0.9349 -0.2148
vn 0.0742 -0.9963 -0.0443
vn -0.2366 0.2542 0.9378
vn -0.6970 0.2164 0.6837
vn -0.9857 0.0411 0.1636
vn -0.9993 0.0371 0.0086
vn -0.9973 0.0100 -0.0734
vn 0.9993 -0.0290 0.0233
vn 0.9984 -0.0465 0.0321
vn 0.0028 0.0226 0.9997
vn 0.6868 0.0791 0.7225
vn 0.2666 0.1815 0.9466
vn 0.2375 0.3561 0.9038
vn 0.4733 0.3329 0.8156
vn 0.9175 -0.0062 0.3978
vn 0.9966 -0.0526 -0.0637
vn 0.9969 -0.0558 -0.0564
vn -0.9951 0.0698 -0.0707
vn -0.9950 0.0615 -0.0792
vn -0.5835 0.3953 0.7094
vn -0.4365 0.4066 0.8026
vn -0.1791 0.3960 0.9006
vn -0.1703 0.9607 -0.2194
vn -0.2335 -0.8528 0.4672
vn -0.0620 0.0160 -0.9979
vn 0.0612 -0.8151 0.5761
vn -0.2421 -0.9325 0.2679
vn 0.2524 0.9594 -0.1256
vn -0.0176 0.0078 -0.9998
vn 0.0283 0.9869 -0.1587
vn 0.0909 0.9831 -0.1591
vn -0.2714 -0.9611 0.0503
vn -0.0278 0.9029 -0.4290
vn -0.2300 -0.9709 -0.0663
vn -0.1368 0.9823 -0.1278
vn -0.0068 -0.9427 0.3336
vn -0.8835 0.1974 0.4247
vn -0.7399 -0.0701 0.6691
vn 0.1354 0.9143 -0.3817
vn 0.8133 0.1223 0.5689
vn 0.9382 -0.1658 0.3038
vn 0.1726 -0.9506 0.2582
vn -0.5153 -0.3334 0.7895
vn 0.9160 -0.2237 -0.3329
vn -0.0701 -0.9803 0.1844
vn 0.0374 -0.9819 0.1857
vn 0.0239 -0.1001 -0.9947
vn 0.4028 -0.2846 0.8699
vn -0.9248 -0.1412 -0.3534
vn -0.2619 -0.9489 -0.1759
vn 0.1517 -0.0425 -0.9875
vn 0.1876 -0.9350 -0.3011
vn -0.2489 -0.9202 0.3022
vn 0.0273 -0.9135 0.4059
vn 0.1656 -0.9857 0.0321
vn -0.1724 -0.9781 0.1170
vn -0.1319 -0.8026 0.5818
vn 0.1505 -0.9372 0.3147
vn -0.0621 -0.4602 -0.8856
vn -0.3850 0.9167 -0.1069
vn -0.0554 0.9985 0.0021
vn 0.0750 0.9972 -0.0050
vn 0.2689 0.9453 -0.1848
vn -0.1020 -0.9812 0.1640
vn -0.0865 -0.9960 0.0234
vn -0.8886 -0.4258 0.1705
vn -0.7883 -0.5907 0.1721
vt 0.825514 0.625000
vt 0.807478 0.612660
vt 0.807478 0.612660
vt 0.570211 0.165793
vt 0.625000 0.206585
vt 0.570211 0.206585
vt 0.625000 0.483614
vt 0.570211 0.550562
vt 0.570211 0.483614
vt 0.875000 0.584207
vt 0.833333 0.625000
vt 0.833333 0.573354
vt 0.433036 0.416667
vt 0.375000 0.483614
vt 0.375000 0.416667
vt 0.625000 0.587781
vt 0.570211 0.625000
vt 0.570211 0.587781
vt 0.491071 0.587781
vt 0.433036 0.625000
vt 0.433036 0.587781
vt 0.433036 0.483614
vt 0.491071 0.550562
vt 0.433036 0.550562
vt 0.471929 0.178411
vt 0.451739 0.193761
vt 0.452126 0.178587
vt 0.491071 0.625000
vt 0.491071 0.483614
vt 0.491071 0.165793
vt 0.491071 0.206585
vt 0.433036 0.165793
vt 0.375000 0.206585
vt 0.375000 0.165793
vt 0.375000 0.550562
vt 0.666667 0.625000
vt 0.625000 0.625000
vt 0.371068 0.267470
vt 0.433036 0.333333
vt 0.367136 0.328354
vt 0.491071 0.269959
vt 0.570211 0.333333
vt 0.491071 0.333333
vt 0.491071 0.416667
vt 0.433036 0.269959
vt 0.208333 0.584207
vt 0.166667 0.625000
vt 0.166667 0.584207
vt 0.291667 0.625000
vt 0.208333 0.625000
vt 0.666667 0.575140
vt 0.708333 0.625000
vt 0.708333 0.562500
vt 0.791667 0.625000
vt 0.625000 0.269959
vt 0.570211 0.269959
vt 0.625000 0.416667
vt 0.570211 0.416667
vt 0.573481 0.574528
vt 0.564281 0.599759
vt 0.374562 0.286335
vt 0.714414 0.598680
vt 0.695938 0.611840
vt 0.750000 0.573334
vt 0.789442 0.600320
vt 0.291667 0.500000
vt 0.000000 0.000000
vt 0.291667 0.562500
vt 0.555080 0.624989
vt 0.677462 0.625000
vt 0.708333 0.500000
vt 0.791667 0.562500
vt 0.666667 0.525281
vt 0.208333 0.543415
vt 0.166667 0.543415
vt 0.625000 0.550562
vt 0.433036 0.125000
vt 0.375000 0.125000
vt 0.570211 0.125000
vt 0.491071 0.125000
vt 0.875000 0.543415
vt 0.833333 0.521707
vt 0.625000 0.125000
vt 0.474728 0.176522
vt 0.475134 0.195832
vt 0.448930 0.195642
vt 0.433036 0.206585
vt 0.449340 0.176713
vt 0.472313 0.193935
vt 0.541667 0.375000
vt 0.555556 0.375000
vt 0.875000 0.625000
vt 0.625000 0.562500
vt 0.750000 0.500000
vt 0.625000 0.500000
vt 0.875000 0.562500
vt 0.569444 0.375000
vt 0.583333 0.375000
vt 0.611111 0.562500
vt 0.611111 0.625000
vt 0.375000 0.562500
vt 0.458333 0.625000
vt 0.375000 0.625000
vt 0.509688 0.562500
vt 0.541667 0.625000
vt 0.509688 0.625000
vt 0.458333 0.375000
vt 0.375000 0.500000
vt 0.375000 0.375000
vt 0.509688 0.500000
vt 0.509688 0.375000
vt 0.541667 0.250000
vt 0.458333 0.187500
vt 0.375000 0.250000
vt 0.375000 0.187500
vt 0.142515 0.065776
vt 0.231258 0.106734
vt 0.375000 0.562500
vt 0.375000 0.375000
vt 0.375000 0.187500
vt 0.458333 0.250000
vt 0.375000 0.375000
vt 0.583333 0.250000
vt 0.569444 0.250000
vt 0.569444 0.562500
vt 0.583333 0.625000
vt 0.569444 0.625000
vt 0.541667 0.500000
vt 0.597222 0.375000
vt 0.750000 0.500000
vt 0.597222 0.375000
vt 0.597222 0.500000
vt 0.583333 0.500000
vt 0.597222 0.500000
vt 0.555556 0.500000
vt 0.555555 0.500000
vt 0.583333 0.500000
vt 0.597222 0.500000
vt 0.569444 0.375000
vt 0.569444 0.375000
vt 0.541667 0.500000
vt 0.555556 0.500000
vt 0.555556 0.500000
vt 0.597222 0.375000
vt 0.597222 0.375000
vt 0.875000 0.500000
vt 0.583333 0.375000
vt 0.750000 0.437500
vt 0.569444 0.500000
vt 0.583333 0.562500
vt 0.458333 0.125000
vt 0.541667 0.562500
vt 0.458333 0.500000
vt 0.611111 0.500000
vt 0.555555 0.562500
vt 0.555556 0.375000
vt 0.569444 0.500000
vt 0.569445 0.500000
vt 0.569444 0.500000
vt 0.555555 0.625000
vt 0.555556 0.250000
vt 0.597222 0.562500
vt 0.611111 0.500000
vt 0.611111 0.500000
vt 0.611111 0.500000
vt 0.597222 0.375000
vt 0.597222 0.375000
vt 0.597222 0.250000
vt 0.597222 0.625000
vt 0.611111 0.500000
vt 0.611111 0.500000
vt 0.583333 0.500000
vt 0.583333 0.500000
vt 0.555555 0.500000
vt 0.555556 0.500000
vt 0.597222 0.375000
vt 0.555556 0.375000
vt 0.375000 0.250000
vt 0.458333 0.562500
vt 0.333807 0.154065
vt 0.791667 0.500000
vt 0.125000 0.543415
vt 0.125000 0.584207
vt 0.125000 0.625000
vt 0.777778 1.000000
vt 0.722222 1.000000
vt 0.888889 0.951094
vt 0.944444 0.951094
vt -0.000000 0.951094
vt 0.055555 0.951094
vt 0.861111 0.951094
vt 0.861111 0.951094
vt 0.111111 1.000000
vt 0.055555 1.000000
vt 0.944444 1.000000
vt 0.888889 1.000000
vt 0.777778 0.951094
vt 0.833333 0.951094
vt 0.277778 1.000000
vt 0.222222 1.000000
vt 0.833333 1.000000
vt 0.722222 0.951094
vt 0.055555 0.500000
vt 0.111111 0.500000
vt 0.111111 0.951094
vt 0.138889 0.500000
vt 0.138889 0.951094
vt 0.166666 0.500000
vt 0.222222 0.951094
vt 0.222222 0.500000
vt 0.277778 0.951094
vt 0.277778 0.500000
vt 0.777778 0.500000
vt 0.833333 0.500000
vt 0.861111 0.500000
vt 0.888889 0.500000
vt 0.944444 0.500000
vt 1.000000 0.951094
vt 1.000000 0.500000
vt 1.000000 1.000000
vt 0.861111 1.000000
vt 0.166666 1.000000
vt 0.138889 1.000000
vt -0.000000 1.000000
vt 0.166666 0.951094
vt 0.861111 1.000000
vt 0.138889 1.000000
vt -0.000000 0.500000
vt 0.722222 0.500000
vt 0.625000 0.165793
vt 0.625000 0.333333
vt 0.437500 0.312500
vt 0.625000 0.250000
vt 0.611111 0.250000
s 0
usemtl Material.001
f 63/4/2 13/5/2 24/6/2
f 57/10/4 417/11/4 422/12/4
f 76/30/12 24/6/12 77/31/12
f 79/32/13 12/33/13 58/34/13
f 49/22/29 86/13/29 87/22/29
f 31/77/46 58/34/46 16/78/46
f 27/79/47 76/30/47 23/80/47
f 23/80/49 74/30/49 72/80/49
f 13/81/52 422/12/52 416/82/52
f 17/83/53 63/4/53 27/79/53
f 72/80/54 75/32/54 73/77/54
f 79/32/55 74/30/55 76/30/55
f 80/84/57 77/31/57 81/85/57
f 82/86/58 77/31/58 78/87/58
f 83/88/59 78/87/59 79/32/59
f 83/88/60 76/30/60 80/84/60
f 20/89/61 80/84/61 81/85/61
f 20/89/62 82/86/62 28/26/62
f 28/26/63 83/88/63 64/27/63
f 64/27/64 80/84/64 61/25/64
f 84/44/65 87/22/65 86/13/65
f 47/29/66 87/22/66 85/29/66
f 41/44/67 86/13/67 45/13/67
f 41/44/68 85/29/68 84/44/68
f 205/101/82 129/102/82 123/103/82
f 409/104/83 128/105/83 405/106/83
f 132/107/84 120/108/84 130/109/84
f 133/90/85 404/110/85 407/111/85
f 407/111/86 125/112/86 133/90/86
f 210/113/87 135/114/87 209/115/87
f 412/116/88 138/67/88 411/117/88
f 123/103/89 211/118/89 205/101/89
f 213/119/90 142/114/90 145/109/90
f 213/119/91 141/108/91 211/118/91
f 209/115/92 142/114/92 212/120/92
f 130/109/93 137/121/93 132/107/93
f 142/114/94 148/114/94 150/114/94
f 145/109/95 149/108/95 141/108/95
f 145/109/96 150/114/96 151/109/96
f 120/108/97 147/109/97 130/109/97
f 135/114/98 147/109/98 148/114/98
f 141/108/99 146/108/99 120/108/99
f 192/122/100 156/114/100 157/109/100
f 195/108/101 152/108/101 194/108/101
f 195/108/102 157/109/102 155/108/102
f 196/109/103 152/108/103 153/109/103
f 197/114/104 153/109/104 154/114/104
f 197/114/105 156/114/105 193/114/105
f 199/130/110 169/95/110 168/94/110
f 268/131/112 168/94/112 190/94/112
f 189/128/115 178/90/115 177/128/115
f 186/137/116 263/138/116 269/134/116
f 245/139/117 173/98/117 229/140/117
f 202/141/118 228/142/118 243/143/118
f 271/134/119 170/133/119 260/134/119
f 202/141/120 172/90/120 171/128/120
f 273/144/122 162/94/122 199/130/122
f 187/95/123 174/94/123 190/94/123
f 241/139/125 179/98/125 233/97/125
f 239/136/126 177/128/126 232/136/126
f 228/142/131 189/128/131 239/136/131
f 229/140/132 191/98/132 241/139/132
f 169/95/133 190/94/133 168/94/133
f 170/133/134 269/134/134 260/134/134
f 171/128/135 188/90/135 189/128/135
f 148/114/136 193/114/136 150/114/136
f 148/114/137 196/109/137 197/114/137
f 147/109/138 194/108/138 196/109/138
f 151/109/139 195/108/139 149/108/139
f 149/108/140 194/108/140 146/108/140
f 151/109/141 193/114/141 192/122/141
f 165/128/142 201/90/142 202/141/142
f 257/134/143 203/133/143 271/134/143
f 165/128/144 243/143/144 224/136/144
f 225/97/145 200/147/145 245/139/145
f 162/94/146 198/95/146 199/130/146
f 136/78/149 212/120/149 143/78/149
f 144/109/150 211/118/150 140/103/150
f 143/78/151 213/119/151 144/109/151
f 205/101/152 141/108/152 120/108/152
f 139/151/153 209/115/153 136/78/153
f 404/110/154 208/152/154 409/104/154
f 127/153/155 205/101/155 120/108/155
f 166/90/159 246/156/159 201/90/159
f 226/91/160 245/139/160 246/156/160
f 223/157/161 203/133/161 164/133/161
f 224/136/162 244/158/162 223/157/162
f 172/90/163 242/156/163 188/90/163
f 230/156/164 241/139/164 242/156/164
f 170/133/165 240/159/165 186/137/165
f 227/149/166 239/136/166 240/159/166
f 240/159/169 176/133/169 186/137/169
f 240/159/170 232/136/170 231/149/170
f 188/90/171 234/156/171 178/90/171
f 242/156/172 233/97/172 234/156/172
f 244/158/175 170/133/175 203/133/175
f 243/143/176 227/149/176 244/158/176
f 201/90/177 230/156/177 172/90/177
f 246/156/178 229/140/178 230/156/178
f 216/161/183 133/90/183 125/112/183
f 167/98/189 273/144/189 200/147/189
f 163/95/190 272/163/190 198/95/190
f 256/164/191 271/134/191 272/163/191
f 259/163/192 187/95/192 169/95/192
f 260/134/193 270/165/193 259/163/193
f 261/145/194 191/98/194 173/98/194
f 268/131/197 179/98/197 191/98/197
f 198/95/200 259/163/200 169/95/200
f 272/163/201 260/134/201 259/163/201
f 270/165/202 175/95/202 187/95/202
f 269/134/203 262/163/203 270/165/203
f 261/145/207 199/130/207 168/94/207
f 273/144/208 173/98/208 200/147/208
f 264/129/209 190/94/209 174/94/209
f 328/95/269 357/94/269 327/94/269
f 352/90/280 370/90/280 307/90/280
f 384/108/294 393/108/294 390/108/294
f 127/153/310 409/104/310 207/179/310
f 410/67/311 408/67/311 412/116/311
f 132/107/312 406/180/312 407/111/312
f 407/111/313 127/153/313 132/107/313
f 207/179/314 405/106/314 129/102/314
f 134/67/315 412/116/315 406/180/315
f 406/180/316 411/117/316 125/112/316
f 13/5/321 419/56/321 24/6/321
f 77/31/323 420/45/323 78/87/323
f 77/31/324 419/56/324 418/41/324
f 78/87/325 414/38/325 12/33/325
f 154/114/446 376/114/446 156/114/446
f 153/109/447 374/114/447 154/114/447
f 153/109/448 372/108/448 373/109/448
f 152/108/449 375/108/449 372/108/449
f 377/109/450 155/108/450 157/109/450
f 156/114/451 377/109/451 157/109/451
f 134/67/452 210/113/452 139/151/452
f 139/151/453 210/113/453 410/67/453
f 593/4/455 558/5/455 587/230/455
f 417/11/457 587/10/457 924/12/457
f 604/30/465 564/6/465 593/4/465
f 557/33/466 607/32/466 588/34/466
f 580/22/482 614/13/482 577/13/482
f 588/34/499 31/77/499 16/78/499
f 604/30/500 27/79/500 23/80/500
f 23/80/502 602/30/502 604/30/502
f 924/12/505 558/81/505 919/82/505
f 593/4/506 17/83/506 27/79/506
f 603/32/507 72/80/507 73/77/507
f 602/30/508 607/32/508 604/30/508
f 605/31/510 608/84/510 609/85/510
f 610/86/511 605/31/511 609/85/511
f 611/88/512 606/87/512 610/86/512
f 604/30/513 611/88/513 608/84/513
f 562/89/514 608/84/514 591/25/514
f 610/86/515 562/89/515 566/26/515
f 611/88/516 566/26/516 594/27/516
f 608/84/517 594/27/517 591/25/517
f 615/22/518 612/44/518 614/13/518
f 578/29/519 615/22/519 580/22/519
f 614/13/520 573/44/520 577/13/520
f 573/44/521 613/29/521 578/29/521
f 716/101/535 129/102/535 718/179/535
f 914/104/536 128/105/536 719/152/536
f 643/108/537 650/107/537 648/109/537
f 911/110/538 651/90/538 913/111/538
f 913/111/539 645/112/539 912/180/539
f 653/114/540 721/113/540 720/115/540
f 917/116/541 138/67/541 408/67/541
f 722/118/542 123/103/542 716/101/542
f 724/119/543 656/114/543 723/120/543
f 655/108/544 724/119/544 722/118/544
f 720/115/545 656/114/545 653/114/545
f 648/109/546 654/121/546 653/114/546
f 656/114/547 660/114/547 653/114/547
f 661/108/548 657/109/548 655/108/548
f 657/109/549 662/114/549 656/114/549
f 659/109/550 643/108/550 648/109/550
f 653/114/551 659/109/551 648/109/551
f 658/108/552 655/108/552 643/108/552
f 703/122/553 668/114/553 704/114/553
f 664/108/554 706/108/554 705/108/554
f 706/108/555 669/109/555 703/122/555
f 707/109/556 664/108/556 705/108/556
f 708/114/557 665/109/557 707/109/557
f 668/114/558 708/114/558 704/114/558
f 710/130/563 680/95/563 709/95/563
f 679/94/565 775/131/565 701/94/565
f 700/128/568 689/90/568 699/90/568
f 770/138/569 697/137/569 776/134/569
f 754/139/570 684/98/570 711/147/570
f 737/142/571 713/141/571 752/143/571
f 778/134/572 681/133/572 714/133/572
f 713/141/573 683/90/573 712/90/573
f 673/94/575 780/144/575 710/130/575
f 685/94/576 698/95/576 701/94/576
f 750/139/578 690/98/578 702/98/578
f 748/136/579 688/128/579 700/128/579
f 737/142/584 700/128/584 682/128/584
f 738/140/585 702/98/585 684/98/585
f 701/94/586 680/95/586 679/94/586
f 776/134/587 681/133/587 767/134/587
f 682/128/588 699/90/588 683/90/588
f 704/114/589 660/114/589 662/114/589
f 660/114/590 707/109/590 659/109/590
f 659/109/591 705/108/591 658/108/591
f 706/108/592 663/109/592 661/108/592
f 705/108/593 661/108/593 658/108/593
f 663/109/594 704/114/594 662/114/594
f 676/128/595 712/90/595 677/90/595
f 764/134/596 714/133/596 675/133/596
f 752/143/597 676/128/597 733/136/597
f 734/97/598 711/147/598 678/98/598
f 673/94/599 709/95/599 674/95/599
f 136/78/602 723/120/602 720/115/602
f 722/118/603 144/109/603 140/103/603
f 724/119/604 143/78/604 144/109/604
f 655/108/605 716/101/605 643/108/605
f 720/115/606 139/151/606 136/78/606
f 911/110/607 719/152/607 646/128/607
f 716/101/608 647/153/608 643/108/608
f 677/90/612 755/156/612 735/91/612
f 735/91/613 754/139/613 734/97/613
f 714/133/614 732/157/614 675/133/614
f 753/158/615 733/136/615 732/157/615
f 683/90/616 751/156/616 739/156/616
f 739/156/617 750/139/617 738/140/617
f 697/137/618 736/149/618 681/133/618
f 736/149/619 748/136/619 737/142/619
f 687/133/622 749/159/622 697/137/622
f 749/159/623 741/136/623 748/136/623
f 699/90/624 743/156/624 751/156/624
f 751/156/625 742/97/625 750/139/625
f 681/133/628 753/158/628 714/133/628
f 736/149/629 752/143/629 753/158/629
f 712/90/630 739/156/630 755/156/630
f 755/156/631 738/140/631 754/139/631
f 651/90/636 727/161/636 645/112/636
f 678/98/642 780/144/642 765/167/642
f 674/95/643 779/163/643 763/164/643
f 763/164/644 778/134/644 764/134/644
f 698/95/645 766/163/645 680/95/645
f 777/165/646 767/134/646 766/163/646
f 702/98/647 768/145/647 684/98/647
f 690/98/650 775/131/650 702/98/650
f 709/95/653 766/163/653 779/163/653
f 779/163/654 767/134/654 778/134/654
f 686/95/655 777/165/655 698/95/655
f 769/163/656 776/134/656 777/165/656
f 710/130/660 768/145/660 679/94/660
f 684/98/661 780/144/661 711/147/661
f 685/94/662 775/131/662 771/129/662
f 864/94/721 835/95/721 834/94/721
f 877/90/732 859/90/732 814/90/732
f 891/108/746 900/108/746 894/108/746
f 647/153/762 914/104/762 911/110/762
f 915/67/763 408/67/763 139/67/763
f 650/107/764 912/180/764 652/67/764
f 647/153/765 913/111/765 650/107/765
f 718/179/766 405/106/766 914/104/766
f 652/67/767 917/116/767 915/67/767
f 912/180/768 916/117/768 917/116/768
f 921/56/773 558/5/773 564/6/773
f 922/45/775 605/31/775 606/87/775
f 605/31/776 921/56/776 564/6/776
f 918/38/777 606/87/777 557/33/777
f 666/114/898 883/114/898 881/114/898
f 881/114/899 665/109/899 666/114/899
f 665/109/900 879/108/900 664/108/900
f 664/108/901 882/108/901 667/108/901
f 667/108/902 884/109/902 669/109/902
f 668/114/903 884/109/903 883/114/903
f 139/151/904 721/113/904 652/67/904
f 139/151/905 915/67/905 721/113/905
f 63/4/907 57/230/907 13/5/907
f 57/10/909 17/92/909 417/11/909
f 76/30/917 63/4/917 24/6/917
f 79/32/918 78/87/918 12/33/918
f 49/22/934 45/13/934 86/13/934
f 31/77/950 79/32/950 58/34/950
f 27/79/951 63/4/951 76/30/951
f 23/80/953 76/30/953 74/30/953
f 13/81/956 57/10/956 422/12/956
f 17/83/907 57/230/907 63/4/907
f 72/80/957 74/30/957 75/32/957
f 79/32/958 75/32/958 74/30/958
f 80/84/960 76/30/960 77/31/960
f 82/86/961 81/85/961 77/31/961
f 83/88/962 82/86/962 78/87/962
f 83/88/963 79/32/963 76/30/963
f 20/89/964 61/25/964 80/84/964
f 20/89/965 81/85/965 82/86/965
f 28/26/966 82/86/966 83/88/966
f 64/27/967 83/88/967 80/84/967
f 84/44/968 85/29/968 87/22/968
f 47/29/969 49/22/969 87/22/969
f 41/44/970 84/44/970 86/13/970
f 41/44/971 47/29/971 85/29/971
f 205/101/984 207/179/984 129/102/984
f 409/104/985 208/152/985 128/105/985
f 132/107/986 127/153/986 120/108/986
f 133/90/987 126/128/987 404/110/987
f 407/111/988 406/180/988 125/112/988
f 210/113/989 137/121/989 135/114/989
f 412/116/990 408/67/990 138/67/990
f 123/103/991 140/103/991 211/118/991
f 213/119/992 212/120/992 142/114/992
f 213/119/993 145/109/993 141/108/993
f 209/115/994 135/114/994 142/114/994
f 130/109/995 135/114/995 137/121/995
f 142/114/996 135/114/996 148/114/996
f 145/109/997 151/109/997 149/108/997
f 145/109/998 142/114/998 150/114/998
f 120/108/999 146/108/999 147/109/999
f 135/114/1000 130/109/1000 147/109/1000
f 141/108/1001 149/108/1001 146/108/1001
f 192/122/1002 193/114/1002 156/114/1002
f 195/108/1003 155/108/1003 152/108/1003
f 195/108/1004 192/122/1004 157/109/1004
f 196/109/1005 194/108/1005 152/108/1005
f 197/114/1006 196/109/1006 153/109/1006
f 197/114/1007 154/114/1007 156/114/1007
f 199/130/1012 198/95/1012 169/95/1012
f 268/131/1014 261/145/1014 168/94/1014
f 189/128/1017 188/90/1017 178/90/1017
f 186/137/1018 176/133/1018 263/138/1018
f 245/139/1019 200/147/1019 173/98/1019
f 202/141/1020 171/128/1020 228/142/1020
f 271/134/1021 203/133/1021 170/133/1021
f 202/141/1022 201/90/1022 172/90/1022
f 273/144/1024 258/167/1024 162/94/1024
f 187/95/1025 175/95/1025 174/94/1025
f 241/139/1027 191/98/1027 179/98/1027
f 239/136/1028 189/128/1028 177/128/1028
f 228/142/1033 171/128/1033 189/128/1033
f 229/140/1034 173/98/1034 191/98/1034
f 169/95/1035 187/95/1035 190/94/1035
f 170/133/1036 186/137/1036 269/134/1036
f 171/128/1037 172/90/1037 188/90/1037
f 148/114/1038 197/114/1038 193/114/1038
f 148/114/1039 147/109/1039 196/109/1039
f 147/109/1040 146/108/1040 194/108/1040
f 151/109/1041 192/122/1041 195/108/1041
f 149/108/1042 195/108/1042 194/108/1042
f 151/109/1043 150/114/1043 193/114/1043
f 165/128/1044 166/90/1044 201/90/1044
f 257/134/1045 164/133/1045 203/133/1045
f 165/128/1046 202/141/1046 243/143/1046
f 225/97/1047 167/98/1047 200/147/1047
f 162/94/1048 163/95/1048 198/95/1048
f 136/78/1059 209/115/1059 212/120/1059
f 144/109/1060 213/119/1060 211/118/1060
f 143/78/1061 212/120/1061 213/119/1061
f 205/101/1062 211/118/1062 141/108/1062
f 139/151/1063 210/113/1063 209/115/1063
f 404/110/1064 126/128/1064 208/152/1064
f 127/153/1065 207/179/1065 205/101/1065
f 166/90/1069 226/91/1069 246/156/1069
f 226/91/1070 225/97/1070 245/139/1070
f 223/157/1071 244/158/1071 203/133/1071
f 224/136/1072 243/143/1072 244/158/1072
f 172/90/1073 230/156/1073 242/156/1073
f 230/156/1074 229/140/1074 241/139/1074
f 170/133/1075 227/149/1075 240/159/1075
f 227/149/1076 228/142/1076 239/136/1076
f 240/159/1079 231/149/1079 176/133/1079
f 240/159/1080 239/136/1080 232/136/1080
f 188/90/1081 242/156/1081 234/156/1081
f 242/156/1082 241/139/1082 233/97/1082
f 244/158/1085 227/149/1085 170/133/1085
f 243/143/1086 228/142/1086 227/149/1086
f 201/90/1087 246/156/1087 230/156/1087
f 246/156/1088 245/139/1088 229/140/1088
f 216/161/1093 222/156/1093 133/90/1093
f 167/98/1099 258/167/1099 273/144/1099
f 163/95/1100 256/164/1100 272/163/1100
f 256/164/1101 257/134/1101 271/134/1101
f 259/163/1102 270/165/1102 187/95/1102
f 260/134/1103 269/134/1103 270/165/1103
f 261/145/1104 268/131/1104 191/98/1104
f 268/131/1107 264/129/1107 179/98/1107
f 198/95/1110 272/163/1110 259/163/1110
f 272/163/1111 271/134/1111 260/134/1111
f 270/165/1112 262/163/1112 175/95/1112
f 269/134/1113 263/138/1113 262/163/1113
f 261/145/1117 273/144/1117 199/130/1117
f 273/144/1118 261/145/1118 173/98/1118
f 264/129/1119 268/131/1119 190/94/1119
f 328/95/1168 358/95/1168 357/94/1168
f 352/90/280 355/90/280 370/90/280
f 384/108/1201 387/108/1201 393/108/1201
f 127/153/1217 404/110/1217 409/104/1217
f 410/67/1218 139/67/1218 408/67/1218
f 132/107/1219 134/67/1219 406/180/1219
f 407/111/1220 404/110/1220 127/153/1220
f 207/179/1221 409/104/1221 405/106/1221
f 134/67/1222 410/67/1222 412/116/1222
f 406/180/1223 412/116/1223 411/117/1223
f 13/5/1226 416/55/1226 419/56/1226
f 77/31/1228 418/41/1228 420/45/1228
f 77/31/1229 24/6/1229 419/56/1229
f 78/87/921 420/45/921 414/38/921
f 154/114/1365 374/114/1365 376/114/1365
f 153/109/1366 373/109/1366 374/114/1366
f 153/109/1367 152/108/1367 372/108/1367
f 152/108/1368 155/108/1368 375/108/1368
f 377/109/1369 375/108/1369 155/108/1369
f 156/114/1370 376/114/1370 377/109/1370
f 139/151/1371 410/67/1371 134/67/1371
f 134/67/1372 137/121/1372 210/113/1372
f 593/4/1374 564/6/1374 558/5/1374
f 417/11/1376 17/92/1376 587/10/1376
f 604/30/1384 605/31/1384 564/6/1384
f 557/33/1385 606/87/1385 607/32/1385
f 580/22/1401 615/22/1401 614/13/1401
f 588/34/1417 607/32/1417 31/77/1417
f 604/30/1418 593/4/1418 27/79/1418
f 23/80/1420 72/80/1420 602/30/1420
f 924/12/1423 587/10/1423 558/81/1423
f 593/4/455 587/230/455 17/83/455
f 603/32/1424 602/30/1424 72/80/1424
f 602/30/1425 603/32/1425 607/32/1425
f 605/31/1427 604/30/1427 608/84/1427
f 610/86/1428 606/87/1428 605/31/1428
f 611/88/1429 607/32/1429 606/87/1429
f 604/30/1430 607/32/1430 611/88/1430
f 562/89/1431 609/85/1431 608/84/1431
f 610/86/1432 609/85/1432 562/89/1432
f 611/88/1433 610/86/1433 566/26/1433
f 608/84/1434 611/88/1434 594/27/1434
f 615/22/1435 613/29/1435 612/44/1435
f 578/29/1436 613/29/1436 615/22/1436
f 614/13/1437 612/44/1437 573/44/1437
f 573/44/1438 612/44/1438 613/29/1438
f 716/101/1451 123/103/1451 129/102/1451
f 914/104/1452 405/106/1452 128/105/1452
f 643/108/1453 647/153/1453 650/107/1453
f 911/110/1454 646/128/1454 651/90/1454
f 913/111/1455 651/90/1455 645/112/1455
f 653/114/1456 654/121/1456 721/113/1456
f 917/116/1457 916/117/1457 138/67/1457
f 722/118/1458 140/103/1458 123/103/1458
f 724/119/1459 657/109/1459 656/114/1459
f 655/108/1460 657/109/1460 724/119/1460
f 720/115/1461 723/120/1461 656/114/1461
f 648/109/1462 650/107/1462 654/121/1462
f 656/114/1463 662/114/1463 660/114/1463
f 661/108/1464 663/109/1464 657/109/1464
f 657/109/1465 663/109/1465 662/114/1465
f 659/109/1466 658/108/1466 643/108/1466
f 653/114/1467 660/114/1467 659/109/1467
f 658/108/1468 661/108/1468 655/108/1468
f 703/122/1469 669/109/1469 668/114/1469
f 664/108/1470 667/108/1470 706/108/1470
f 706/108/1471 667/108/1471 669/109/1471
f 707/109/1472 665/109/1472 664/108/1472
f 708/114/1473 666/114/1473 665/109/1473
f 668/114/1474 666/114/1474 708/114/1474
f 710/130/1479 679/94/1479 680/95/1479
f 679/94/1481 768/145/1481 775/131/1481
f 700/128/1484 688/128/1484 689/90/1484
f 770/138/1485 687/133/1485 697/137/1485
f 754/139/1486 738/140/1486 684/98/1486
f 737/142/1487 682/128/1487 713/141/1487
f 778/134/1488 767/134/1488 681/133/1488
f 713/141/1489 682/128/1489 683/90/1489
f 673/94/1491 765/167/1491 780/144/1491
f 685/94/1492 686/95/1492 698/95/1492
f 750/139/1494 742/97/1494 690/98/1494
f 748/136/1495 741/136/1495 688/128/1495
f 737/142/1500 748/136/1500 700/128/1500
f 738/140/1501 750/139/1501 702/98/1501
f 701/94/1502 698/95/1502 680/95/1502
f 776/134/1503 697/137/1503 681/133/1503
f 682/128/1504 700/128/1504 699/90/1504
f 704/114/1505 708/114/1505 660/114/1505
f 660/114/1506 708/114/1506 707/109/1506
f 659/109/1507 707/109/1507 705/108/1507
f 706/108/1508 703/122/1508 663/109/1508
f 705/108/1509 706/108/1509 661/108/1509
f 663/109/1510 703/122/1510 704/114/1510
f 676/128/1511 713/141/1511 712/90/1511
f 764/134/1512 778/134/1512 714/133/1512
f 752/143/1513 713/141/1513 676/128/1513
f 734/97/1514 754/139/1514 711/147/1514
f 673/94/1515 710/130/1515 709/95/1515
f 136/78/1526 143/78/1526 723/120/1526
f 722/118/1527 724/119/1527 144/109/1527
f 724/119/1528 723/120/1528 143/78/1528
f 655/108/1529 722/118/1529 716/101/1529
f 720/115/1530 721/113/1530 139/151/1530
f 911/110/1531 914/104/1531 719/152/1531
f 716/101/1532 718/179/1532 647/153/1532
f 677/90/1536 712/90/1536 755/156/1536
f 735/91/1537 755/156/1537 754/139/1537
f 714/133/1538 753/158/1538 732/157/1538
f 753/158/1539 752/143/1539 733/136/1539
f 683/90/1540 699/90/1540 751/156/1540
f 739/156/1541 751/156/1541 750/139/1541
f 697/137/1542 749/159/1542 736/149/1542
f 736/149/1543 749/159/1543 748/136/1543
f 687/133/1546 740/149/1546 749/159/1546
f 749/159/1547 740/149/1547 741/136/1547
f 699/90/1548 689/90/1548 743/156/1548
f 751/156/1549 743/156/1549 742/97/1549
f 681/133/1552 736/149/1552 753/158/1552
f 736/149/1553 737/142/1553 752/143/1553
f 712/90/1554 683/90/1554 739/156/1554
f 755/156/1555 739/156/1555 738/140/1555
f 651/90/1560 731/156/1560 727/161/1560
f 678/98/1566 711/147/1566 780/144/1566
f 674/95/1567 709/95/1567 779/163/1567
f 763/164/1568 779/163/1568 778/134/1568
f 698/95/1569 777/165/1569 766/163/1569
f 777/165/1570 776/134/1570 767/134/1570
f 702/98/1571 775/131/1571 768/145/1571
f 690/98/1574 771/129/1574 775/131/1574
f 709/95/1577 680/95/1577 766/163/1577
f 779/163/1578 766/163/1578 767/134/1578
f 686/95/1579 769/163/1579 777/165/1579
f 769/163/1580 770/138/1580 776/134/1580
f 710/130/1584 780/144/1584 768/145/1584
f 684/98/1585 768/145/1585 780/144/1585
f 685/94/1586 701/94/1586 775/131/1586
f 864/94/1636 865/95/1636 835/95/1636
f 877/90/732 862/90/732 859/90/732
f 891/108/1669 897/108/1669 900/108/1669
f 647/153/1685 718/179/1685 914/104/1685
f 915/67/1686 917/116/1686 408/67/1686
f 650/107/1687 913/111/1687 912/180/1687
f 647/153/1688 911/110/1688 913/111/1688
f 718/179/1689 129/102/1689 405/106/1689
f 652/67/1690 912/180/1690 917/116/1690
f 912/180/1691 645/112/1691 916/117/1691
f 921/56/1694 919/55/1694 558/5/1694
f 922/45/1696 920/41/1696 605/31/1696
f 605/31/1697 920/41/1697 921/56/1697
f 918/38/469 922/45/469 606/87/469
f 666/114/1835 668/114/1835 883/114/1835
f 881/114/1836 880/109/1836 665/109/1836
f 665/109/1837 880/109/1837 879/108/1837
f 664/108/1838 879/108/1838 882/108/1838
f 667/108/1839 882/108/1839 884/109/1839
f 668/114/1840 669/109/1840 884/109/1840
f 652/67/1841 915/67/1841 139/151/1841
f 721/113/1842 654/121/1842 652/67/1842
usemtl Material.003
f 61/25/9 28/26/9 64/27/9
f 31/77/56 75/32/56 79/32/56
f 566/26/462 591/25/462 594/27/462
f 603/32/509 31/77/509 607/32/509
f 61/25/914 20/89/914 28/26/914
f 31/77/959 73/77/959 75/32/959
f 566/26/1381 562/89/1381 591/25/1381
f 603/32/1426 73/77/1426 31/77/1426
usemtl Material.005
f 6/1/1 56/2/1 54/3/1
f 18/7/3 25/8/3 48/9/3
f 45/13/5 50/14/5 32/15/5
f 59/16/6 26/17/6 62/18/6
f 60/19/7 30/20/7 65/21/7
f 49/22/8 21/23/8 29/24/8
f 60/19/10 26/17/10 22/28/10
f 47/29/11 25/8/11 21/23/11
f 49/22/14 14/35/14 50/14/14
f 59/16/15 46/36/15 19/37/15
f 414/38/16 44/39/16 33/40/16
f 44/39/17 32/15/17 33/40/17
f 418/41/18 42/42/18 40/43/18
f 42/42/19 41/44/19 40/43/19
f 418/41/20 44/39/20 420/45/20
f 40/43/21 45/13/21 44/39/21
f 66/46/22 415/47/22 421/48/22
f 66/46/23 38/49/23 39/50/23
f 70/51/24 37/52/24 46/36/24
f 68/53/25 36/54/25 37/52/25
f 416/55/26 42/42/26 419/56/26
f 42/42/27 35/57/27 43/58/27
f 43/58/28 47/29/28 41/44/28
f 35/57/30 48/9/30 43/58/30
f 52/59/31 65/21/31 71/60/31
f 51/61/32 29/24/32 52/59/32
f 8/62/33 71/60/33 55/63/33
f 9/64/34 52/59/34 8/62/34
f 10/65/35 51/61/35 9/64/35
f 56/2/36 32/66/36 10/65/36
f 50/67/37 10/65/37 32/66/37
f 11/1/38 67/68/38 56/2/38
f 55/63/39 53/69/39 7/70/39
f 71/60/40 30/20/40 53/69/40
f 35/71/41 69/72/41 68/53/41
f 18/73/42 68/53/42 70/51/42
f 33/74/43 67/68/43 66/46/43
f 33/74/44 421/48/44 414/75/44
f 15/76/45 70/51/45 59/16/45
f 25/8/48 60/19/48 21/23/48
f 21/23/50 65/21/50 29/24/50
f 15/76/51 62/18/51 25/8/51
f 117/3/70 102/92/70 108/1/70
f 116/63/71 103/37/71 115/93/71
f 104/94/72 105/65/72 107/64/72
f 101/95/73 107/64/73 109/62/73
f 105/65/74 112/64/74 107/64/74
f 107/64/75 111/62/75 109/62/75
f 55/63/76 106/70/76 116/63/76
f 109/62/77 115/93/77 101/95/77
f 117/3/78 113/65/78 105/65/78
f 105/65/79 114/96/79 117/3/79
f 221/97/80 167/98/80 225/97/80
f 274/99/81 124/37/81 253/100/81
f 158/123/106 221/97/106 215/124/106
f 247/125/107 160/126/107 219/127/107
f 126/128/108 166/90/108 165/128/108
f 131/94/111 163/95/111 162/94/111
f 252/132/113 164/133/113 257/134/113
f 218/135/114 165/128/114 224/136/114
f 255/145/124 119/146/124 131/94/124
f 204/148/147 215/124/147 125/112/147
f 217/149/148 214/150/148 247/125/148
f 121/95/156 274/99/156 251/154/156
f 126/128/157 248/155/157 208/152/157
f 218/135/158 247/125/158 248/155/158
f 159/133/179 223/157/179 164/133/179
f 217/149/180 224/136/180 223/157/180
f 208/152/181 220/160/181 128/105/181
f 248/155/182 219/127/182 220/160/182
f 215/124/184 222/156/184 216/161/184
f 222/156/185 166/90/185 133/90/185
f 222/156/186 225/97/186 226/91/186
f 159/133/187 275/162/187 214/150/187
f 251/154/188 275/162/188 252/132/188
f 162/94/199 255/145/199 131/94/199
f 121/95/204 256/164/204 163/95/204
f 251/154/205 257/134/205 256/164/205
f 161/98/206 258/167/206 167/98/206
f 250/168/210 161/98/210 158/123/210
f 214/150/211 254/169/211 160/126/211
f 275/162/212 253/100/212 254/169/212
f 124/37/317 206/93/317 103/67/317
f 8/62/318 116/63/318 109/62/318
f 416/82/319 69/72/319 34/181/319
f 422/12/326 36/54/326 69/72/326
f 586/2/454 6/1/454 584/3/454
f 565/8/456 561/7/456 579/9/456
f 581/14/458 577/13/458 568/15/458
f 26/17/459 589/16/459 592/18/459
f 30/20/460 590/19/460 595/21/460
f 580/22/461 563/23/461 578/29/461
f 590/19/463 26/17/463 592/18/463
f 578/29/464 565/8/464 579/9/464
f 559/35/467 580/22/467 581/14/467
f 589/16/468 46/36/468 600/51/468
f 918/38/469 576/39/469 922/45/469
f 568/15/470 576/39/470 569/40/470
f 920/41/471 574/42/471 921/56/471
f 573/44/472 574/42/472 572/43/472
f 576/39/473 920/41/473 922/45/473
f 577/13/474 572/43/474 576/39/474
f 415/47/475 596/46/475 923/48/475
f 596/46/476 38/49/476 597/68/476
f 600/51/477 37/52/477 598/53/477
f 598/53/478 36/54/478 599/72/478
f 574/42/479 919/55/479 921/56/479
f 574/42/480 571/57/480 570/231/480
f 578/29/481 575/58/481 573/44/481
f 579/9/483 571/57/483 575/58/483
f 595/21/484 583/59/484 601/60/484
f 567/24/485 582/61/485 583/59/485
f 601/60/486 554/62/486 585/63/486
f 583/59/487 555/64/487 554/62/487
f 556/65/488 582/61/488 581/67/488
f 586/2/489 568/66/489 597/68/489
f 581/67/490 568/66/490 556/65/490
f 11/1/491 597/68/491 38/49/491
f 53/69/492 585/63/492 7/70/492
f 30/20/493 601/60/493 53/69/493
f 571/71/494 599/72/494 570/181/494
f 561/73/495 598/53/495 571/71/495
f 569/74/496 597/68/496 568/66/496
f 923/48/497 569/74/497 918/75/497
f 560/76/498 600/51/498 561/73/498
f 590/19/501 565/8/501 563/23/501
f 595/21/503 563/23/503 567/24/503
f 592/18/504 560/76/504 565/8/504
f 640/3/523 102/92/523 637/96/523
f 103/37/524 639/63/524 638/93/524
f 630/94/525 631/65/525 628/146/525
f 633/62/526 630/94/526 629/95/526
f 635/64/527 631/65/527 632/64/527
f 634/62/528 632/64/528 633/62/528
f 585/63/529 106/70/529 7/70/529
f 638/93/530 633/62/530 629/95/530
f 636/65/531 640/3/531 631/65/531
f 631/65/532 637/96/532 628/146/532
f 730/97/533 678/98/533 672/98/533
f 781/99/534 124/37/534 717/93/534
f 730/97/559 670/123/559 726/124/559
f 756/125/560 160/126/560 725/150/560
f 646/128/561 677/90/561 651/90/561
f 649/94/564 674/95/564 644/95/564
f 761/132/566 675/133/566 671/133/566
f 729/135/567 676/128/567 646/128/567
f 642/146/577 762/145/577 649/94/577
f 413/232/600 727/161/600 642/233/600
f 728/149/601 725/150/601 671/133/601
f 781/99/609 644/95/609 760/154/609
f 646/128/610 757/155/610 729/135/610
f 729/135/611 756/125/611 728/149/611
f 671/133/632 732/157/632 728/149/632
f 728/149/633 733/136/633 729/135/633
f 719/152/634 220/160/634 757/155/634
f 757/155/635 219/127/635 756/125/635
f 731/156/637 726/124/637 727/161/637
f 677/90/638 731/156/638 651/90/638
f 731/156/639 734/97/639 730/97/639
f 671/133/640 782/162/640 761/132/640
f 782/162/641 760/154/641 761/132/641
f 673/94/652 762/145/652 765/167/652
f 644/95/657 763/164/657 760/154/657
f 760/154/658 764/134/658 761/132/658
f 672/98/659 765/167/659 762/145/659
f 672/98/663 759/168/663 670/123/663
f 725/150/664 254/169/664 782/162/664
f 782/162/665 253/100/665 781/99/665
f 124/37/769 103/67/769 717/93/769
f 554/62/770 639/63/770 585/63/770
f 599/72/771 919/82/771 570/181/771
f 36/54/778 924/12/778 599/72/778
f 6/1/906 11/1/906 56/2/906
f 18/7/908 15/76/908 25/8/908
f 45/13/910 49/22/910 50/14/910
f 59/16/911 19/37/911 26/17/911
f 60/19/912 22/28/912 30/20/912
f 49/22/913 47/29/913 21/23/913
f 60/19/915 62/18/915 26/17/915
f 47/29/916 48/9/916 25/8/916
f 49/22/919 29/24/919 14/35/919
f 59/16/920 70/51/920 46/36/920
f 414/38/921 420/45/921 44/39/921
f 44/39/922 45/13/922 32/15/922
f 418/41/923 419/56/923 42/42/923
f 42/42/924 43/58/924 41/44/924
f 418/41/925 40/43/925 44/39/925
f 40/43/926 41/44/926 45/13/926
f 66/46/927 39/50/927 415/47/927
f 66/46/928 67/68/928 38/49/928
f 70/51/929 68/53/929 37/52/929
f 68/53/930 69/72/930 36/54/930
f 416/55/931 34/231/931 42/42/931
f 42/42/932 34/231/932 35/57/932
f 43/58/933 48/9/933 47/29/933
f 35/57/935 18/7/935 48/9/935
f 52/59/936 29/24/936 65/21/936
f 51/61/937 50/67/937 29/24/937
f 8/62/938 52/59/938 71/60/938
f 9/64/939 51/61/939 52/59/939
f 10/65/940 50/67/940 51/61/940
f 56/2/941 67/68/941 32/66/941
f 11/1/942 38/49/942 67/68/942
f 55/63/943 71/60/943 53/69/943
f 71/60/944 65/21/944 30/20/944
f 35/71/945 34/181/945 69/72/945
f 18/73/946 35/71/946 68/53/946
f 33/74/947 32/66/947 67/68/947
f 33/74/948 66/46/948 421/48/948
f 15/76/949 18/73/949 70/51/949
f 25/8/952 62/18/952 60/19/952
f 21/23/954 60/19/954 65/21/954
f 15/76/955 59/16/955 62/18/955
f 117/3/972 114/96/972 102/92/972
f 116/63/973 106/70/973 103/37/973
f 104/94/974 100/146/974 105/65/974
f 101/95/975 104/94/975 107/64/975
f 105/65/976 113/65/976 112/64/976
f 107/64/977 112/64/977 111/62/977
f 55/63/978 7/70/978 106/70/978
f 109/62/979 116/63/979 115/93/979
f 117/3/980 118/2/980 113/65/980
f 105/65/981 100/146/981 114/96/981
f 221/97/982 161/98/982 167/98/982
f 274/99/983 206/93/983 124/37/983
f 158/123/1008 161/98/1008 221/97/1008
f 247/125/1009 214/150/1009 160/126/1009
f 126/128/1010 133/90/1010 166/90/1010
f 131/94/1013 121/95/1013 163/95/1013
f 252/132/1015 159/133/1015 164/133/1015
f 218/135/1016 126/128/1016 165/128/1016
f 255/145/1026 250/168/1026 119/146/1026
f 413/232/1049 122/92/1049 204/148/1049
f 204/148/1050 119/233/1050 249/234/1050
f 250/168/1051 158/123/1051 215/124/1051
f 204/148/1052 249/234/1052 250/168/1052
f 138/67/1053 413/232/1053 204/148/1053
f 125/112/1054 411/117/1054 138/67/1054
f 215/124/1055 216/161/1055 125/112/1055
f 204/148/1056 250/168/1056 215/124/1056
f 125/112/1057 138/67/1057 204/148/1057
f 217/149/1058 159/133/1058 214/150/1058
f 121/95/1066 206/93/1066 274/99/1066
f 126/128/1067 218/135/1067 248/155/1067
f 218/135/1068 217/149/1068 247/125/1068
f 159/133/1089 217/149/1089 223/157/1089
f 217/149/1090 218/135/1090 224/136/1090
f 208/152/1091 248/155/1091 220/160/1091
f 248/155/1092 247/125/1092 219/127/1092
f 215/124/1094 221/97/1094 222/156/1094
f 222/156/1095 226/91/1095 166/90/1095
f 222/156/1096 221/97/1096 225/97/1096
f 159/133/1097 252/132/1097 275/162/1097
f 251/154/1098 274/99/1098 275/162/1098
f 162/94/1109 258/167/1109 255/145/1109
f 121/95/1114 251/154/1114 256/164/1114
f 251/154/1115 252/132/1115 257/134/1115
f 161/98/1116 255/145/1116 258/167/1116
f 250/168/1120 255/145/1120 161/98/1120
f 214/150/1121 275/162/1121 254/169/1121
f 275/162/1122 274/99/1122 253/100/1122
f 8/62/1224 55/63/1224 116/63/1224
f 416/82/4 422/12/4 69/72/4
f 422/12/1230 417/11/1230 36/54/1230
f 586/2/1373 11/1/1373 6/1/1373
f 565/8/1375 560/76/1375 561/7/1375
f 581/14/1377 580/22/1377 577/13/1377
f 26/17/1378 19/37/1378 589/16/1378
f 30/20/1379 22/28/1379 590/19/1379
f 580/22/1380 567/24/1380 563/23/1380
f 590/19/1382 22/28/1382 26/17/1382
f 578/29/1383 563/23/1383 565/8/1383
f 559/35/1386 567/24/1386 580/22/1386
f 589/16/1387 19/37/1387 46/36/1387
f 918/38/1388 569/40/1388 576/39/1388
f 568/15/1389 577/13/1389 576/39/1389
f 920/41/1390 572/43/1390 574/42/1390
f 573/44/1391 575/58/1391 574/42/1391
f 576/39/1392 572/43/1392 920/41/1392
f 577/13/1393 573/44/1393 572/43/1393
f 415/47/1394 39/50/1394 596/46/1394
f 596/46/1395 39/50/1395 38/49/1395
f 600/51/1396 46/36/1396 37/52/1396
f 598/53/1397 37/52/1397 36/54/1397
f 574/42/1398 570/231/1398 919/55/1398
f 574/42/1399 575/58/1399 571/57/1399
f 578/29/1400 579/9/1400 575/58/1400
f 579/9/1402 561/7/1402 571/57/1402
f 595/21/1403 567/24/1403 583/59/1403
f 567/24/1404 581/67/1404 582/61/1404
f 601/60/1405 583/59/1405 554/62/1405
f 583/59/1406 582/61/1406 555/64/1406
f 556/65/1407 555/64/1407 582/61/1407
f 586/2/1408 556/65/1408 568/66/1408
f 11/1/1409 586/2/1409 597/68/1409
f 53/69/1410 601/60/1410 585/63/1410
f 30/20/1411 595/21/1411 601/60/1411
f 571/71/1412 598/53/1412 599/72/1412
f 561/73/1413 600/51/1413 598/53/1413
f 569/74/1414 596/46/1414 597/68/1414
f 923/48/1415 596/46/1415 569/74/1415
f 560/76/1416 589/16/1416 600/51/1416
f 590/19/1419 592/18/1419 565/8/1419
f 595/21/1421 590/19/1421 563/23/1421
f 592/18/1422 589/16/1422 560/76/1422
f 640/3/1439 108/1/1439 102/92/1439
f 103/37/1440 106/70/1440 639/63/1440
f 630/94/1441 632/64/1441 631/65/1441
f 633/62/1442 632/64/1442 630/94/1442
f 635/64/1443 636/65/1443 631/65/1443
f 634/62/1444 635/64/1444 632/64/1444
f 585/63/1445 639/63/1445 106/70/1445
f 638/93/1446 639/63/1446 633/62/1446
f 636/65/1447 641/2/1447 640/3/1447
f 631/65/1448 640/3/1448 637/96/1448
f 730/97/1449 734/97/1449 678/98/1449
f 781/99/1450 253/100/1450 124/37/1450
f 730/97/1475 672/98/1475 670/123/1475
f 756/125/1476 219/127/1476 160/126/1476
f 646/128/1477 676/128/1477 677/90/1477
f 649/94/1480 673/94/1480 674/95/1480
f 761/132/1482 764/134/1482 675/133/1482
f 729/135/1483 733/136/1483 676/128/1483
f 642/146/1493 759/168/1493 762/145/1493
f 715/148/1516 122/92/1516 413/232/1516
f 413/232/1517 138/67/1517 916/117/1517
f 916/117/1518 645/112/1518 727/161/1518
f 727/161/1519 726/124/1519 670/123/1519
f 759/168/1520 758/234/1520 642/233/1520
f 727/161/1521 670/123/1521 759/168/1521
f 413/232/1522 916/117/1522 727/161/1522
f 642/233/1523 715/148/1523 413/232/1523
f 727/161/1524 759/168/1524 642/233/1524
f 728/149/1525 756/125/1525 725/150/1525
f 781/99/1533 717/93/1533 644/95/1533
f 646/128/1534 719/152/1534 757/155/1534
f 729/135/1535 757/155/1535 756/125/1535
f 671/133/1556 675/133/1556 732/157/1556
f 728/149/1557 732/157/1557 733/136/1557
f 719/152/1558 128/105/1558 220/160/1558
f 757/155/1559 220/160/1559 219/127/1559
f 731/156/1561 730/97/1561 726/124/1561
f 677/90/1562 735/91/1562 731/156/1562
f 731/156/1563 735/91/1563 734/97/1563
f 671/133/1564 725/150/1564 782/162/1564
f 782/162/1565 781/99/1565 760/154/1565
f 673/94/1576 649/94/1576 762/145/1576
f 644/95/1581 674/95/1581 763/164/1581
f 760/154/1582 763/164/1582 764/134/1582
f 672/98/1583 678/98/1583 765/167/1583
f 672/98/1587 762/145/1587 759/168/1587
f 725/150/1588 160/126/1588 254/169/1588
f 782/162/1589 254/169/1589 253/100/1589
f 554/62/1692 633/62/1692 639/63/1692
f 599/72/457 924/12/457 919/82/457
f 36/54/1698 417/11/1698 924/12/1698
usemtl Material.006
f 5/90/69 90/91/69 89/90/69
f 180/94/109 264/129/109 174/94/109
f 179/98/121 237/97/121 233/97/121
f 177/128/127 236/136/127 232/136/127
f 176/133/128 266/134/128 263/138/128
f 178/90/129 183/128/129 177/128/129
f 174/94/130 181/95/130 180/94/130
f 231/149/167 182/133/167 176/133/167
f 232/136/168 235/149/168 231/149/168
f 234/156/173 184/90/173 178/90/173
f 233/97/174 238/91/174 234/156/174
f 175/95/195 265/163/195 181/95/195
f 262/163/196 266/134/196 265/163/196
f 179/98/198 267/166/198 185/98/198
f 279/128/213 286/90/213 285/128/213
f 295/134/214 284/133/214 298/134/214
f 276/94/215 283/95/215 282/94/215
f 289/97/216 287/98/216 292/97/216
f 288/149/217 284/133/217 278/133/217
f 280/90/218 293/91/218 286/90/218
f 290/91/219 292/97/219 293/91/219
f 281/98/220 299/145/220 287/98/220
f 277/95/221 297/170/221 283/95/221
f 294/163/222 298/134/222 297/170/222
f 282/94/223 296/166/223 276/94/223
f 291/149/224 279/128/224 285/128/224
f 312/145/225 313/94/225 321/145/225
f 316/128/226 354/128/226 353/128/226
f 301/95/227 313/94/227 300/94/227
f 303/128/228 307/90/228 354/128/228
f 306/149/229 316/128/229 323/149/229
f 308/97/230 318/91/230 309/91/230
f 305/98/230 324/97/230 308/97/230
f 353/128/231 355/90/231 352/90/231
f 302/133/232 323/149/232 320/133/232
f 310/170/233 314/95/233 301/95/233
f 311/134/234 320/133/234 319/134/234
f 353/128/235 371/128/235 369/128/235
f 311/134/236 325/170/236 310/170/236
f 305/98/225 321/145/225 322/98/225
f 339/90/237 330/128/237 340/128/237
f 317/90/238 307/90/238 304/90/238
f 341/171/239 328/95/239 342/95/239
f 343/156/240 331/90/240 339/90/240
f 344/134/241 338/170/241 341/171/241
f 345/172/242 333/134/242 344/134/242
f 347/98/243 326/145/243 335/98/243
f 345/172/244 336/149/244 334/173/244
f 348/149/245 329/174/245 336/149/245
f 342/95/246 327/94/246 350/94/246
f 347/98/247 337/97/247 351/97/247
f 340/128/248 329/174/248 349/175/248
f 346/176/249 327/94/249 326/145/249
f 351/97/250 332/177/250 343/156/250
f 324/97/251 343/156/251 318/91/251
f 313/94/252 346/176/252 321/145/252
f 316/128/253 349/175/253 315/175/253
f 322/98/254 351/97/254 324/97/254
f 314/95/255 350/94/255 313/94/255
f 323/149/256 349/175/256 348/149/256
f 320/133/257 348/149/257 345/172/257
f 321/145/258 347/98/258 322/98/258
f 319/134/259 345/172/259 344/134/259
f 325/170/260 344/134/260 341/171/260
f 317/90/261 343/156/261 339/90/261
f 314/95/262 341/171/262 342/95/262
f 316/128/263 339/90/263 340/128/263
f 371/128/264 355/90/264 369/128/264
f 354/128/265 370/90/265 371/128/265
f 316/128/266 352/90/266 317/90/266
f 327/94/267 356/145/267 326/145/267
f 329/174/268 366/149/268 336/149/268
f 337/97/270 365/98/270 367/97/270
f 330/128/271 359/174/271 329/174/271
f 332/177/272 367/97/272 362/177/272
f 330/128/273 361/90/273 360/128/273
f 328/95/274 368/170/274 358/95/274
f 331/90/275 362/177/275 361/90/275
f 338/170/276 363/134/276 368/170/276
f 333/134/277 364/173/277 363/134/277
f 326/145/278 365/98/278 335/98/278
f 336/149/279 364/173/279 334/173/279
f 358/95/281 366/149/281 362/177/281
f 553/90/522 618/91/522 616/91/522
f 691/94/562 771/129/562 774/166/562
f 746/97/574 690/98/574 742/97/574
f 745/136/580 688/128/580 741/136/580
f 773/134/581 687/133/581 770/138/581
f 694/128/582 689/90/582 688/128/582
f 685/94/583 692/95/583 686/95/583
f 693/133/620 740/149/620 687/133/620
f 744/149/621 741/136/621 740/149/621
f 695/90/626 743/156/626 689/90/626
f 747/91/627 742/97/627 743/156/627
f 692/95/648 769/163/648 686/95/648
f 772/163/649 770/138/649 769/163/649
f 690/98/651 774/166/651 771/129/651
f 786/128/666 793/90/666 787/90/666
f 802/134/667 791/133/667 785/133/667
f 783/94/668 790/95/668 784/95/668
f 796/97/669 794/98/669 788/98/669
f 791/133/670 795/149/670 785/133/670
f 787/90/671 800/91/671 797/91/671
f 797/91/672 799/97/672 796/97/672
f 788/98/673 806/145/673 803/166/673
f 784/95/674 804/170/674 801/163/674
f 801/163/675 805/134/675 802/134/675
f 789/94/676 803/166/676 806/145/676
f 786/128/677 798/149/677 792/128/677
f 820/94/678 819/145/678 828/145/678
f 823/128/679 861/128/679 810/128/679
f 820/94/680 808/95/680 807/94/680
f 810/128/681 814/90/681 811/90/681
f 823/128/682 813/149/682 830/149/682
f 825/91/683 815/97/683 816/91/683
f 831/97/683 812/98/683 815/97/683
f 862/90/684 860/128/684 859/90/684
f 809/133/685 830/149/685 813/149/685
f 821/95/686 817/170/686 808/95/686
f 818/134/687 827/133/687 809/133/687
f 860/128/688 878/128/688 861/128/688
f 832/170/689 818/134/689 817/170/689
f 812/98/678 828/145/678 819/145/678
f 837/128/690 846/90/690 847/128/690
f 814/90/691 824/90/691 811/90/691
f 835/95/692 848/171/692 849/95/692
f 838/90/693 850/156/693 846/90/693
f 845/170/694 851/134/694 848/171/694
f 840/134/695 852/172/695 851/134/695
f 854/98/696 833/145/696 853/176/696
f 852/172/697 843/149/697 855/149/697
f 855/149/698 836/174/698 856/175/698
f 834/94/699 849/95/699 857/94/699
f 844/97/700 854/98/700 858/97/700
f 836/174/698 847/128/698 856/175/698
f 853/176/701 834/94/701 857/94/701
f 839/177/702 858/97/702 850/156/702
f 850/156/703 831/97/703 825/91/703
f 853/176/704 820/94/704 828/145/704
f 856/175/705 823/128/705 822/175/705
f 858/97/706 829/98/706 831/97/706
f 857/94/707 821/95/707 820/94/707
f 830/149/708 856/175/708 822/175/708
f 827/133/709 855/149/709 830/149/709
f 854/98/710 828/145/710 829/98/710
f 826/134/711 852/172/711 827/133/711
f 832/170/712 851/134/712 826/134/712
f 824/90/713 850/156/713 825/91/713
f 821/95/714 848/171/714 832/170/714
f 823/128/715 846/90/715 824/90/715
f 878/128/716 862/90/716 877/90/716
f 861/128/717 877/90/717 814/90/717
f 859/90/718 823/128/718 824/90/718
f 863/145/719 834/94/719 833/145/719
f 873/149/720 836/174/720 843/149/720
f 844/97/722 872/98/722 842/98/722
f 866/174/723 837/128/723 836/174/723
f 839/177/724 874/97/724 844/97/724
f 837/128/725 868/90/725 838/90/725
f 835/95/726 875/170/726 845/170/726
f 838/90/727 869/177/727 839/177/727
f 845/170/728 870/134/728 840/134/728
f 840/134/729 871/173/729 841/173/729
f 872/98/730 833/145/730 842/98/730
f 871/173/731 843/149/731 841/173/731
f 863/145/733 867/128/733 870/134/733
f 5/90/69 88/91/69 90/91/69
f 180/94/1011 267/166/1011 264/129/1011
f 179/98/1023 185/98/1023 237/97/1023
f 177/128/1029 183/128/1029 236/136/1029
f 176/133/1030 182/133/1030 266/134/1030
f 178/90/1031 184/90/1031 183/128/1031
f 174/94/1032 175/95/1032 181/95/1032
f 231/149/1077 235/149/1077 182/133/1077
f 232/136/1078 236/136/1078 235/149/1078
f 234/156/1083 238/91/1083 184/90/1083
f 233/97/1084 237/97/1084 238/91/1084
f 175/95/1105 262/163/1105 265/163/1105
f 262/163/1106 263/138/1106 266/134/1106
f 179/98/1108 264/129/1108 267/166/1108
f 279/128/1123 280/90/1123 286/90/1123
f 295/134/1124 278/133/1124 284/133/1124
f 276/94/1125 277/95/1125 283/95/1125
f 289/97/1126 281/98/1126 287/98/1126
f 288/149/1127 291/149/1127 284/133/1127
f 280/90/1128 290/91/1128 293/91/1128
f 290/91/1129 289/97/1129 292/97/1129
f 281/98/1130 296/166/1130 299/145/1130
f 277/95/1131 294/163/1131 297/170/1131
f 294/163/1132 295/134/1132 298/134/1132
f 282/94/1133 299/145/1133 296/166/1133
f 291/149/1134 288/149/1134 279/128/1134
f 312/145/225 300/94/225 313/94/225
f 316/128/226 303/128/226 354/128/226
f 301/95/1135 314/95/1135 313/94/1135
f 303/128/228 304/90/228 307/90/228
f 306/149/1136 303/128/1136 316/128/1136
f 308/97/230 324/97/230 318/91/230
f 305/98/230 322/98/230 324/97/230
f 353/128/231 369/128/231 355/90/231
f 302/133/1137 306/149/1137 323/149/1137
f 310/170/1138 325/170/1138 314/95/1138
f 311/134/1139 302/133/1139 320/133/1139
f 353/128/235 354/128/235 371/128/235
f 311/134/234 319/134/234 325/170/234
f 305/98/225 312/145/225 321/145/225
f 339/90/1140 331/90/1140 330/128/1140
f 317/90/238 352/90/238 307/90/238
f 341/171/1141 338/170/1141 328/95/1141
f 343/156/1142 332/177/1142 331/90/1142
f 344/134/1143 333/134/1143 338/170/1143
f 345/172/1144 334/173/1144 333/134/1144
f 347/98/1145 346/176/1145 326/145/1145
f 345/172/1146 348/149/1146 336/149/1146
f 348/149/248 349/175/248 329/174/248
f 342/95/1147 328/95/1147 327/94/1147
f 347/98/1148 335/98/1148 337/97/1148
f 340/128/1149 330/128/1149 329/174/1149
f 346/176/1150 350/94/1150 327/94/1150
f 351/97/1151 337/97/1151 332/177/1151
f 324/97/1152 351/97/1152 343/156/1152
f 313/94/1153 350/94/1153 346/176/1153
f 316/128/1154 340/128/1154 349/175/1154
f 322/98/1155 347/98/1155 351/97/1155
f 314/95/1156 342/95/1156 350/94/1156
f 323/149/1157 315/175/1157 349/175/1157
f 320/133/1158 323/149/1158 348/149/1158
f 321/145/1159 346/176/1159 347/98/1159
f 319/134/1160 320/133/1160 345/172/1160
f 325/170/1161 319/134/1161 344/134/1161
f 317/90/1162 318/91/1162 343/156/1162
f 314/95/1163 325/170/1163 341/171/1163
f 316/128/1164 317/90/1164 339/90/1164
f 371/128/1165 370/90/1165 355/90/1165
f 354/128/265 307/90/265 370/90/265
f 316/128/266 353/128/266 352/90/266
f 327/94/1166 357/94/1166 356/145/1166
f 329/174/1167 359/174/1167 366/149/1167
f 337/97/1169 335/98/1169 365/98/1169
f 330/128/1170 360/128/1170 359/174/1170
f 332/177/1171 337/97/1171 367/97/1171
f 330/128/1172 331/90/1172 361/90/1172
f 328/95/1173 338/170/1173 368/170/1173
f 331/90/1174 332/177/1174 362/177/1174
f 338/170/1175 333/134/1175 363/134/1175
f 333/134/1176 334/173/1176 364/173/1176
f 326/145/1177 356/145/1177 365/98/1177
f 336/149/1178 366/149/1178 364/173/1178
f 356/145/1179 357/94/1179 358/95/1179
f 358/95/1180 368/170/1180 363/134/1180
f 363/134/1181 364/173/1181 366/149/1181
f 366/149/1182 359/174/1182 360/128/1182
f 360/128/1183 361/90/1183 362/177/1183
f 362/177/1184 367/97/1184 365/98/1184
f 365/98/1185 356/145/1185 358/95/1185
f 358/95/1186 363/134/1186 366/149/1186
f 366/149/1187 360/128/1187 362/177/1187
f 362/177/1188 365/98/1188 358/95/1188
f 553/90/522 617/90/522 618/91/522
f 691/94/1478 685/94/1478 771/129/1478
f 746/97/1490 696/98/1490 690/98/1490
f 745/136/1496 694/128/1496 688/128/1496
f 773/134/1497 693/133/1497 687/133/1497
f 694/128/1498 695/90/1498 689/90/1498
f 685/94/1499 691/94/1499 692/95/1499
f 693/133/1544 744/149/1544 740/149/1544
f 744/149/1545 745/136/1545 741/136/1545
f 695/90/1550 747/91/1550 743/156/1550
f 747/91/1551 746/97/1551 742/97/1551
f 692/95/1572 772/163/1572 769/163/1572
f 772/163/1573 773/134/1573 770/138/1573
f 690/98/1575 696/98/1575 774/166/1575
f 786/128/1590 792/128/1590 793/90/1590
f 802/134/1591 805/134/1591 791/133/1591
f 783/94/1592 789/94/1592 790/95/1592
f 796/97/1593 799/97/1593 794/98/1593
f 791/133/1594 798/149/1594 795/149/1594
f 787/90/1595 793/90/1595 800/91/1595
f 797/91/1596 800/91/1596 799/97/1596
f 788/98/1597 794/98/1597 806/145/1597
f 784/95/1598 790/95/1598 804/170/1598
f 801/163/1599 804/170/1599 805/134/1599
f 789/94/1600 783/94/1600 803/166/1600
f 786/128/1601 795/149/1601 798/149/1601
f 820/94/678 807/94/678 819/145/678
f 823/128/679 860/128/679 861/128/679
f 820/94/1602 821/95/1602 808/95/1602
f 810/128/681 861/128/681 814/90/681
f 823/128/1603 810/128/1603 813/149/1603
f 825/91/683 831/97/683 815/97/683
f 831/97/683 829/98/683 812/98/683
f 862/90/684 876/128/684 860/128/684
f 809/133/1604 827/133/1604 830/149/1604
f 821/95/1605 832/170/1605 817/170/1605
f 818/134/1606 826/134/1606 827/133/1606
f 860/128/688 876/128/688 878/128/688
f 832/170/1606 826/134/1606 818/134/1606
f 812/98/678 829/98/678 828/145/678
f 837/128/1607 838/90/1607 846/90/1607
f 814/90/691 859/90/691 824/90/691
f 835/95/1608 845/170/1608 848/171/1608
f 838/90/1609 839/177/1609 850/156/1609
f 845/170/1610 840/134/1610 851/134/1610
f 840/134/1611 841/173/1611 852/172/1611
f 854/98/1612 842/98/1612 833/145/1612
f 852/172/1613 841/173/1613 843/149/1613
f 855/149/1614 843/149/1614 836/174/1614
f 834/94/1615 835/95/1615 849/95/1615
f 844/97/1616 842/98/1616 854/98/1616
f 836/174/1617 837/128/1617 847/128/1617
f 853/176/1618 833/145/1618 834/94/1618
f 839/177/1619 844/97/1619 858/97/1619
f 850/156/1620 858/97/1620 831/97/1620
f 853/176/1621 857/94/1621 820/94/1621
f 856/175/1622 847/128/1622 823/128/1622
f 858/97/1623 854/98/1623 829/98/1623
f 857/94/1624 849/95/1624 821/95/1624
f 830/149/1625 855/149/1625 856/175/1625
f 827/133/1626 852/172/1626 855/149/1626
f 854/98/1627 853/176/1627 828/145/1627
f 826/134/1628 851/134/1628 852/172/1628
f 832/170/1629 848/171/1629 851/134/1629
f 824/90/1630 846/90/1630 850/156/1630
f 821/95/1631 849/95/1631 848/171/1631
f 823/128/1632 847/128/1632 846/90/1632
f 878/128/1633 876/128/1633 862/90/1633
f 861/128/717 878/128/717 877/90/717
f 859/90/718 860/128/718 823/128/718
f 863/145/1634 864/94/1634 834/94/1634
f 873/149/1635 866/174/1635 836/174/1635
f 844/97/1637 874/97/1637 872/98/1637
f 866/174/1638 867/128/1638 837/128/1638
f 839/177/1639 869/177/1639 874/97/1639
f 837/128/1640 867/128/1640 868/90/1640
f 835/95/1641 865/95/1641 875/170/1641
f 838/90/1642 868/90/1642 869/177/1642
f 845/170/1643 875/170/1643 870/134/1643
f 840/134/1644 870/134/1644 871/173/1644
f 872/98/1645 863/145/1645 833/145/1645
f 871/173/1646 873/149/1646 843/149/1646
f 863/145/1647 872/98/1647 874/97/1647
f 869/177/1648 868/90/1648 867/128/1648
f 863/145/1649 874/97/1649 869/177/1649
f 865/95/1650 864/94/1650 863/145/1650
f 870/134/1651 875/170/1651 865/95/1651
f 873/149/1652 871/173/1652 870/134/1652
f 867/128/1653 866/174/1653 873/149/1653
f 863/145/1654 869/177/1654 867/128/1654
f 870/134/1655 865/95/1655 863/145/1655
f 867/128/1656 873/149/1656 870/134/1656
usemtl Material.007
f 12/182/320 421/48/320 58/183/320
f 58/183/322 415/47/322 16/184/322
f 557/182/772 923/48/772 918/75/772
f 588/183/774 415/47/774 923/48/774
f 12/182/1225 414/75/1225 421/48/1225
f 58/183/1227 421/48/1227 415/47/1227
f 557/182/1693 588/183/1693 923/48/1693
f 588/183/1695 16/184/1695 415/47/1695
usemtl Material.008
f 372/108/282 379/109/282 373/109/282
f 373/109/283 380/114/283 374/114/283
f 376/114/284 380/114/284 382/114/284
f 375/108/285 378/108/285 372/108/285
f 375/108/286 383/109/286 381/108/286
f 379/109/287 386/114/287 380/114/287
f 380/114/288 388/114/288 382/114/288
f 378/108/289 385/109/289 379/109/289
f 381/108/290 384/108/290 378/108/290
f 381/108/291 389/109/291 387/108/291
f 377/109/292 382/114/292 383/109/292
f 388/114/293 383/109/293 382/114/293
f 388/114/295 395/109/295 389/109/295
f 387/108/296 395/109/296 393/108/296
f 386/114/297 391/109/297 392/114/297
f 400/67/298 399/67/298 401/67/298
f 385/109/299 390/108/299 391/109/299
f 397/114/300 398/114/300 396/114/300
f 400/114/301 396/114/301 398/114/301
f 402/114/302 397/114/302 396/114/302
f 401/114/303 397/114/303 403/178/303
f 394/114/304 391/109/304 395/109/304
f 390/108/305 395/109/305 391/109/305
f 392/114/306 403/178/306 386/114/306
f 386/114/307 402/114/307 388/114/307
f 394/114/308 402/114/308 400/114/308
f 392/67/309 400/67/309 401/67/309
f 886/109/734 879/108/734 880/109/734
f 887/114/735 880/109/735 881/114/735
f 883/114/736 887/114/736 881/114/736
f 885/108/737 882/108/737 879/108/737
f 882/108/738 890/109/738 884/109/738
f 893/114/739 886/109/739 887/114/739
f 895/114/740 887/114/740 889/114/740
f 892/109/741 885/108/741 886/109/741
f 891/108/742 888/108/742 885/108/742
f 888/108/743 896/109/743 890/109/743
f 884/109/744 889/114/744 883/114/744
f 895/114/745 890/109/745 896/109/745
f 902/109/747 895/114/747 896/109/747
f 894/108/748 902/109/748 896/109/748
f 893/114/749 898/109/749 892/109/749
f 906/67/750 907/67/750 908/67/750
f 892/109/751 897/108/751 891/108/751
f 905/114/752 904/114/752 903/114/752
f 907/114/753 903/114/753 909/114/753
f 909/114/754 904/114/754 910/178/754
f 904/114/755 908/114/755 910/178/755
f 901/114/756 898/109/756 899/114/756
f 902/109/757 897/108/757 898/109/757
f 910/178/758 899/114/758 893/114/758
f 909/114/759 893/114/759 895/114/759
f 901/114/760 909/114/760 895/114/760
f 899/67/761 907/67/761 901/67/761
f 372/108/1189 378/108/1189 379/109/1189
f 373/109/1190 379/109/1190 380/114/1190
f 376/114/1191 374/114/1191 380/114/1191
f 375/108/1192 381/108/1192 378/108/1192
f 375/108/1193 377/109/1193 383/109/1193
f 379/109/1194 385/109/1194 386/114/1194
f 380/114/1195 386/114/1195 388/114/1195
f 378/108/1196 384/108/1196 385/109/1196
f 381/108/1197 387/108/1197 384/108/1197
f 381/108/1198 383/109/1198 389/109/1198
f 377/109/1199 376/114/1199 382/114/1199
f 388/114/1200 389/109/1200 383/109/1200
f 388/114/1202 394/114/1202 395/109/1202
f 387/108/1203 389/109/1203 395/109/1203
f 386/114/1204 385/109/1204 391/109/1204
f 400/67/1205 398/67/1205 399/67/1205
f 385/109/1206 384/108/1206 390/108/1206
f 397/114/1207 399/114/1207 398/114/1207
f 400/114/1208 402/114/1208 396/114/1208
f 402/114/1209 403/178/1209 397/114/1209
f 401/114/1210 399/114/1210 397/114/1210
f 394/114/1211 392/114/1211 391/109/1211
f 390/108/1212 393/108/1212 395/109/1212
f 392/114/1213 401/114/1213 403/178/1213
f 386/114/1214 403/178/1214 402/114/1214
f 394/114/1215 388/114/1215 402/114/1215
f 392/67/1216 394/67/1216 400/67/1216
f 886/109/1657 885/108/1657 879/108/1657
f 887/114/1658 886/109/1658 880/109/1658
f 883/114/1659 889/114/1659 887/114/1659
f 885/108/1660 888/108/1660 882/108/1660
f 882/108/1661 888/108/1661 890/109/1661
f 893/114/1662 892/109/1662 886/109/1662
f 895/114/1663 893/114/1663 887/114/1663
f 892/109/1664 891/108/1664 885/108/1664
f 891/108/1665 894/108/1665 888/108/1665
f 888/108/1666 894/108/1666 896/109/1666
f 884/109/1667 890/109/1667 889/114/1667
f 895/114/1668 889/114/1668 890/109/1668
f 902/109/1670 901/114/1670 895/114/1670
f 894/108/1671 900/108/1671 902/109/1671
f 893/114/1672 899/114/1672 898/109/1672
f 906/67/1673 905/67/1673 907/67/1673
f 892/109/1674 898/109/1674 897/108/1674
f 905/114/1675 906/114/1675 904/114/1675
f 907/114/1676 905/114/1676 903/114/1676
f 909/114/1677 903/114/1677 904/114/1677
f 904/114/1678 906/114/1678 908/114/1678
f 901/114/1679 902/109/1679 898/109/1679
f 902/109/1680 900/108/1680 897/108/1680
f 910/178/1681 908/114/1681 899/114/1681
f 909/114/1682 910/178/1682 893/114/1682
f 901/114/1683 907/114/1683 909/114/1683
f 899/67/1684 908/67/1684 907/67/1684
usemtl Material.002
f 432/185/327 462/186/327 434/186/327
f 465/187/328 439/188/328 438/187/328
f 440/189/329 477/190/329 455/190/329
f 487/191/330 438/187/330 485/192/330
f 449/193/331 473/194/331 451/194/331
f 456/195/332 428/196/332 426/195/332
f 463/197/333 437/198/333 436/197/333
f 467/199/334 445/200/334 443/199/334
f 426/195/335 445/200/335 449/193/335
f 430/201/336 461/185/336 432/185/336
f 469/202/337 436/197/337 435/202/337
f 450/203/338 440/189/338 455/190/338
f 448/204/339 455/190/339 454/205/339
f 478/206/340 454/205/340 480/207/340
f 446/208/341 452/209/341 444/210/341
f 444/210/342 441/211/342 442/212/342
f 431/213/343 435/202/343 436/197/343
f 429/214/344 436/197/344 437/198/344
f 483/215/345 437/198/345 485/192/345
f 427/216/346 439/188/346 425/217/346
f 425/217/347 440/218/347 423/219/347
f 466/188/348 457/220/348 458/218/348
f 465/187/349 456/195/349 466/188/349
f 464/198/350 486/221/350 487/191/350
f 464/198/351 461/185/351 460/201/351
f 469/202/352 461/185/352 463/197/352
f 468/211/353 470/200/353 467/199/353
f 474/209/354 471/222/354 470/200/354
f 482/207/355 472/193/355 481/223/355
f 476/205/356 473/194/356 472/193/356
f 477/190/357 457/224/357 473/194/357
f 470/200/358 447/222/358 445/200/358
f 455/190/359 476/205/359 454/205/359
f 441/67/360 467/67/360 443/67/360
f 466/188/361 440/218/361 439/188/361
f 480/207/362 475/225/362 453/225/362
f 486/221/363 430/201/363 484/226/363
f 434/67/364 469/67/364 435/67/364
f 424/224/365 456/195/365 426/195/365
f 473/194/366 424/224/366 451/194/366
f 453/225/367 474/209/367 452/209/367
f 479/227/368 472/193/368 449/193/368
f 452/209/369 468/211/369 441/211/369
f 447/222/370 481/223/370 479/227/370
f 454/205/371 482/207/371 480/207/371
f 475/225/372 481/223/372 471/222/372
f 478/206/373 453/225/373 446/208/373
f 459/196/374 484/226/374 428/196/374
f 487/191/375 459/196/375 465/187/375
f 483/215/376 438/187/376 427/216/376
f 437/198/377 487/191/377 485/192/377
f 504/188/379 530/187/379 503/187/379
f 505/189/380 542/190/380 523/189/380
f 503/187/381 552/191/381 550/192/381
f 501/197/384 529/198/384 528/197/384
f 501/197/388 534/202/388 500/202/388
f 520/190/389 488/228/389 515/203/389
f 513/204/390 520/190/390 515/203/390
f 543/206/391 519/205/391 513/204/391
f 517/209/392 511/208/392 509/210/392
f 506/211/393 509/210/393 507/212/393
f 496/213/394 500/202/394 498/229/394
f 494/214/395 501/197/395 496/213/395
f 548/215/396 502/198/396 494/214/396
f 504/188/397 492/216/397 490/217/397
f 505/218/398 490/217/398 488/219/398
f 520/190/410 541/205/410 542/190/410
f 506/67/411 532/67/411 533/67/411
f 505/218/412 531/188/412 504/188/412
f 518/225/413 547/207/413 545/207/413
f 500/67/415 527/67/415 499/67/415
f 518/225/418 539/209/418 540/225/418
f 517/209/420 533/211/420 539/209/420
f 519/205/422 547/207/422 541/205/422
f 518/225/424 543/206/424 511/208/424
f 503/187/427 548/215/427 492/216/427
f 502/198/428 552/191/428 529/198/428
f 429/214/429 548/215/429 494/214/429
f 443/67/430 506/67/430 441/67/430
f 423/228/431 515/203/431 488/228/431
f 423/219/432 490/217/432 425/217/432
f 433/229/433 500/202/433 435/202/433
f 446/208/434 543/206/434 478/206/434
f 434/67/435 500/67/435 499/67/435
f 448/204/436 543/206/436 513/204/436
f 442/212/437 506/211/437 507/212/437
f 427/216/438 548/215/438 483/215/438
f 429/214/439 496/213/439 431/213/439
f 444/210/440 507/212/440 509/210/440
f 425/217/441 492/216/441 427/216/441
f 450/203/442 513/204/442 515/203/442
f 431/213/443 498/229/443 433/229/443
f 446/208/444 509/210/444 511/208/444
f 434/186/445 508/199/445 443/199/445
f 934/185/779 964/186/779 963/185/779
f 941/188/780 967/187/780 940/187/780
f 942/189/781 979/190/781 960/189/781
f 940/187/782 989/191/782 987/192/782
f 951/193/783 975/194/783 974/193/783
f 930/196/784 958/195/784 928/195/784
f 939/198/785 965/197/785 938/197/785
f 947/200/786 969/199/786 945/199/786
f 953/194/787 934/185/787 930/196/787
f 932/201/788 963/185/788 962/201/788
f 938/197/789 971/202/789 937/202/789
f 952/203/790 942/189/790 925/228/790
f 950/204/791 957/190/791 952/203/791
f 980/206/792 956/205/792 950/204/792
f 954/209/793 948/208/793 946/210/793
f 943/211/794 946/210/794 944/212/794
f 933/213/795 937/202/795 935/229/795
f 931/214/796 938/197/796 933/213/796
f 985/215/797 939/198/797 931/214/797
f 941/188/798 929/216/798 927/217/798
f 942/218/799 927/217/799 925/219/799
f 959/220/800 968/188/800 960/218/800
f 958/195/801 967/187/801 968/188/801
f 988/221/802 966/198/802 989/191/802
f 966/198/803 963/185/803 965/197/803
f 963/185/804 971/202/804 965/197/804
f 970/211/805 972/200/805 976/209/805
f 976/209/806 973/222/806 977/225/806
f 984/207/807 974/193/807 978/205/807
f 978/205/808 975/194/808 979/190/808
f 979/190/809 959/224/809 960/189/809
f 949/222/810 972/200/810 947/200/810
f 957/190/811 978/205/811 979/190/811
f 943/67/812 969/67/812 970/67/812
f 942/218/813 968/188/813 941/188/813
f 982/207/814 977/225/814 984/207/814
f 932/201/815 988/221/815 986/226/815
f 936/67/816 971/67/816 964/67/816
f 926/224/817 958/195/817 959/224/817
f 926/224/818 975/194/818 953/194/818
f 955/225/819 976/209/819 977/225/819
f 981/227/820 974/193/820 983/223/820
f 954/209/821 970/211/821 976/209/821
f 949/222/822 983/223/822 973/222/822
f 956/205/823 984/207/823 978/205/823
f 977/225/824 983/223/824 984/207/824
f 955/225/825 980/206/825 948/208/825
f 986/226/826 961/196/826 930/196/826
f 961/196/827 989/191/827 967/187/827
f 940/187/828 985/215/828 929/216/828
f 939/198/829 989/191/829 966/198/829
f 1032/187/831 1006/188/831 1005/187/831
f 1007/189/832 1044/190/832 1022/190/832
f 1054/191/833 1005/187/833 1052/192/833
f 1003/197/836 1031/198/836 1004/198/836
f 1036/202/840 1003/197/840 1002/202/840
f 990/228/841 1022/190/841 1017/203/841
f 1015/204/842 1022/190/842 1021/205/842
f 1045/206/843 1021/205/843 1047/207/843
f 1013/208/844 1019/209/844 1011/210/844
f 1011/210/845 1008/211/845 1009/212/845
f 998/213/846 1002/202/846 1003/197/846
f 996/214/847 1003/197/847 1004/198/847
f 1050/215/848 1004/198/848 1052/192/848
f 994/216/849 1006/188/849 992/217/849
f 992/217/850 1007/218/850 990/219/850
f 1022/190/862 1043/205/862 1021/205/862
f 1008/67/863 1034/67/863 1010/67/863
f 1033/188/864 1007/218/864 1006/188/864
f 1049/207/865 1020/225/865 1047/207/865
f 1029/67/867 1002/67/867 1001/67/867
f 1020/225/870 1041/209/870 1019/209/870
f 1019/209/872 1035/211/872 1008/211/872
f 1021/205/874 1049/207/874 1047/207/874
f 1045/206/876 1020/225/876 1013/208/876
f 1050/215/879 1005/187/879 994/216/879
f 1004/198/880 1054/191/880 1052/192/880
f 931/214/881 1050/215/881 985/215/881
f 1008/67/882 945/67/882 943/67/882
f 925/228/883 1017/203/883 952/203/883
f 992/217/884 925/219/884 927/217/884
f 1002/202/885 935/229/885 937/202/885
f 1045/206/886 948/208/886 980/206/886
f 936/67/887 1002/67/887 937/67/887
f 950/204/888 1045/206/888 980/206/888
f 944/212/889 1008/211/889 943/211/889
f 1050/215/890 929/216/890 985/215/890
f 998/213/891 931/214/891 933/213/891
f 946/210/892 1009/212/892 944/212/892
f 994/216/893 927/217/893 929/216/893
f 952/203/894 1015/204/894 950/204/894
f 1000/229/895 933/213/895 935/229/895
f 948/208/896 1011/210/896 946/210/896
f 1010/199/897 936/186/897 945/199/897
f 432/185/1231 461/185/1231 462/186/1231
f 465/187/1232 466/188/1232 439/188/1232
f 440/189/1233 458/189/1233 477/190/1233
f 487/191/1234 465/187/1234 438/187/1234
f 449/193/1235 472/193/1235 473/194/1235
f 456/195/1236 459/196/1236 428/196/1236
f 463/197/1237 464/198/1237 437/198/1237
f 467/199/1238 470/200/1238 445/200/1238
f 451/194/1239 424/224/1239 426/195/1239
f 426/195/1240 428/196/1240 484/226/1240
f 484/226/1241 430/201/1241 432/185/1241
f 432/185/1242 434/186/1242 443/199/1242
f 445/200/1243 447/222/1243 479/227/1243
f 432/185/1244 443/199/1244 445/200/1244
f 426/195/1245 484/226/1245 432/185/1245
f 449/193/1246 451/194/1246 426/195/1246
f 445/200/1247 479/227/1247 449/193/1247
f 426/195/1248 432/185/1248 445/200/1248
f 430/201/1249 460/201/1249 461/185/1249
f 469/202/1250 463/197/1250 436/197/1250
f 450/203/1251 423/228/1251 440/189/1251
f 448/204/1252 450/203/1252 455/190/1252
f 478/206/1253 448/204/1253 454/205/1253
f 446/208/1254 453/225/1254 452/209/1254
f 444/210/1255 452/209/1255 441/211/1255
f 431/213/1256 433/229/1256 435/202/1256
f 429/214/1257 431/213/1257 436/197/1257
f 483/215/1258 429/214/1258 437/198/1258
f 427/216/1259 438/187/1259 439/188/1259
f 425/217/1260 439/188/1260 440/218/1260
f 466/188/1261 456/195/1261 457/220/1261
f 465/187/1262 459/196/1262 456/195/1262
f 464/198/1263 460/201/1263 486/221/1263
f 464/198/1264 463/197/1264 461/185/1264
f 469/202/1265 462/186/1265 461/185/1265
f 468/211/1266 474/209/1266 470/200/1266
f 474/209/1267 475/225/1267 471/222/1267
f 482/207/1268 476/205/1268 472/193/1268
f 476/205/1269 477/190/1269 473/194/1269
f 477/190/1270 458/189/1270 457/224/1270
f 470/200/1271 471/222/1271 447/222/1271
f 455/190/1272 477/190/1272 476/205/1272
f 441/67/360 468/67/360 467/67/360
f 466/188/1273 458/218/1273 440/218/1273
f 480/207/1274 482/207/1274 475/225/1274
f 486/221/1275 460/201/1275 430/201/1275
f 434/67/364 462/67/364 469/67/364
f 424/224/1276 457/224/1276 456/195/1276
f 473/194/1277 457/224/1277 424/224/1277
f 453/225/1278 475/225/1278 474/209/1278
f 479/227/1279 481/223/1279 472/193/1279
f 452/209/1280 474/209/1280 468/211/1280
f 447/222/1281 471/222/1281 481/223/1281
f 454/205/1282 476/205/1282 482/207/1282
f 475/225/1283 482/207/1283 481/223/1283
f 478/206/340 480/207/340 453/225/340
f 459/196/1284 486/221/1284 484/226/1284
f 487/191/1285 486/221/1285 459/196/1285
f 483/215/1286 485/192/1286 438/187/1286
f 437/198/1287 464/198/1287 487/191/1287
f 504/188/1289 531/188/1289 530/187/1289
f 505/189/1290 520/190/1290 542/190/1290
f 503/187/1291 530/187/1291 552/191/1291
f 501/197/1294 502/198/1294 529/198/1294
f 501/197/1307 528/197/1307 534/202/1307
f 520/190/1308 505/189/1308 488/228/1308
f 513/204/1309 519/205/1309 520/190/1309
f 543/206/1310 545/207/1310 519/205/1310
f 517/209/1311 518/225/1311 511/208/1311
f 506/211/1312 517/209/1312 509/210/1312
f 496/213/1313 501/197/1313 500/202/1313
f 494/214/1314 502/198/1314 501/197/1314
f 548/215/1315 550/192/1315 502/198/1315
f 504/188/1316 503/187/1316 492/216/1316
f 505/218/1317 504/188/1317 490/217/1317
f 520/190/1329 519/205/1329 541/205/1329
f 506/67/1330 508/67/1330 532/67/1330
f 505/218/1331 523/218/1331 531/188/1331
f 518/225/1332 540/225/1332 547/207/1332
f 500/67/1334 534/67/1334 527/67/1334
f 518/225/1337 517/209/1337 539/209/1337
f 517/209/1339 506/211/1339 533/211/1339
f 519/205/1341 545/207/1341 547/207/1341
f 518/225/1343 545/207/1343 543/206/1343
f 503/187/1346 550/192/1346 548/215/1346
f 502/198/1347 550/192/1347 552/191/1347
f 429/214/1348 483/215/1348 548/215/1348
f 443/67/1349 508/67/1349 506/67/1349
f 423/228/1350 450/203/1350 515/203/1350
f 423/219/1351 488/219/1351 490/217/1351
f 433/229/1352 498/229/1352 500/202/1352
f 446/208/1353 511/208/1353 543/206/1353
f 434/67/1354 435/67/1354 500/67/1354
f 448/204/1355 478/206/1355 543/206/1355
f 442/212/1356 441/211/1356 506/211/1356
f 427/216/1357 492/216/1357 548/215/1357
f 429/214/1358 494/214/1358 496/213/1358
f 444/210/1359 442/212/1359 507/212/1359
f 425/217/1360 490/217/1360 492/216/1360
f 450/203/1361 448/204/1361 513/204/1361
f 431/213/1362 496/213/1362 498/229/1362
f 446/208/1363 444/210/1363 509/210/1363
f 434/186/1364 499/186/1364 508/199/1364
f 934/185/1699 936/186/1699 964/186/1699
f 941/188/1700 968/188/1700 967/187/1700
f 942/189/1701 957/190/1701 979/190/1701
f 940/187/1702 967/187/1702 989/191/1702
f 951/193/1703 953/194/1703 975/194/1703
f 930/196/1704 961/196/1704 958/195/1704
f 939/198/1705 966/198/1705 965/197/1705
f 947/200/1706 972/200/1706 969/199/1706
f 928/195/1707 926/224/1707 953/194/1707
f 953/194/1708 951/193/1708 981/227/1708
f 981/227/1709 949/222/1709 947/200/1709
f 947/200/1710 945/199/1710 936/186/1710
f 934/185/1711 932/201/1711 986/226/1711
f 947/200/1712 936/186/1712 934/185/1712
f 953/194/1713 981/227/1713 947/200/1713
f 930/196/1714 928/195/1714 953/194/1714
f 934/185/1715 986/226/1715 930/196/1715
f 953/194/1716 947/200/1716 934/185/1716
f 932/201/1717 934/185/1717 963/185/1717
f 938/197/1718 965/197/1718 971/202/1718
f 952/203/1719 957/190/1719 942/189/1719
f 950/204/1720 956/205/1720 957/190/1720
f 980/206/1721 982/207/1721 956/205/1721
f 954/209/1722 955/225/1722 948/208/1722
f 943/211/1723 954/209/1723 946/210/1723
f 933/213/1724 938/197/1724 937/202/1724
f 931/214/1725 939/198/1725 938/197/1725
f 985/215/1726 987/192/1726 939/198/1726
f 941/188/1727 940/187/1727 929/216/1727
f 942/218/1728 941/188/1728 927/217/1728
f 959/220/1729 958/195/1729 968/188/1729
f 958/195/1730 961/196/1730 967/187/1730
f 988/221/1731 962/201/1731 966/198/1731
f 966/198/1732 962/201/1732 963/185/1732
f 963/185/1733 964/186/1733 971/202/1733
f 970/211/1734 969/199/1734 972/200/1734
f 976/209/1735 972/200/1735 973/222/1735
f 984/207/1736 983/223/1736 974/193/1736
f 978/205/1737 974/193/1737 975/194/1737
f 979/190/1738 975/194/1738 959/224/1738
f 949/222/1739 973/222/1739 972/200/1739
f 957/190/1740 956/205/1740 978/205/1740
f 943/67/1741 945/67/1741 969/67/1741
f 942/218/1742 960/218/1742 968/188/1742
f 982/207/1743 955/225/1743 977/225/1743
f 932/201/1744 962/201/1744 988/221/1744
f 936/67/816 937/67/816 971/67/816
f 926/224/1745 928/195/1745 958/195/1745
f 926/224/1746 959/224/1746 975/194/1746
f 955/225/1747 954/209/1747 976/209/1747
f 981/227/1748 951/193/1748 974/193/1748
f 954/209/1749 943/211/1749 970/211/1749
f 949/222/1750 981/227/1750 983/223/1750
f 956/205/1751 982/207/1751 984/207/1751
f 977/225/1752 973/222/1752 983/223/1752
f 955/225/1753 982/207/1753 980/206/1753
f 986/226/1754 988/221/1754 961/196/1754
f 961/196/1755 988/221/1755 989/191/1755
f 940/187/1756 987/192/1756 985/215/1756
f 939/198/1757 987/192/1757 989/191/1757
f 1032/187/1759 1033/188/1759 1006/188/1759
f 1007/189/1760 1025/189/1760 1044/190/1760
f 1054/191/1761 1032/187/1761 1005/187/1761
f 1003/197/1764 1030/197/1764 1031/198/1764
f 1036/202/1777 1030/197/1777 1003/197/1777
f 990/228/1778 1007/189/1778 1022/190/1778
f 1015/204/1779 1017/203/1779 1022/190/1779
f 1045/206/1780 1015/204/1780 1021/205/1780
f 1013/208/1781 1020/225/1781 1019/209/1781
f 1011/210/1782 1019/209/1782 1008/211/1782
f 998/213/1783 1000/229/1783 1002/202/1783
f 996/214/1784 998/213/1784 1003/197/1784
f 1050/215/1785 996/214/1785 1004/198/1785
f 994/216/1786 1005/187/1786 1006/188/1786
f 992/217/1787 1006/188/1787 1007/218/1787
f 1022/190/1799 1044/190/1799 1043/205/1799
f 1008/67/1800 1035/67/1800 1034/67/1800
f 1033/188/1801 1025/218/1801 1007/218/1801
f 1049/207/1802 1042/225/1802 1020/225/1802
f 1029/67/1804 1036/67/1804 1002/67/1804
f 1020/225/1807 1042/225/1807 1041/209/1807
f 1019/209/1809 1041/209/1809 1035/211/1809
f 1021/205/1811 1043/205/1811 1049/207/1811
f 1045/206/1813 1047/207/1813 1020/225/1813
f 1050/215/1816 1052/192/1816 1005/187/1816
f 1004/198/1817 1031/198/1817 1054/191/1817
f 931/214/1818 996/214/1818 1050/215/1818
f 1008/67/1819 1010/67/1819 945/67/1819
f 925/228/1820 990/228/1820 1017/203/1820
f 992/217/1821 990/219/1821 925/219/1821
f 1002/202/1822 1000/229/1822 935/229/1822
f 1045/206/1823 1013/208/1823 948/208/1823
f 936/67/1824 1001/67/1824 1002/67/1824
f 950/204/1825 1015/204/1825 1045/206/1825
f 944/212/1826 1009/212/1826 1008/211/1826
f 1050/215/1827 994/216/1827 929/216/1827
f 998/213/1828 996/214/1828 931/214/1828
f 946/210/1829 1011/210/1829 1009/212/1829
f 994/216/1830 992/217/1830 927/217/1830
f 952/203/1831 1017/203/1831 1015/204/1831
f 1000/229/1832 998/213/1832 933/213/1832
f 948/208/1833 1013/208/1833 1011/210/1833
f 1010/199/1834 1001/186/1834 936/186/1834
usemtl Material.004
f 497/185/378 527/186/378 526/185/378
f 514/193/382 538/194/382 537/193/382
f 493/196/383 521/195/383 491/195/383
f 510/200/385 532/199/385 508/199/385
f 516/194/386 497/185/386 493/196/386
f 495/201/387 526/185/387 525/201/387
f 522/220/399 531/188/399 523/218/399
f 521/195/400 530/187/400 531/188/400
f 552/191/401 525/201/401 529/198/401
f 529/198/402 526/185/402 528/197/402
f 526/185/403 534/202/403 528/197/403
f 533/211/404 535/200/404 539/209/404
f 535/200/405 540/225/405 539/209/405
f 546/223/406 541/205/406 547/207/406
f 541/205/407 538/194/407 542/190/407
f 542/190/408 522/224/408 523/189/408
f 512/222/409 535/200/409 510/200/409
f 495/201/414 551/221/414 549/226/414
f 489/224/416 521/195/416 522/224/416
f 489/224/417 538/194/417 516/194/417
f 544/227/419 537/193/419 546/223/419
f 512/222/421 546/223/421 536/222/421
f 540/225/423 546/223/423 547/207/423
f 549/226/425 524/196/425 493/196/425
f 530/187/426 551/221/426 552/191/426
f 999/185/830 1029/186/830 1001/186/830
f 1016/193/834 1040/194/834 1018/194/834
f 1023/195/835 995/196/835 993/195/835
f 1034/199/837 1012/200/837 1010/199/837
f 993/195/838 1012/200/838 1016/193/838
f 997/201/839 1028/185/839 999/185/839
f 1033/188/851 1024/220/851 1025/218/851
f 1032/187/852 1023/195/852 1033/188/852
f 1054/191/853 1027/201/853 1053/221/853
f 1031/198/854 1028/185/854 1027/201/854
f 1036/202/855 1028/185/855 1030/197/855
f 1035/211/856 1037/200/856 1034/199/856
f 1042/225/857 1037/200/857 1041/209/857
f 1043/205/858 1048/223/858 1049/207/858
f 1043/205/859 1040/194/859 1039/193/859
f 1044/190/860 1024/224/860 1040/194/860
f 1037/200/861 1014/222/861 1012/200/861
f 1053/221/866 997/201/866 1051/226/866
f 991/224/868 1023/195/868 993/195/868
f 1040/194/869 991/224/869 1018/194/869
f 1046/227/871 1039/193/871 1016/193/871
f 1014/222/873 1048/223/873 1046/227/873
f 1042/225/875 1048/223/875 1038/222/875
f 1026/196/877 1051/226/877 995/196/877
f 1032/187/878 1053/221/878 1026/196/878
f 497/185/1288 499/186/1288 527/186/1288
f 514/193/1292 516/194/1292 538/194/1292
f 493/196/1293 524/196/1293 521/195/1293
f 510/200/1295 535/200/1295 532/199/1295
f 491/195/1296 489/224/1296 516/194/1296
f 516/194/1297 514/193/1297 544/227/1297
f 544/227/1298 512/222/1298 510/200/1298
f 510/200/1299 508/199/1299 499/186/1299
f 497/185/1300 495/201/1300 549/226/1300
f 510/200/1301 499/186/1301 497/185/1301
f 516/194/1302 544/227/1302 510/200/1302
f 493/196/1303 491/195/1303 516/194/1303
f 497/185/1304 549/226/1304 493/196/1304
f 516/194/1305 510/200/1305 497/185/1305
f 495/201/1306 497/185/1306 526/185/1306
f 522/220/1318 521/195/1318 531/188/1318
f 521/195/1319 524/196/1319 530/187/1319
f 552/191/1320 551/221/1320 525/201/1320
f 529/198/1321 525/201/1321 526/185/1321
f 526/185/1322 527/186/1322 534/202/1322
f 533/211/1323 532/199/1323 535/200/1323
f 535/200/1324 536/222/1324 540/225/1324
f 546/223/1325 537/193/1325 541/205/1325
f 541/205/1326 537/193/1326 538/194/1326
f 542/190/1327 538/194/1327 522/224/1327
f 512/222/1328 536/222/1328 535/200/1328
f 495/201/1333 525/201/1333 551/221/1333
f 489/224/1335 491/195/1335 521/195/1335
f 489/224/1336 522/224/1336 538/194/1336
f 544/227/1338 514/193/1338 537/193/1338
f 512/222/1340 544/227/1340 546/223/1340
f 540/225/1342 536/222/1342 546/223/1342
f 549/226/1344 551/221/1344 524/196/1344
f 530/187/1345 524/196/1345 551/221/1345
f 999/185/1758 1028/185/1758 1029/186/1758
f 1016/193/1762 1039/193/1762 1040/194/1762
f 1023/195/1763 1026/196/1763 995/196/1763
f 1034/199/1765 1037/200/1765 1012/200/1765
f 1018/194/1766 991/224/1766 993/195/1766
f 993/195/1767 995/196/1767 1051/226/1767
f 1051/226/1768 997/201/1768 999/185/1768
f 999/185/1769 1001/186/1769 1010/199/1769
f 1012/200/1770 1014/222/1770 1046/227/1770
f 999/185/1771 1010/199/1771 1012/200/1771
f 993/195/1772 1051/226/1772 999/185/1772
f 1016/193/1773 1018/194/1773 993/195/1773
f 1012/200/1774 1046/227/1774 1016/193/1774
f 993/195/1775 999/185/1775 1012/200/1775
f 997/201/1776 1027/201/1776 1028/185/1776
f 1033/188/1788 1023/195/1788 1024/220/1788
f 1032/187/1789 1026/196/1789 1023/195/1789
f 1054/191/1790 1031/198/1790 1027/201/1790
f 1031/198/1791 1030/197/1791 1028/185/1791
f 1036/202/1792 1029/186/1792 1028/185/1792
f 1035/211/1793 1041/209/1793 1037/200/1793
f 1042/225/1794 1038/222/1794 1037/200/1794
f 1043/205/1795 1039/193/1795 1048/223/1795
f 1043/205/1796 1044/190/1796 1040/194/1796
f 1044/190/1797 1025/189/1797 1024/224/1797
f 1037/200/1798 1038/222/1798 1014/222/1798
f 1053/221/1803 1027/201/1803 997/201/1803
f 991/224/1805 1024/224/1805 1023/195/1805
f 1040/194/1806 1024/224/1806 991/224/1806
f 1046/227/1808 1048/223/1808 1039/193/1808
f 1014/222/1810 1038/222/1810 1048/223/1810
f 1042/225/1812 1049/207/1812 1048/223/1812
f 1026/196/1814 1053/221/1814 1051/226/1814
f 1032/187/1815 1054/191/1815 1053/221/1815
l 3 4
l 92 91
l 93 92
l 94 95
l 95 97
l 96 98
l 98 93
l 99 94
l 110 106
l 620 619
l 621 620
l 622 623
l 623 625
l 624 626
l 626 621
l 627 622
