# Blender 5.1.1
# www.blender.org
mtllib Gigant.mtl
o Cube
v -0.304696 -0.418942 0.000000
v -0.214320 1.209917 0.000000
v -0.214320 1.209917 0.000000
v -0.409822 0.717758 0.000000
v 0.052656 -0.355275 -0.949028
v -0.100361 1.339039 0.000000
v 0.268672 1.506239 0.000000
v 0.159262 1.468966 -0.097556
v 0.072315 1.477849 -0.138145
v -0.055336 1.402415 -0.112862
v -0.085101 1.399088 0.000000
v -0.422588 1.454693 -0.078093
v -0.401477 1.823738 -0.114329
v -0.070924 1.478075 -0.117056
v 0.053667 1.816610 -0.103229
v -0.419577 1.432513 0.000000
v -0.401934 1.838622 0.000000
v -0.023958 1.831321 -0.137840
v 0.054657 1.834150 0.000000
v -0.435608 1.641528 -0.160913
v 0.046068 1.639791 -0.123790
v 0.097138 1.700938 0.000000
v -0.458424 1.607637 0.000000
v -0.418910 1.745861 -0.135122
v 0.054543 1.744944 -0.123091
v 0.073045 1.730179 0.000000
v -0.435025 1.734771 0.000000
v -0.436390 1.615130 -0.154517
v -0.008694 1.523059 -0.113170
v 0.172183 1.644112 0.000000
v -0.457078 1.540094 0.000000
v -0.177493 1.381172 -0.129496
v -0.365161 1.357182 -0.109685
v -0.266339 1.863093 -0.174188
v -0.106129 1.847653 -0.173423
v -0.266306 1.864231 0.000000
v -0.105576 1.880990 0.000000
v -0.198946 1.345533 0.000000
v -0.374177 1.331961 0.000000
v -0.269937 1.657261 -0.237639
v -0.107119 1.658101 -0.240643
v -0.267630 1.761589 -0.218960
v -0.107741 1.758945 -0.219606
v -0.299180 1.523854 -0.203095
v -0.128102 1.536575 -0.217010
v -0.024634 1.858930 0.000000
v -0.021776 1.650764 -0.194687
v -0.021895 1.753008 -0.178029
v -0.053622 1.542339 -0.175904
v -0.083158 1.448264 -0.131529
v 0.019707 1.523971 -0.139945
v 0.099827 1.511914 -0.100715
v 0.234191 1.585379 0.000000
v -0.082656 1.343346 -0.094934
v 0.244148 1.505757 -0.073663
v -0.071000 1.399250 -0.056757
v -0.401705 1.831180 -0.057164
v -0.421083 1.442123 -0.036249
v 0.054162 1.825380 -0.051614
v 0.065942 1.671235 -0.057393
v -0.444493 1.640392 -0.095012
v 0.063794 1.738456 -0.061545
v -0.426967 1.740316 -0.037687
v -0.444268 1.617098 -0.090980
v 0.106851 1.589880 -0.074656
v -0.369669 1.344571 -0.054843
v -0.188241 1.363288 -0.064752
v -0.105852 1.864321 -0.086712
v -0.266322 1.863662 -0.087094
v -0.024296 1.845125 -0.068920
v 0.174457 1.541003 -0.059676
v -0.490565 1.548041 0.000000
v -0.492380 1.543032 0.000000
v -0.488916 1.549091 -0.028420
v -0.490730 1.544314 -0.027502
v -0.451338 1.660206 -0.035673
v -0.428202 1.662954 -0.162579
v -0.429865 1.541050 -0.153688
v -0.451277 1.544666 -0.024685
v -0.445507 1.655998 -0.090128
v -0.434511 1.657287 -0.168506
v -0.435423 1.601364 -0.180798
v -0.445307 1.604730 -0.085220
v -0.103972 1.683864 -0.247479
v -0.010268 1.674187 -0.265409
v -0.114829 1.542856 -0.230388
v -0.027473 1.546771 -0.247424
v 0.027330 -0.327891 -0.923762
v 0.040191 -0.407970 -0.955874
v 0.014865 -0.380586 -0.930607
v 0.094099 -0.926955 -0.983641
v 0.094099 -0.926955 -0.983641
v 0.094099 -0.926955 -0.983641
v 0.094099 -0.926955 -0.983641
v 0.094099 -0.926955 -0.983641
v 0.094099 -0.926955 -0.983641
v 0.094099 -0.926955 -0.983641
v 0.094099 -0.926955 -0.983641
v 0.094099 -0.926955 -0.983641
v -0.236481 1.204169 -0.451538
v 0.347276 1.244208 -0.484815
v -0.251252 1.184412 0.000000
v 0.434658 1.279232 0.000000
v 0.145600 1.398926 -0.559207
v -0.063852 1.347832 -0.193597
v 0.333576 1.399521 0.000000
v 0.108464 1.453980 -0.251413
v -0.100361 1.339039 0.000000
v 0.258870 1.350261 -0.184398
v 0.268672 1.506239 0.000000
v 0.159690 1.471942 -0.101484
v 0.072490 1.478367 -0.138775
v -0.053879 1.402367 -0.112348
v -0.248408 1.197078 -0.246839
v 0.384612 1.226710 -0.242407
v 0.292312 1.348548 -0.134321
v -0.083614 1.342819 -0.095037
v -0.070914 1.399668 -0.056469
v -0.236481 1.204169 -0.451538
v 0.289424 -0.234215 -0.524185
v 0.347276 1.244208 -0.484815
v -0.251252 1.184412 0.000000
v 0.417489 -0.256737 0.000000
v 0.421948 1.209211 0.000000
v -0.300013 0.796640 -0.515198
v 0.281499 0.776259 -0.497656
v 0.317908 0.239852 -0.402212
v 0.523446 0.680492 0.000000
v 0.346289 0.171348 0.000000
v 0.017851 -0.225004 -0.551294
v 0.145600 1.398926 -0.559207
v -0.023782 0.223647 -0.537500
v 0.020461 0.785369 -0.575779
v -0.358944 0.237731 -0.375214
v -0.254546 -0.307956 -0.472117
v -0.306441 -0.412659 0.000000
v -0.352660 0.238955 -0.381089
v -0.422260 0.719089 0.000000
v -0.352660 0.171348 0.000000
v 0.405961 -0.545807 0.000000
v 0.307094 -0.532090 -0.287994
v -0.259855 -0.536273 -0.245498
v -0.263698 -0.599084 0.000000
v -0.001803 -0.588670 0.000000
v 0.012762 -0.682597 -0.126580
v 0.286391 -0.680560 -0.565849
v 0.080095 -0.687111 -0.637060
v -0.170133 -0.726379 -0.457085
v 0.290943 -0.761266 -0.324650
v -0.207377 -0.761431 -0.232535
v 0.049254 -0.803049 -0.209420
v 0.225875 -1.043742 -0.507627
v 0.030212 -1.027580 -0.582902
v -0.168063 -1.038614 -0.486402
v 0.225027 -1.081928 -0.320460
v -0.166558 -1.057819 -0.316595
v 0.036042 -1.076146 -0.234217
v -0.268616 1.083131 -0.544717
v 0.311437 1.039318 -0.536983
v 0.472741 0.945205 0.000000
v -0.070869 1.216642 -0.618768
v 0.118127 1.078637 -0.942411
v 0.402119 1.126766 -0.897012
v 0.501846 1.075650 -0.755953
v 0.358236 0.907104 -0.610786
v 0.094457 0.889289 -0.605980
v -0.033971 0.998336 -0.800159
v 0.092309 0.612292 -1.088745
v 0.322847 0.626641 -1.091321
v 0.478666 0.599155 -0.888115
v 0.354202 0.534907 -0.671783
v 0.088296 0.540032 -0.648039
v 0.001290 0.587144 -0.877116
v 0.133022 0.217642 -1.110417
v 0.403708 0.208975 -1.114152
v 0.494112 0.154453 -0.962609
v 0.401891 0.131124 -0.804508
v 0.189495 0.131735 -0.742431
v 0.075397 0.200501 -0.934783
v 0.123167 0.028408 -1.140963
v 0.326461 0.000927 -1.143366
v 0.419817 -0.052982 -0.985044
v 0.324017 -0.077216 -0.820808
v 0.090534 -0.049858 -0.810644
v -0.022452 0.016182 -1.002536
v 0.493109 0.218421 -0.952657
v 0.389619 0.271657 -1.111597
v 0.174474 0.218842 -0.728845
v 0.395848 0.189664 -0.783537
v 0.114618 0.307051 -1.110699
v 0.064600 0.285221 -0.928567
v 0.028230 -1.010034 -0.236686
v -0.173842 -0.989577 -0.308390
v 0.230015 -0.983518 -0.512376
v 0.226964 -1.001629 -0.317882
v 0.035186 -0.998588 -0.584093
v -0.168321 -0.981960 -0.483809
v 0.364478 0.887918 -1.021278
v 0.094105 0.830427 -1.059060
v -0.023765 0.794461 -0.839760
v 0.088663 0.724479 -0.622991
v 0.358284 0.740034 -0.634992
v 0.512638 0.859855 -0.823606
v -0.248415 1.197072 -0.246848
v 0.353456 -0.245476 -0.262092
v 0.384612 1.226710 -0.242407
v 0.332098 0.205600 -0.201106
v 0.402472 0.728375 -0.248828
v -0.280493 -0.360307 -0.236059
v -0.352660 0.205152 -0.190545
v 0.356527 -0.520357 -0.143997
v -0.261776 -0.549086 -0.122749
v 0.005479 -0.590569 -0.091772
v 0.392089 0.992261 -0.268491
v -0.275938 0.989408 -0.541755
v -0.276527 0.891976 -0.538198
v 0.301458 0.951632 -0.523874
v 0.291478 0.863945 -0.510765
v 0.489643 0.856967 0.000000
v 0.506544 0.768729 0.000000
v -0.040739 1.072978 -0.604673
v -0.013105 0.929131 -0.594290
v 0.453976 1.019468 -0.707564
v 0.406106 0.963286 -0.659175
v 0.008838 0.961987 -0.735433
v 0.051648 0.925638 -0.670707
v 0.437178 0.577739 -0.816004
v 0.395690 0.556323 -0.743894
v 0.030292 0.571440 -0.800757
v 0.059294 0.555736 -0.724398
v 0.463371 0.146677 -0.909909
v 0.432631 0.138901 -0.857208
v 0.113430 0.177579 -0.870666
v 0.151462 0.154657 -0.806548
v 0.387884 -0.061060 -0.930299
v 0.355951 -0.069138 -0.875554
v 0.015210 -0.005832 -0.938572
v 0.052872 -0.027845 -0.874608
v 0.428268 0.199249 -0.839910
v 0.460689 0.208835 -0.896284
v 0.101225 0.263094 -0.861993
v 0.137849 0.240968 -0.795419
v 0.409735 0.779974 -0.697864
v 0.461186 0.819914 -0.760735
v 0.013711 0.771134 -0.767504
v 0.051187 0.747807 -0.695247
v 0.395550 0.904299 -0.261937
v 0.399011 0.816337 -0.255383
v -0.278348 1.158310 -0.483107
v -0.326139 1.118522 -0.508659
v 0.335330 1.175911 -0.502204
v 0.323383 1.107615 -0.519593
v 0.438879 1.121209 0.000000
v 0.455810 1.033207 0.000000
v 0.001287 1.253612 -0.598914
v 0.435361 1.109727 -0.849993
v 0.468603 1.092689 -0.802973
v 0.016728 1.025103 -0.847576
v 0.374787 0.617479 -1.023586
v 0.426726 0.608317 -0.955850
v 0.031630 0.595527 -0.947659
v 0.433843 0.190801 -1.063638
v 0.463977 0.172627 -1.013123
v 0.094605 0.206215 -0.993328
v 0.357579 -0.017043 -1.090592
v 0.388698 -0.035012 -1.037818
v 0.026088 0.020257 -1.048678
v 0.081273 0.292498 -0.989277
v 0.458613 0.236166 -1.005637
v 0.424116 0.253912 -1.058617
v 0.463251 0.869209 -0.889497
v 0.413864 0.878563 -0.955387
v 0.015525 0.806449 -0.912860
v 0.387104 1.148560 -0.251102
v 0.389597 1.070411 -0.259797
v 0.123167 0.028408 -1.140963
v 0.326461 0.000927 -1.143366
v 0.419817 -0.052982 -0.985044
v 0.324017 -0.077216 -0.820808
v 0.090534 -0.049858 -0.810644
v -0.022452 0.016182 -1.002536
v 0.030758 -0.283597 -1.199153
v 0.215578 -0.335743 -1.235085
v 0.276686 -0.366279 -1.067532
v 0.251707 -0.397252 -0.972641
v 0.052656 -0.355275 -0.949028
v -0.023322 -0.305872 -1.036972
v 0.387884 -0.061060 -0.930299
v 0.015210 -0.005832 -0.938572
v 0.052872 -0.027845 -0.874608
v 0.268359 -0.371145 -1.008611
v 0.002004 -0.316881 -0.980367
v 0.027330 -0.327891 -0.923762
v 0.357579 -0.017043 -1.090592
v 0.388698 -0.035012 -1.037818
v 0.026088 0.020257 -1.048678
v 0.235947 -0.345922 -1.179234
v 0.256316 -0.356101 -1.123383
v -0.005295 -0.298447 -1.091032
v 0.030758 -0.283597 -1.199153
v 0.215578 -0.335743 -1.235085
v 0.276686 -0.366279 -1.067532
v 0.251707 -0.397252 -0.972641
v 0.052656 -0.355275 -0.949028
v -0.023322 -0.305872 -1.036972
v 0.268359 -0.371145 -1.008611
v 0.038357 -0.445947 -0.869419
v 0.002004 -0.316881 -0.980367
v 0.027330 -0.327891 -0.923762
v 0.235947 -0.345922 -1.179234
v 0.256316 -0.356101 -1.123383
v -0.005295 -0.298447 -1.091032
v 0.018294 -0.336292 -1.205999
v 0.203114 -0.413266 -1.197824
v 0.250669 -0.433245 -1.025408
v 0.239242 -0.443924 -1.023611
v 0.040191 -0.407970 -0.955874
v 0.014865 -0.380586 -0.930607
v 0.243852 -0.420588 -1.124722
v 0.264221 -0.424249 -1.088172
v -0.017760 -0.351142 -1.097878
v -0.035786 -0.358567 -1.043817
v 0.255895 -0.422335 -1.050669
v -0.010461 -0.369577 -0.987212
v 0.223483 -0.416927 -1.161273
v -0.157924 -0.757707 -1.006955
v -0.103155 -0.805484 -1.034302
v 0.204540 -0.867621 -1.012261
v 0.286699 -0.743964 -0.939201
v 0.193342 -0.694803 -0.936668
v -0.068689 -0.674103 -0.922128
v -0.113961 -0.689646 -0.962303
v 0.313460 -0.809803 -0.981437
v 0.342407 -0.799558 -0.963415
v -0.185080 -0.734042 -0.993506
v 0.329871 -0.772052 -0.951144
v -0.160530 -0.710465 -0.977953
v 0.283089 -0.829325 -0.996585
v -0.009457 -0.588381 -0.999763
v 0.263237 -0.623992 -0.991380
v 0.242329 -0.715059 -1.176360
v 0.215483 -0.729701 -1.213796
v -0.094047 -0.590335 -0.995241
v 0.269174 -0.700417 -1.138923
v 0.296020 -0.685775 -1.101487
v -0.111325 -0.634848 -1.148207
v -0.135038 -0.618580 -1.113106
v 0.285092 -0.665181 -1.064785
v 0.274165 -0.644586 -1.028083
v -0.063899 -0.667382 -1.218407
v -0.101723 -0.604458 -1.074776
v 0.022565 -0.512709 -0.878093
v 0.274754 -0.558261 -0.963912
v 0.290546 -0.499129 -0.899335
v 0.083605 -0.640597 -0.841512
v -0.054475 -0.827864 -0.909195
v -0.022601 -0.851844 -0.929053
v 0.156468 -0.889860 -0.924200
v 0.204282 -0.828065 -0.871589
v 0.149951 -0.800355 -0.864793
v -0.002543 -0.790285 -0.854756
v -0.030772 -0.795073 -0.878613
v 0.219856 -0.860571 -0.901378
v 0.236703 -0.856871 -0.890645
v -0.070279 -0.815974 -0.899411
v 0.229407 -0.842653 -0.881062
v -0.054108 -0.803690 -0.887776
v 0.202181 -0.869898 -0.911608
v 0.245061 -0.669760 -0.896455
v 0.093715 -0.597855 -0.835959
v 0.255172 -0.631903 -0.855112
v 0.237169 -1.043742 -0.533009
v 0.031723 -1.027580 -0.612047
v -0.176466 -1.038614 -0.510722
v 0.236279 -1.081928 -0.336483
v -0.174886 -1.057819 -0.332425
v 0.037845 -1.076146 -0.245928
v 0.326635 -1.343576 -0.563059
v 0.161265 -1.305010 -0.661250
v -0.078056 -1.302989 -0.547412
v 0.325766 -1.361873 -0.363367
v -0.076148 -1.333994 -0.332217
v 0.134357 -1.364808 -0.254096
v 0.314199 -1.739373 -0.552454
v 0.151383 -1.732039 -0.635899
v -0.024483 -1.741248 -0.586725
v 0.314513 -1.740349 -0.388655
v -0.025037 -1.742633 -0.384737
v 0.145830 -1.738864 -0.318586
v 0.334854 -1.998304 -0.564687
v 0.141301 -2.004277 -0.677077
v -0.031787 -1.997991 -0.700896
v 0.338237 -1.999312 -0.390722
v -0.037636 -2.000761 -0.332995
v 0.136521 -2.004889 -0.335829
v -0.307111 -1.935652 -0.410755
v -0.297902 -1.938511 -0.570866
v -0.343137 -1.991110 -0.416945
v -0.326602 -1.992399 -0.638718
v -0.194797 -1.999438 -0.380263
v -0.186573 -1.999436 -0.691464
v -0.169812 -1.891997 -0.408786
v -0.167044 -1.893785 -0.607957
v 0.295470 0.570418 -0.461030
v 0.455464 0.485113 0.000000
v -0.310052 0.582165 -0.461480
v 0.003483 0.569813 -0.561089
v -0.395552 0.508899 0.000000
v 0.375467 0.527766 -0.230515
v -0.418463 0.201831 -0.164589
v -0.463155 0.750744 -0.245636
v -0.433430 0.540104 -0.214535
v -0.336756 0.951751 0.000000
v -0.393875 1.426038 -0.102377
v -0.396877 1.397677 0.000000
v -0.333908 1.843415 -0.144258
v -0.334120 1.851427 0.000000
v -0.349070 1.660107 -0.200109
v -0.343270 1.753725 -0.177041
v -0.364522 1.532452 -0.178392
v -0.395376 1.417809 -0.059430
v -0.334014 1.847421 -0.072129
v 0.052656 -0.355275 0.949028
v 0.159262 1.468966 0.097556
v 0.072315 1.477849 0.138145
v -0.055336 1.402415 0.112862
v -0.422588 1.454693 0.078093
v -0.401477 1.823738 0.114329
v -0.070924 1.478075 0.117056
v 0.053667 1.816610 0.103229
v -0.023958 1.831321 0.137840
v -0.435608 1.641528 0.160913
v 0.046068 1.639791 0.123790
v -0.418910 1.745861 0.135122
v 0.054543 1.744944 0.123091
v -0.436390 1.615130 0.154517
v -0.008694 1.523059 0.113170
v -0.177493 1.381172 0.129496
v -0.365161 1.357182 0.109685
v -0.266339 1.863093 0.174188
v -0.106129 1.847653 0.173423
v -0.269937 1.657261 0.237639
v -0.107119 1.658101 0.240643
v -0.267630 1.761589 0.218960
v -0.107741 1.758945 0.219606
v -0.299180 1.523854 0.203095
v -0.128102 1.536575 0.217010
v -0.021776 1.650764 0.194687
v -0.021895 1.753008 0.178029
v -0.053622 1.542339 0.175904
v -0.083158 1.448264 0.131529
v 0.019707 1.523971 0.139945
v 0.099827 1.511914 0.100715
v -0.082656 1.343346 0.094934
v 0.244148 1.505757 0.073663
v -0.071000 1.399250 0.056757
v -0.401705 1.831180 0.057164
v -0.421083 1.442123 0.036249
v 0.054162 1.825380 0.051614
v 0.065942 1.671235 0.057393
v -0.444493 1.640392 0.095012
v 0.063794 1.738456 0.061545
v -0.426967 1.740316 0.037687
v -0.444268 1.617098 0.090980
v 0.106851 1.589880 0.074656
v -0.369669 1.344571 0.054843
v -0.188241 1.363288 0.064752
v -0.105852 1.864321 0.086712
v -0.266322 1.863662 0.087094
v -0.024296 1.845125 0.068920
v 0.174457 1.541003 0.059676
v -0.488916 1.549091 0.028420
v -0.490730 1.544314 0.027502
v -0.451338 1.660206 0.035673
v -0.428202 1.662954 0.162579
v -0.429865 1.541050 0.153688
v -0.451277 1.544666 0.024685
v -0.445507 1.655998 0.090128
v -0.434511 1.657287 0.168506
v -0.435423 1.601364 0.180798
v -0.445307 1.604730 0.085220
v -0.103972 1.683864 0.247479
v -0.010268 1.674187 0.265409
v -0.114829 1.542856 0.230388
v -0.027473 1.546771 0.247424
v 0.027330 -0.327891 0.923762
v 0.040191 -0.407970 0.955874
v 0.014865 -0.380586 0.930607
v 0.094099 -0.926955 0.983641
v 0.094099 -0.926955 0.983641
v 0.094099 -0.926955 0.983641
v 0.094099 -0.926955 0.983641
v 0.094099 -0.926955 0.983641
v 0.094099 -0.926955 0.983641
v 0.094099 -0.926955 0.983641
v 0.094099 -0.926955 0.983641
v 0.094099 -0.926955 0.983641
v -0.236481 1.204169 0.451538
v 0.347276 1.244208 0.484815
v 0.145600 1.398926 0.559207
v -0.063852 1.347832 0.193597
v 0.108464 1.453980 0.251413
v 0.258870 1.350261 0.184398
v 0.159690 1.471942 0.101484
v 0.072490 1.478367 0.138775
v -0.053879 1.402367 0.112348
v -0.248408 1.197078 0.246839
v 0.384612 1.226710 0.242407
v 0.292312 1.348548 0.134321
v -0.083614 1.342819 0.095037
v -0.070914 1.399668 0.056469
v -0.236481 1.204169 0.451538
v 0.289424 -0.234215 0.524185
v 0.347276 1.244208 0.484815
v -0.300013 0.796640 0.515198
v 0.281499 0.776259 0.497656
v 0.317908 0.239852 0.402212
v 0.017851 -0.225004 0.551294
v 0.145600 1.398926 0.559207
v -0.023782 0.223647 0.537500
v 0.020461 0.785369 0.575779
v -0.358944 0.237731 0.375214
v -0.254546 -0.307956 0.472117
v -0.352660 0.238955 0.381089
v 0.307094 -0.532090 0.287994
v -0.259855 -0.536273 0.245498
v 0.012762 -0.682597 0.126580
v 0.286391 -0.680560 0.565849
v 0.080095 -0.687111 0.637060
v -0.170133 -0.726379 0.457085
v 0.290943 -0.761266 0.324650
v -0.207377 -0.761431 0.232535
v 0.049254 -0.803049 0.209420
v 0.225875 -1.043742 0.507627
v 0.030212 -1.027580 0.582902
v -0.168063 -1.038614 0.486402
v 0.225027 -1.081928 0.320460
v -0.166558 -1.057819 0.316595
v 0.036042 -1.076146 0.234217
v -0.268616 1.083131 0.544717
v 0.311437 1.039318 0.536983
v -0.070869 1.216642 0.618768
v 0.118127 1.078637 0.942411
v 0.402119 1.126766 0.897012
v 0.501846 1.075650 0.755953
v 0.358236 0.907104 0.610786
v 0.094457 0.889289 0.605980
v -0.033971 0.998336 0.800159
v 0.092309 0.612292 1.088745
v 0.322847 0.626641 1.091321
v 0.478666 0.599155 0.888115
v 0.354202 0.534907 0.671783
v 0.088296 0.540032 0.648039
v 0.001290 0.587144 0.877116
v 0.133022 0.217642 1.110417
v 0.403708 0.208975 1.114152
v 0.494112 0.154453 0.962609
v 0.401891 0.131124 0.804508
v 0.189495 0.131735 0.742431
v 0.075397 0.200501 0.934783
v 0.123167 0.028408 1.140963
v 0.326461 0.000927 1.143366
v 0.419817 -0.052982 0.985044
v 0.324017 -0.077216 0.820808
v 0.090534 -0.049858 0.810644
v -0.022452 0.016182 1.002536
v 0.493109 0.218421 0.952657
v 0.389619 0.271657 1.111597
v 0.174474 0.218842 0.728845
v 0.395848 0.189664 0.783537
v 0.114618 0.307051 1.110699
v 0.064600 0.285221 0.928567
v 0.028230 -1.010034 0.236686
v -0.173842 -0.989577 0.308390
v 0.230015 -0.983518 0.512376
v 0.226964 -1.001629 0.317882
v 0.035186 -0.998588 0.584093
v -0.168321 -0.981960 0.483809
v 0.364478 0.887918 1.021278
v 0.094105 0.830427 1.059060
v -0.023765 0.794461 0.839760
v 0.088663 0.724479 0.622991
v 0.358284 0.740034 0.634992
v 0.512638 0.859855 0.823606
v -0.248415 1.197072 0.246848
v 0.353456 -0.245476 0.262092
v 0.384612 1.226710 0.242407
v 0.332098 0.205600 0.201106
v 0.402472 0.728375 0.248828
v -0.280493 -0.360307 0.236059
v -0.352660 0.205152 0.190545
v 0.356527 -0.520357 0.143997
v -0.261776 -0.549086 0.122749
v 0.005479 -0.590569 0.091772
v 0.392089 0.992261 0.268491
v -0.275938 0.989408 0.541755
v -0.276527 0.891976 0.538198
v 0.301458 0.951632 0.523874
v 0.291478 0.863945 0.510765
v -0.040739 1.072978 0.604673
v -0.013105 0.929131 0.594290
v 0.453976 1.019468 0.707564
v 0.406106 0.963286 0.659175
v 0.008838 0.961987 0.735433
v 0.051648 0.925638 0.670707
v 0.437178 0.577739 0.816004
v 0.395690 0.556323 0.743894
v 0.030292 0.571440 0.800757
v 0.059294 0.555736 0.724398
v 0.463371 0.146677 0.909909
v 0.432631 0.138901 0.857208
v 0.113430 0.177579 0.870666
v 0.151462 0.154657 0.806548
v 0.387884 -0.061060 0.930299
v 0.355951 -0.069138 0.875554
v 0.015210 -0.005832 0.938572
v 0.052872 -0.027845 0.874608
v 0.428268 0.199249 0.839910
v 0.460689 0.208835 0.896284
v 0.101225 0.263094 0.861993
v 0.137849 0.240968 0.795419
v 0.409735 0.779974 0.697864
v 0.461186 0.819914 0.760735
v 0.013711 0.771134 0.767504
v 0.051187 0.747807 0.695247
v 0.395550 0.904299 0.261937
v 0.399011 0.816337 0.255383
v -0.278348 1.158310 0.483107
v -0.326139 1.118522 0.508659
v 0.335330 1.175911 0.502204
v 0.323383 1.107615 0.519593
v 0.001287 1.253612 0.598914
v 0.435361 1.109727 0.849993
v 0.468603 1.092689 0.802973
v 0.016728 1.025103 0.847576
v 0.374787 0.617479 1.023586
v 0.426726 0.608317 0.955850
v 0.031630 0.595527 0.947659
v 0.433843 0.190801 1.063638
v 0.463977 0.172627 1.013123
v 0.094605 0.206215 0.993328
v 0.357579 -0.017043 1.090592
v 0.388698 -0.035012 1.037818
v 0.026088 0.020257 1.048678
v 0.081273 0.292498 0.989277
v 0.458613 0.236166 1.005637
v 0.424116 0.253912 1.058617
v 0.463251 0.869209 0.889497
v 0.413864 0.878563 0.955387
v 0.015525 0.806449 0.912860
v 0.387104 1.148560 0.251102
v 0.389597 1.070411 0.259797
v 0.123167 0.028408 1.140963
v 0.326461 0.000927 1.143366
v 0.419817 -0.052982 0.985044
v 0.324017 -0.077216 0.820808
v 0.090534 -0.049858 0.810644
v -0.022452 0.016182 1.002536
v 0.030758 -0.283597 1.199153
v 0.215578 -0.335743 1.235085
v 0.276686 -0.366279 1.067532
v 0.251707 -0.397252 0.972641
v 0.052656 -0.355275 0.949028
v -0.023322 -0.305872 1.036972
v 0.387884 -0.061060 0.930299
v 0.015210 -0.005832 0.938572
v 0.052872 -0.027845 0.874608
v 0.268359 -0.371145 1.008611
v 0.002004 -0.316881 0.980367
v 0.027330 -0.327891 0.923762
v 0.357579 -0.017043 1.090592
v 0.388698 -0.035012 1.037818
v 0.026088 0.020257 1.048678
v 0.235947 -0.345922 1.179234
v 0.256316 -0.356101 1.123383
v -0.005295 -0.298447 1.091032
v 0.030758 -0.283597 1.199153
v 0.215578 -0.335743 1.235085
v 0.276686 -0.366279 1.067532
v 0.251707 -0.397252 0.972641
v 0.052656 -0.355275 0.949028
v -0.023322 -0.305872 1.036972
v 0.268359 -0.371145 1.008611
v 0.038357 -0.445947 0.869419
v 0.002004 -0.316881 0.980367
v 0.027330 -0.327891 0.923762
v 0.235947 -0.345922 1.179234
v 0.256316 -0.356101 1.123383
v -0.005295 -0.298447 1.091032
v 0.018294 -0.336292 1.205999
v 0.203114 -0.413266 1.197824
v 0.250669 -0.433245 1.025408
v 0.239242 -0.443924 1.023611
v 0.040191 -0.407970 0.955874
v 0.014865 -0.380586 0.930607
v 0.243852 -0.420588 1.124722
v 0.264221 -0.424249 1.088172
v -0.017760 -0.351142 1.097878
v -0.035786 -0.358567 1.043817
v 0.255895 -0.422335 1.050669
v -0.010461 -0.369577 0.987212
v 0.223483 -0.416927 1.161273
v -0.157924 -0.757707 1.006955
v -0.103155 -0.805484 1.034302
v 0.204540 -0.867621 1.012261
v 0.286699 -0.743964 0.939201
v 0.193342 -0.694803 0.936668
v -0.068689 -0.674103 0.922128
v -0.113961 -0.689646 0.962303
v 0.313460 -0.809803 0.981437
v 0.342407 -0.799558 0.963415
v -0.185080 -0.734042 0.993506
v 0.329871 -0.772052 0.951144
v -0.160530 -0.710465 0.977953
v 0.283089 -0.829325 0.996585
v -0.009457 -0.588381 0.999763
v 0.263237 -0.623992 0.991380
v 0.242329 -0.715059 1.176360
v 0.215483 -0.729701 1.213796
v -0.094047 -0.590335 0.995241
v 0.269174 -0.700417 1.138923
v 0.296020 -0.685775 1.101487
v -0.111325 -0.634848 1.148207
v -0.135038 -0.618580 1.113106
v 0.285092 -0.665181 1.064785
v 0.274165 -0.644586 1.028083
v -0.063899 -0.667382 1.218407
v -0.101723 -0.604458 1.074776
v 0.022565 -0.512709 0.878093
v 0.274754 -0.558261 0.963912
v 0.290546 -0.499129 0.899335
v 0.083605 -0.640597 0.841512
v -0.054475 -0.827864 0.909195
v -0.022601 -0.851844 0.929053
v 0.156468 -0.889860 0.924200
v 0.204282 -0.828065 0.871589
v 0.149951 -0.800355 0.864793
v -0.002543 -0.790285 0.854756
v -0.030772 -0.795073 0.878613
v 0.219856 -0.860571 0.901378
v 0.236703 -0.856871 0.890645
v -0.070279 -0.815974 0.899411
v 0.229407 -0.842653 0.881062
v -0.054108 -0.803690 0.887776
v 0.202181 -0.869898 0.911608
v 0.245061 -0.669760 0.896455
v 0.093715 -0.597855 0.835959
v 0.255172 -0.631903 0.855112
v 0.237169 -1.043742 0.533009
v 0.031723 -1.027580 0.612047
v -0.176466 -1.038614 0.510722
v 0.236279 -1.081928 0.336483
v -0.174886 -1.057819 0.332425
v 0.037845 -1.076146 0.245928
v 0.326635 -1.343576 0.563059
v 0.161265 -1.305010 0.661250
v -0.078056 -1.302989 0.547412
v 0.325766 -1.361873 0.363367
v -0.076148 -1.333994 0.332217
v 0.134357 -1.364808 0.254096
v 0.314199 -1.739373 0.552454
v 0.151383 -1.732039 0.635899
v -0.024483 -1.741248 0.586725
v 0.314513 -1.740349 0.388655
v -0.025037 -1.742633 0.384737
v 0.145830 -1.738864 0.318586
v 0.334854 -1.998304 0.564687
v 0.141301 -2.004277 0.677077
v -0.031787 -1.997991 0.700896
v 0.338237 -1.999312 0.390722
v -0.037636 -2.000761 0.332995
v 0.136521 -2.004889 0.335829
v -0.307111 -1.935652 0.410755
v -0.297902 -1.938511 0.570866
v -0.343137 -1.991110 0.416945
v -0.326602 -1.992399 0.638718
v -0.194797 -1.999438 0.380263
v -0.186573 -1.999436 0.691464
v -0.169812 -1.891997 0.408786
v -0.167044 -1.893785 0.607957
v 0.295470 0.570418 0.461030
v -0.310052 0.582165 0.461480
v 0.003483 0.569813 0.561089
v 0.375467 0.527766 0.230515
v -0.418463 0.201831 0.164589
v -0.463155 0.750744 0.245636
v -0.433430 0.540104 0.214535
v -0.393875 1.426038 0.102377
v -0.333908 1.843415 0.144258
v -0.349070 1.660107 0.200109
v -0.343270 1.753725 0.177041
v -0.364522 1.532452 0.178392
v -0.395376 1.417809 0.059430
v -0.334014 1.847421 0.072129
vn -0.9384 0.3057 -0.1611
vn -0.9697 0.2349 -0.0668
vn 0.5644 0.3886 -0.7283
vn -0.2443 0.9682 -0.0541
vn 0.3695 -0.5423 -0.7546
vn 0.9836 0.1240 -0.1312
vn 0.5121 0.4169 -0.7510
vn 0.6925 -0.3806 -0.6129
vn -0.9920 -0.0307 -0.1221
vn 0.6178 0.5091 -0.5993
vn 0.7173 -0.0532 -0.6947
vn -0.9707 0.1662 -0.1734
vn -0.9596 -0.2771 -0.0487
vn 0.9363 -0.3384 -0.0943
vn 0.2943 0.9417 -0.1628
vn -0.6238 -0.1794 -0.7607
vn -0.0313 -0.4792 -0.8772
vn -0.4174 0.1691 -0.8929
vn -0.0191 0.1766 -0.9841
vn -0.3644 -0.1132 -0.9244
vn -0.0612 -0.2376 -0.9694
vn -0.9319 -0.3357 -0.1373
vn 0.0754 -0.9731 -0.2176
vn 0.2582 0.9475 -0.1885
vn -0.1019 0.9770 -0.1875
vn -0.4822 0.3447 -0.8054
vn 0.0041 0.4617 -0.8870
vn 0.4783 0.1822 -0.8591
vn 0.0352 -0.9982 -0.0490
vn 0.4199 0.4131 -0.8081
vn 0.3850 0.2612 -0.8852
vn 0.0870 0.9882 0.1260
vn 0.0524 0.4561 -0.8884
vn 0.4066 0.5068 -0.7601
vn -0.1027 -0.1555 -0.9825
vn 0.1723 -0.9850 -0.0075
vn 0.1768 -0.2772 -0.9444
vn 0.2883 -0.9551 0.0689
vn 0.8762 0.3817 -0.2942
vn 0.4342 0.4584 -0.7755
vn -0.0036 0.9820 -0.1888
vn 0.2637 0.9461 -0.1882
vn 0.0885 -0.9723 -0.2163
vn -0.9218 -0.3734 -0.1038
vn 0.2746 0.9475 -0.1636
vn -0.9432 -0.3288 -0.0480
vn -0.9810 0.1806 0.0712
vn 0.9646 -0.0761 -0.2527
vn -0.8797 0.4744 -0.0335
vn 0.4483 -0.2873 -0.8464
vn 0.9884 0.0517 -0.1431
vn -0.3009 0.9522 -0.0533
vn -0.9410 0.2998 -0.1571
vn -0.9394 0.3404 -0.0405
vn 0.0873 -0.0943 -0.9917
vn 0.0214 -0.9839 -0.1772
vn -0.6264 0.7759 -0.0751
vn 0.9622 -0.0328 -0.2704
vn -0.9847 -0.0650 -0.1616
vn -0.9943 -0.0140 -0.1054
vn -0.9903 0.0020 -0.1389
vn -0.9988 0.0184 -0.0464
vn -0.9920 0.0256 -0.1238
vn -0.9932 -0.0291 -0.1131
vn -0.1859 -0.1041 -0.9770
vn 0.9857 -0.1159 0.1220
vn -0.7061 -0.0158 -0.7080
vn 0.2056 0.2275 0.9518
vn 0.5481 -0.2340 0.8030
vn -0.7123 0.6951 -0.0979
vn 0.6242 0.7269 -0.2864
vn -0.5630 0.7991 -0.2109
vn 0.5960 0.7960 -0.1056
vn -0.5734 0.7435 -0.3441
vn 0.6286 0.7172 -0.3007
vn 0.8182 0.4073 -0.4059
vn 0.6872 0.7245 -0.0535
vn -0.9009 0.4033 -0.1601
vn -0.6158 0.7834 -0.0836
vn -0.7893 -0.5823 0.1950
vn 0.9661 0.1859 -0.1790
vn 0.9605 0.1598 -0.2278
vn 0.8803 -0.3063 -0.3622
vn 0.1006 0.0399 -0.9941
vn 0.3210 -0.1447 -0.9359
vn -0.1873 -0.0521 -0.9809
vn -0.9843 -0.1149 -0.1337
vn -0.9820 -0.1167 0.1485
vn 0.9664 -0.0923 -0.2401
vn -0.5227 -0.3375 0.7829
vn 0.1978 -0.9802 0.0120
vn -0.9930 -0.1150 -0.0275
vn -0.2801 0.0035 -0.9600
vn -0.9528 -0.2333 -0.1944
vn 0.5392 -0.1699 0.8248
vn -0.1671 -0.5926 0.7880
vn 0.1040 0.1950 -0.9753
vn -0.5630 -0.1428 -0.8140
vn 0.9972 0.0002 -0.0744
vn -0.3774 -0.0100 0.9260
vn 0.9977 -0.0678 0.0093
vn 0.4139 -0.0392 0.9095
vn 0.3502 -0.0983 -0.9315
vn -0.4390 0.0391 -0.8976
vn -0.9942 -0.1018 -0.0357
vn -0.2549 -0.0106 -0.9669
vn 0.9357 0.1792 -0.3037
vn 0.0312 -0.6641 -0.7470
vn -0.6877 0.1505 -0.7102
vn -0.0195 0.1350 -0.9907
vn -0.0279 0.7680 -0.6399
vn -0.9615 -0.0508 -0.2701
vn 0.3201 0.9404 0.1145
vn 0.8385 -0.3699 0.4001
vn 0.2668 -0.3005 0.9157
vn 0.8503 0.1318 -0.5095
vn -0.9354 -0.1323 0.3281
vn 0.8122 -0.1661 0.5592
vn 0.7956 0.0423 -0.6043
vn 0.0540 -0.1773 0.9827
vn -0.8012 0.2235 0.5551
vn -0.8639 0.2802 -0.4184
vn -0.0038 -0.0039 -1.0000
vn -0.4938 0.6487 -0.5791
vn -0.8730 -0.1709 0.4567
vn 0.8661 -0.0789 0.4936
vn 0.8320 -0.3450 0.4344
vn 0.7996 -0.2236 -0.5574
vn 0.2756 -0.1770 0.9448
vn 0.0098 0.1589 -0.9873
vn 0.8695 -0.0527 0.4911
vn -0.8775 -0.2793 0.3899
vn -0.0155 0.0706 -0.9974
vn 0.7944 0.1469 -0.5893
vn 0.1952 -0.2807 0.9398
vn -0.9807 -0.0856 -0.1760
vn -0.4342 0.0906 -0.8962
vn 0.3520 -0.2060 -0.9130
vn 0.4415 -0.0924 0.8925
vn 0.9768 -0.1966 -0.0842
vn -0.3411 -0.0886 0.9359
vn 0.0277 -0.1433 0.9893
vn 0.7973 0.2012 -0.5690
vn 0.7706 -0.1170 0.6265
vn -0.8959 -0.0958 0.4338
vn 0.0368 0.4221 -0.9058
vn -0.9922 0.1246 0.0049
vn 0.9417 0.0120 -0.3361
vn -0.9693 -0.2222 -0.1057
vn 0.1023 -0.9730 -0.2071
vn 0.0397 -0.9989 0.0238
vn 0.9614 -0.1338 -0.2406
vn -0.9889 -0.0783 -0.1261
vn 0.9238 -0.1563 -0.3495
vn 0.9715 0.0027 -0.2372
vn 0.9703 -0.1156 -0.2126
vn 0.8996 0.0028 -0.4368
vn 0.9221 0.0075 -0.3869
vn -0.8897 -0.0158 0.4563
vn -0.8938 -0.0590 0.4445
vn 0.7842 -0.1496 0.6022
vn 0.7784 -0.1352 0.6130
vn -0.8698 -0.3265 0.3700
vn -0.8738 -0.3038 0.3798
vn 0.8720 -0.0495 0.4870
vn 0.8695 -0.0515 0.4913
vn 0.8661 -0.0636 0.4958
vn 0.8661 -0.0711 0.4947
vn -0.8716 -0.2187 0.4388
vn -0.8726 -0.1954 0.4477
vn -0.7998 0.2271 0.5556
vn -0.8005 0.2253 0.5554
vn 0.8201 -0.2359 0.5213
vn 0.8172 -0.2040 0.5391
vn -0.9369 -0.0452 0.3466
vn -0.9370 -0.0907 0.3372
vn 0.7589 -0.0913 0.6448
vn 0.7876 -0.1581 0.5955
vn 0.8985 0.1721 -0.4037
vn 0.9186 0.1759 -0.3540
vn -0.1888 -0.1861 -0.9642
vn -0.2035 -0.0345 -0.9785
vn -0.1664 -0.1641 -0.9723
vn -0.3601 -0.8947 -0.2643
vn 0.9495 -0.0895 -0.3009
vn 0.9604 -0.1020 -0.2594
vn -0.8830 0.0465 -0.4670
vn 0.7997 0.1730 -0.5749
vn 0.7987 0.1866 -0.5721
vn 0.7920 0.1823 -0.5827
vn 0.7934 0.1641 -0.5862
vn -0.9066 -0.1212 -0.4043
vn 0.8051 -0.2217 -0.5502
vn 0.8004 -0.2214 -0.5571
vn -0.9429 -0.0968 -0.3188
vn -0.6044 0.5371 -0.5884
vn -0.5302 0.6689 -0.5211
vn 0.7954 0.0355 -0.6051
vn 0.7955 0.0389 -0.6047
vn 0.8500 0.2107 -0.4829
vn 0.8509 0.1707 -0.4969
vn 0.6041 0.7840 -0.1430
vn 0.4855 0.8738 -0.0266
vn -0.7316 0.3583 -0.5800
vn -0.9195 0.0604 -0.3883
vn -0.8792 -0.0205 -0.4759
vn -0.9397 -0.1943 -0.2814
vn -0.4451 0.1719 -0.8788
vn 0.9500 0.1828 -0.2533
vn 0.9584 0.1844 -0.2179
vn 0.0160 -0.4315 0.9020
vn 0.8887 -0.2671 -0.3728
vn -0.1266 0.2180 -0.9677
vn -0.9138 -0.0157 0.4058
vn 0.7926 -0.4657 0.3936
vn 0.3706 -0.4211 0.8278
vn -0.9120 0.0105 0.4101
vn -0.9495 0.0359 -0.3117
vn 0.9084 -0.1991 -0.3676
vn 0.8992 -0.2327 -0.3704
vn -0.6662 0.3227 -0.6723
vn 0.9288 -0.3078 0.2065
vn -0.9273 0.2550 -0.2742
vn 0.9352 0.1157 -0.3347
vn -0.1444 0.1610 -0.9763
vn 0.2205 0.6237 0.7499
vn 0.8875 -0.4016 0.2258
vn -0.8902 0.1549 0.4284
vn -0.3593 -0.4111 -0.8378
vn 0.9341 -0.2798 0.2217
vn 0.8697 -0.3203 -0.3756
vn 0.8562 -0.1553 -0.4927
vn 0.9663 -0.2576 -0.0004
vn 0.8938 -0.2509 -0.3717
vn 0.0506 0.5789 0.8138
vn -0.9725 0.2202 0.0761
vn 0.7658 -0.5493 -0.3343
vn 0.0248 0.6616 0.7494
vn 0.8140 -0.3888 -0.4316
vn 0.8234 -0.3306 -0.4612
vn -0.6571 -0.3860 -0.6475
vn 0.9140 0.4048 0.0265
vn 0.5729 0.6976 0.4303
vn -0.1622 -0.7725 -0.6140
vn -0.6644 0.6704 0.3304
vn 0.9573 0.2501 0.1447
vn -0.6752 -0.4316 -0.5982
vn -0.9752 0.2141 0.0561
vn -0.8460 0.3044 0.4377
vn -0.9041 0.3433 -0.2543
vn 0.1514 0.0043 0.9885
vn -0.8837 0.1827 0.4309
vn 0.0541 0.0240 -0.9982
vn 0.9676 0.1030 0.2303
vn 0.9677 0.1060 0.2286
vn -0.8840 0.4013 -0.2397
vn 0.7891 0.1021 -0.6058
vn 0.7948 0.0807 -0.6015
vn 0.0574 -0.2509 0.9663
vn 0.7996 0.0614 -0.5974
vn -0.0074 0.1752 0.9845
vn 0.0901 -0.7454 0.6605
vn 0.1695 0.2705 0.9477
vn -0.3580 -0.5171 -0.7775
vn -0.6238 -0.7746 0.1041
vn 0.4159 0.2701 0.8684
vn -0.1700 -0.9432 -0.2853
vn -0.6133 0.0615 0.7874
vn 0.2556 0.4411 0.8603
vn -0.4452 0.3143 0.8385
vn 0.0906 0.5348 0.8401
vn 0.4028 -0.9152 -0.0113
vn -0.6507 0.0681 0.7563
vn 0.4602 -0.8877 0.0143
vn 0.3298 -0.9227 -0.1995
vn -0.6277 -0.7729 0.0927
vn 0.5958 -0.0848 0.7987
vn -0.5034 0.0068 0.8640
vn -0.0991 -0.5835 0.8061
vn 0.3618 0.3240 -0.8742
vn -0.4357 -0.0374 -0.8993
vn -0.9409 -0.3364 -0.0401
vn 0.9582 0.2800 0.0587
vn 0.4935 0.0746 0.8665
vn -0.4292 0.0285 -0.9028
vn -0.9924 -0.1230 -0.0089
vn 0.4987 -0.0629 -0.8645
vn 0.9995 -0.0314 0.0015
vn 0.3820 -0.0729 0.9213
vn -0.3630 -0.1474 0.9200
vn -0.3642 -0.1634 0.9169
vn 0.9966 0.0804 -0.0189
vn -0.3597 -0.0478 0.9318
vn 0.2621 0.0163 0.9649
vn 0.1392 0.3991 -0.9063
vn -0.0507 -0.9987 -0.0013
vn 0.4964 0.1118 -0.8609
vn -0.8342 0.5484 -0.0578
vn -0.2374 0.0459 0.9703
vn -0.3024 0.9526 -0.0344
vn -0.4022 0.6123 -0.6806
vn -0.0237 -0.9997 -0.0021
vn 0.0316 -0.9995 -0.0014
vn -0.2934 0.3954 -0.8704
vn -0.7183 0.6958 0.0028
vn -0.2719 0.3055 0.9126
vn 0.0093 -1.0000 0.0002
vn 0.9855 -0.1412 -0.0936
vn -0.9851 -0.0183 0.1713
vn -0.3040 -0.0409 -0.9518
vn 0.3703 -0.1383 -0.9186
vn 0.9374 -0.3262 -0.1217
vn -0.8955 0.0157 -0.4447
vn -0.8448 -0.0925 -0.5270
vn 0.9709 -0.1762 -0.1623
vn 0.5711 0.7397 -0.3561
vn -0.2821 0.9594 -0.0062
vn -0.7521 -0.6382 -0.1647
vn -0.4840 0.3252 -0.8124
vn -0.8328 -0.5427 -0.1093
vn -0.3602 -0.0630 -0.9308
vn -0.4086 0.2422 -0.8800
vn -0.7938 -0.4371 -0.4229
vn -0.2346 0.9721 -0.0063
vn -0.9384 0.3057 0.1611
vn -0.9648 0.2602 0.0377
vn 0.5644 0.3886 0.7283
vn -0.2443 0.9682 0.0541
vn 0.3695 -0.5423 0.7546
vn 0.9836 0.1240 0.1312
vn 0.5121 0.4169 0.7510
vn 0.6617 -0.3124 0.6816
vn -0.9920 -0.0307 0.1221
vn 0.9891 0.0226 0.1456
vn 0.5877 0.1308 0.7985
vn -0.9553 0.2890 0.0625
vn -0.9596 -0.2771 0.0487
vn 0.9363 -0.3384 0.0943
vn 0.2784 0.9420 0.1873
vn -0.3654 -0.4722 0.8022
vn -0.0313 -0.4792 0.8772
vn -0.4897 0.2371 0.8391
vn -0.0191 0.1766 0.9841
vn -0.3644 -0.1132 0.9244
vn -0.0612 -0.2376 0.9694
vn -0.9319 -0.3357 0.1373
vn 0.0858 -0.9644 0.2502
vn 0.2629 0.9473 0.1829
vn -0.0041 1.0000 0.0065
vn -0.4822 0.3447 0.8054
vn 0.0432 0.4027 0.9143
vn 0.4783 0.1822 0.8591
vn 0.2062 -0.9484 0.2407
vn 0.4199 0.4131 0.8081
vn 0.3850 0.2612 0.8852
vn 0.0870 0.9882 -0.1260
vn 0.0524 0.4561 0.8884
vn 0.4066 0.5068 0.7601
vn 0.1421 -0.2981 0.9439
vn 0.2998 -0.9312 0.2075
vn 0.1768 -0.2772 0.9444
vn 0.4191 -0.8909 0.1750
vn 0.8762 0.3817 0.2942
vn 0.4342 0.4584 0.7755
vn 0.0960 0.9954 0.0065
vn 0.2672 0.9462 0.1827
vn 0.0968 -0.9634 0.2501
vn -0.9218 -0.3734 0.1038
vn 0.2632 0.9462 0.1882
vn -0.9432 -0.3288 0.0480
vn -0.9810 0.1806 -0.0712
vn 0.9646 -0.0761 0.2527
vn -0.8982 0.3232 -0.2979
vn 0.4483 -0.2873 0.8464
vn 0.9884 0.0517 0.1431
vn -0.3009 0.9522 0.0533
vn -0.9410 0.2998 0.1571
vn -0.9394 0.3404 0.0405
vn 0.0873 -0.0943 0.9917
vn 0.0214 -0.9839 0.1772
vn -0.6264 0.7759 0.0751
vn 0.5935 0.1635 0.7881
vn -0.9861 -0.1346 0.0972
vn -0.9943 -0.0140 0.1054
vn -0.9907 -0.0225 0.1339
vn -0.9988 0.0184 0.0464
vn -0.9920 0.0256 0.1238
vn -0.9932 -0.0291 0.1131
vn -0.1859 -0.1041 0.9770
vn 0.9215 -0.2146 -0.3236
vn -0.7061 -0.0158 0.7080
vn -0.0807 0.9500 -0.3015
vn 0.5481 -0.2340 -0.8030
vn -0.6775 0.7349 -0.0299
vn 0.6242 0.7269 0.2864
vn -0.4832 0.8614 0.1564
vn 0.5960 0.7960 0.1056
vn -0.5734 0.7435 0.3441
vn 0.6286 0.7173 0.3007
vn 0.8211 0.4994 0.2766
vn 0.6872 0.7245 0.0535
vn -0.9009 0.4033 0.1601
vn -0.6309 0.7758 0.0099
vn -0.9786 -0.2010 -0.0429
vn 0.9877 0.0480 0.1487
vn 0.9966 0.0554 0.0609
vn 0.8754 -0.1595 0.4563
vn 0.1006 0.0399 0.9941
vn 0.2828 -0.0874 0.9552
vn -0.3033 -0.2181 0.9276
vn -0.9843 -0.1149 0.1337
vn -0.9800 -0.1245 -0.1549
vn 0.9664 -0.0923 0.2401
vn -0.1406 -0.9845 0.1050
vn 0.1978 -0.9802 -0.0120
vn -0.9853 -0.1085 0.1324
vn -0.2801 0.0035 0.9600
vn -0.9537 -0.2005 0.2243
vn 0.5392 -0.1699 -0.8248
vn -0.4199 -0.0457 -0.9064
vn 0.1040 0.1950 0.9753
vn -0.3136 0.1323 0.9403
vn 0.9972 0.0002 0.0744
vn -0.3440 -0.1482 -0.9272
vn 0.9977 -0.0678 -0.0093
vn 0.3742 0.0787 -0.9240
vn 0.3504 -0.0975 0.9315
vn -0.4392 0.0385 0.8976
vn -0.9942 -0.1018 0.0357
vn -0.2549 -0.0106 0.9669
vn 0.9584 0.0165 0.2850
vn 0.2454 -0.4276 0.8700
vn -0.6877 0.1505 0.7102
vn 0.0827 0.2457 0.9658
vn 0.6337 0.7621 0.1328
vn -0.9615 -0.0508 0.2701
vn 0.7464 -0.2838 -0.6019
vn 0.8342 -0.0125 -0.5514
vn 0.2244 -0.1123 -0.9680
vn 0.8503 0.1318 0.5095
vn -0.8957 -0.1814 -0.4060
vn 0.8122 -0.1661 -0.5592
vn 0.8024 0.0428 0.5953
vn 0.0540 -0.1773 -0.9827
vn -0.8012 0.2235 -0.5551
vn -0.8639 0.2802 0.4184
vn -0.0038 -0.0039 1.0000
vn -0.4938 0.6487 0.5791
vn -0.8865 -0.1452 -0.4394
vn 0.8699 -0.0843 -0.4860
vn 0.8320 -0.3450 -0.4344
vn 0.7996 -0.2236 0.5574
vn 0.2756 -0.1770 -0.9448
vn -0.0091 0.1424 0.9898
vn 0.8722 -0.0522 -0.4863
vn -0.9221 -0.2445 -0.2999
vn -0.0155 0.0706 0.9974
vn 0.7944 0.1469 0.5893
vn 0.0825 -0.2223 -0.9715
vn -0.9807 -0.0856 0.1760
vn -0.5773 -0.0553 0.8147
vn 0.3244 -0.2226 0.9193
vn 0.4415 -0.0924 -0.8925
vn 0.9768 -0.1966 0.0842
vn -0.1377 -0.3307 -0.9336
vn 0.0277 -0.1433 -0.9893
vn 0.8327 0.2031 0.5151
vn 0.7706 -0.1170 -0.6265
vn -0.8600 -0.1384 -0.4911
vn 0.0655 0.4524 0.8894
vn -0.9787 0.1609 0.1274
vn 0.9387 -0.1530 0.3088
vn -0.9715 -0.1851 0.1478
vn 0.1023 -0.9730 0.2071
vn 0.0397 -0.9989 -0.0238
vn 0.9614 -0.1338 0.2406
vn -0.9889 -0.0783 0.1261
vn 0.8979 -0.0173 0.4399
vn 0.9715 0.0027 0.2372
vn 0.9703 -0.1156 0.2126
vn 0.8980 -0.1633 0.4086
vn 0.9198 -0.1584 0.3590
vn -0.8497 -0.0699 -0.5227
vn -0.8559 -0.1069 -0.5060
vn 0.7842 -0.1496 -0.6022
vn 0.7784 -0.1352 -0.6130
vn -0.9124 -0.2923 -0.2864
vn -0.9174 -0.2692 -0.2931
vn 0.8720 -0.0495 -0.4870
vn 0.8721 -0.0513 -0.4866
vn 0.8698 -0.0695 -0.4884
vn 0.8699 -0.0768 -0.4872
vn -0.8853 -0.1941 -0.4225
vn -0.8862 -0.1702 -0.4310
vn -0.7998 0.2271 -0.5556
vn -0.8005 0.2253 -0.5554
vn 0.8201 -0.2359 -0.5213
vn 0.8172 -0.2040 -0.5391
vn -0.8962 -0.1033 -0.4315
vn -0.8967 -0.1441 -0.4185
vn 0.7678 0.0084 -0.6406
vn 0.7909 0.0015 -0.6119
vn 0.9221 0.0075 0.3869
vn 0.9417 0.0120 0.3361
vn -0.1888 -0.1861 0.9642
vn -0.2035 -0.0345 0.9785
vn -0.1664 -0.1641 0.9723
vn -0.9604 -0.1986 0.1955
vn 0.9495 -0.0895 0.3009
vn 0.9604 -0.1020 0.2594
vn -0.7237 0.2011 0.6602
vn 0.8325 0.1639 0.5292
vn 0.8328 0.1824 0.5227
vn 0.7920 0.1823 0.5827
vn 0.7934 0.1641 0.5862
vn -0.9066 -0.1212 0.4043
vn 0.8004 -0.2214 0.5571
vn -0.9514 -0.1340 0.2773
vn -0.8819 0.3995 0.2504
vn -0.7195 0.4885 0.4936
vn 0.8021 0.0357 0.5961
vn 0.8022 0.0392 0.5957
vn 0.8500 0.2107 0.4829
vn 0.8509 0.1707 0.4969
vn 0.9199 -0.2399 -0.3102
vn 0.8527 -0.2639 -0.4509
vn -0.1832 0.7182 0.6713
vn -0.9195 0.0604 0.3883
vn -0.8792 -0.0205 0.4759
vn -0.9383 -0.1299 0.3205
vn -0.4451 0.1719 0.8788
vn 0.9694 0.0575 0.2388
vn 0.9791 0.0530 0.1961
vn -0.0086 -0.4118 -0.9112
vn 0.8047 -0.2227 0.5503
vn 0.0231 0.2557 0.9665
vn -0.8681 -0.0505 -0.4938
vn 0.7926 -0.4657 -0.3936
vn -0.8631 -0.0093 -0.5050
vn -0.8659 -0.0303 -0.4994
vn -0.6870 0.1618 0.7084
vn 0.8257 -0.1595 0.5412
vn 0.8158 -0.1908 0.5460
vn -0.9456 0.1326 0.2971
vn 0.9288 -0.3078 -0.2065
vn -0.9273 0.2550 0.2742
vn 0.9352 0.1157 0.3347
vn -0.1444 0.1610 0.9763
vn 0.2205 0.6237 -0.7499
vn 0.8875 -0.4016 -0.2258
vn -0.8902 0.1549 -0.4284
vn -0.3593 -0.4111 0.8378
vn 0.9423 -0.3173 -0.1069
vn 0.8697 -0.3203 0.3756
vn 0.9324 -0.0746 0.3536
vn 0.9663 -0.2576 0.0004
vn 0.8938 -0.2509 0.3717
vn 0.0506 0.5789 -0.8138
vn -0.9725 0.2202 -0.0761
vn 0.7658 -0.5493 0.3343
vn 0.0248 0.6616 -0.7494
vn 0.8140 -0.3888 0.4316
vn 0.8234 -0.3306 0.4612
vn -0.8526 -0.2210 0.4735
vn 0.9077 0.4182 -0.0356
vn 0.9573 0.2501 -0.1447
vn -0.1622 -0.7725 0.6140
vn -0.6644 0.6704 -0.3304
vn -0.8469 -0.3227 0.4226
vn -0.9752 0.2141 -0.0561
vn -0.8460 0.3044 -0.4377
vn -0.9041 0.3433 0.2543
vn 0.1514 0.0043 -0.9885
vn -0.8837 0.1827 -0.4309
vn 0.0541 0.0240 0.9982
vn 0.9641 0.1041 -0.2444
vn 0.9720 0.1046 -0.2105
vn -0.8840 0.4013 0.2397
vn 0.8716 0.1300 0.4727
vn 0.8732 0.1032 0.4763
vn 0.3521 -0.4377 -0.8273
vn 0.8741 0.0795 0.4792
vn 0.2596 -0.2951 -0.9195
vn 0.0856 -0.1482 -0.9852
vn 0.1695 0.2705 -0.9477
vn -0.3580 -0.5171 0.7775
vn -0.6238 -0.7746 -0.1041
vn 0.4159 0.2701 -0.8684
vn -0.1700 -0.9432 0.2853
vn -0.5926 0.0890 -0.8005
vn 0.2556 0.4411 -0.8603
vn -0.4288 0.3257 -0.8427
vn 0.0890 0.5371 -0.8388
vn 0.4398 -0.8980 0.0100
vn -0.6731 0.0543 -0.7375
vn 0.5171 -0.8536 -0.0633
vn 0.4018 -0.9064 0.1302
vn -0.6277 -0.7729 -0.0927
vn 0.5958 -0.0848 -0.7987
vn -0.5034 0.0068 -0.8640
vn -0.0936 -0.5941 -0.7990
vn 0.3618 0.3240 0.8742
vn -0.4357 -0.0374 0.8993
vn -0.9381 -0.3452 0.0289
vn 0.9582 0.2800 -0.0587
vn 0.4152 0.1133 -0.9026
vn -0.4292 0.0285 0.9028
vn -0.9924 -0.1230 0.0089
vn 0.4987 -0.0629 0.8645
vn 0.9995 -0.0314 -0.0015
vn 0.4929 -0.1331 -0.8598
vn -0.3832 -0.1363 -0.9136
vn -0.3526 -0.1695 -0.9203
vn 0.9958 0.0912 0.0014
vn -0.3597 -0.0478 -0.9318
vn 0.3820 -0.0731 -0.9213
vn -0.2735 0.1537 0.9495
vn -0.0507 -0.9987 0.0013
vn 0.4575 0.0783 0.8858
vn -0.8342 0.5484 0.0578
vn -0.1019 0.2773 -0.9554
vn -0.3267 0.9450 0.0130
vn -0.4022 0.6123 0.6806
vn -0.0352 -0.9993 0.0081
vn 0.0316 -0.9995 0.0014
vn -0.2934 0.3954 0.8704
vn -0.7183 0.6958 -0.0028
vn -0.3581 0.2003 -0.9119
vn -0.0061 -1.0000 0.0076
vn 0.9451 0.0060 0.3269
vn -0.9294 -0.1181 -0.3497
vn -0.4356 -0.1600 0.8858
vn 0.3230 -0.0896 0.9421
vn 0.9238 -0.1563 0.3495
vn -0.9550 -0.0842 0.2842
vn -0.8648 -0.1906 0.4645
vn 0.9709 -0.1762 0.1623
vn 0.0927 0.3830 0.9191
vn -0.2821 0.9594 0.0062
vn -0.7585 -0.6346 0.1481
vn -0.4840 0.3252 0.8124
vn -0.7683 -0.6000 0.2227
vn -0.3602 -0.0630 0.9308
vn -0.4842 0.3235 0.8130
vn -0.7938 -0.4371 0.4229
vn -0.2346 0.9721 0.0063
vn -0.9424 0.2395 -0.2335
vn -0.9648 0.2602 -0.0377
vn 0.4332 0.2456 -0.8672
vn -0.1840 0.9746 -0.1276
vn 0.4494 -0.4926 -0.7452
vn 0.9840 0.1740 -0.0390
vn 0.4851 0.6406 -0.5952
vn 0.6617 -0.3124 -0.6816
vn -0.9910 -0.0030 -0.1337
vn 0.9891 0.0226 -0.1456
vn 0.5877 0.1308 -0.7985
vn -0.9553 0.2890 -0.0625
vn -0.9642 -0.2160 -0.1540
vn 0.5068 -0.6524 -0.5635
vn 0.2784 0.9420 -0.1873
vn -0.3654 -0.4722 -0.8022
vn -0.0354 -0.4818 -0.8756
vn -0.4897 0.2371 -0.8391
vn -0.0006 0.2042 -0.9789
vn -0.4285 -0.1373 -0.8931
vn -0.0171 -0.1880 -0.9820
vn -0.9344 -0.3227 -0.1510
vn 0.0858 -0.9644 -0.2502
vn 0.2629 0.9473 -0.1829
vn -0.0041 1.0000 -0.0065
vn -0.4637 0.3625 -0.8085
vn 0.0432 0.4027 -0.9143
vn 0.4394 0.1449 -0.8865
vn 0.2062 -0.9484 -0.2407
vn 0.4296 0.4212 -0.7988
vn 0.1393 0.3026 -0.9429
vn -0.5279 0.6575 -0.5376
vn 0.3246 0.3857 -0.8637
vn 0.4435 0.4762 -0.7593
vn 0.1421 -0.2981 -0.9439
vn 0.2998 -0.9312 -0.2075
vn 0.4191 -0.8909 -0.1750
vn 0.2015 0.6786 -0.7063
vn 0.4882 0.4452 -0.7506
vn 0.0960 0.9954 -0.0065
vn 0.2672 0.9462 -0.1827
vn 0.0968 -0.9634 -0.2501
vn -0.9293 -0.3358 -0.1536
vn 0.2632 0.9462 -0.1882
vn -0.9328 -0.2448 -0.2646
vn -0.9454 0.2836 -0.1604
vn 0.9890 0.0226 -0.1463
vn -0.8982 0.3232 0.2979
vn 0.7552 0.4755 -0.4512
vn 0.9931 0.1133 -0.0288
vn -0.2577 0.9580 -0.1258
vn -0.9367 0.3475 -0.0415
vn 0.0715 -0.2145 -0.9741
vn -0.0828 -0.9952 -0.0514
vn -0.7892 0.6001 -0.1309
vn 0.5935 0.1635 -0.7881
vn -0.9861 -0.1346 -0.0972
vn -0.9940 -0.0109 -0.1088
vn -0.9907 -0.0225 -0.1339
vn -0.9966 0.0329 -0.0757
vn -0.9852 0.1343 -0.1066
vn -0.9726 -0.0259 -0.2310
vn -0.1978 -0.1108 -0.9740
vn 0.9215 -0.2146 0.3236
vn -0.9536 0.0372 -0.2987
vn -0.0807 0.9500 0.3015
vn -0.6775 0.7349 0.0299
vn 0.6904 0.5801 -0.4322
vn -0.4832 0.8614 -0.1564
vn 0.6223 0.7801 -0.0645
vn -0.5300 0.7328 -0.4268
vn 0.1427 0.9758 -0.1657
vn 0.8211 0.4994 -0.2766
vn 0.5675 0.7436 -0.3536
vn -0.8928 0.3719 -0.2542
vn -0.6309 0.7758 -0.0099
vn -0.9786 -0.2010 0.0429
vn 0.9877 0.0480 -0.1487
vn 0.9966 0.0554 -0.0609
vn 0.8754 -0.1595 -0.4563
vn 0.3509 0.2135 -0.9118
vn 0.2828 -0.0874 -0.9552
vn -0.3033 -0.2181 -0.9276
vn -0.9847 -0.1716 -0.0304
vn -0.9800 -0.1245 0.1549
vn 0.9431 -0.0376 -0.3304
vn -0.1406 -0.9845 -0.1050
vn 0.5616 -0.2535 0.7876
vn -0.9853 -0.1085 -0.1324
vn -0.4255 0.0738 -0.9019
vn -0.9537 -0.2005 -0.2243
vn 0.4493 -0.4098 0.7938
vn -0.4199 -0.0457 0.9064
vn 0.3227 0.0858 -0.9426
vn -0.3136 0.1323 -0.9403
vn 0.9972 -0.0638 -0.0402
vn -0.3440 -0.1482 0.9272
vn 0.9997 -0.0241 -0.0004
vn 0.3742 0.0787 0.9240
vn 0.3504 -0.0975 -0.9315
vn -0.4392 0.0385 -0.8976
vn -1.0000 -0.0049 0.0083
vn -0.2578 -0.1478 -0.9548
vn 0.9584 0.0165 -0.2850
vn 0.2454 -0.4276 -0.8700
vn -0.8819 0.3995 -0.2504
vn 0.0827 0.2457 -0.9658
vn 0.6337 0.7621 -0.1328
vn -0.9105 -0.0938 -0.4027
vn 0.7464 -0.2838 0.6019
vn 0.8342 -0.0125 0.5514
vn 0.2244 -0.1123 0.9680
vn 0.8692 0.0893 -0.4864
vn -0.8957 -0.1814 0.4060
vn 0.8751 -0.1023 0.4731
vn 0.8024 0.0428 -0.5953
vn 0.0856 -0.1342 0.9872
vn -0.8040 0.2244 0.5506
vn -0.7237 0.2011 -0.6602
vn -0.0126 0.0379 -0.9992
vn -0.4440 0.7702 -0.4579
vn -0.8865 -0.1452 0.4394
vn 0.8699 -0.0843 0.4860
vn 0.8028 -0.2279 -0.5510
vn -0.0004 -0.3514 0.9362
vn -0.0091 0.1424 -0.9898
vn 0.8722 -0.0522 0.4863
vn -0.9221 -0.2445 0.2999
vn 0.0042 0.0578 -0.9983
vn 0.8498 0.1193 -0.5134
vn 0.0825 -0.2223 0.9715
vn -0.9995 -0.0038 -0.0316
vn -0.5773 -0.0553 -0.8147
vn 0.3244 -0.2226 -0.9193
vn 0.3792 -0.1586 0.9116
vn 0.9663 -0.2574 -0.0088
vn -0.1377 -0.3307 0.9336
vn 0.0502 -0.1043 0.9933
vn 0.8327 0.2031 -0.5151
vn 0.7972 -0.0864 0.5975
vn -0.8600 -0.1384 0.4911
vn 0.0655 0.4524 -0.8894
vn -0.9386 0.3449 0.0069
vn -0.7318 0.6812 -0.0191
vn -0.5248 0.0141 -0.8511
vn -0.6234 0.7803 -0.0490
vn -0.0531 0.9892 0.1363
vn -0.6484 -0.0239 -0.7609
vn -0.8292 -0.4176 0.3715
vn -0.9502 0.2485 -0.1881
vn 0.9387 -0.1530 -0.3088
vn -0.9715 -0.1851 -0.1478
vn 0.2012 -0.9789 0.0362
vn -0.0993 -0.9210 -0.3767
vn 0.9416 -0.1240 -0.3131
vn -0.9919 -0.1248 -0.0221
vn 0.8979 -0.0173 -0.4399
vn 0.8980 -0.1633 -0.4086
vn 0.9198 -0.1584 -0.3590
vn -0.8497 -0.0699 0.5227
vn -0.8559 -0.1069 0.5060
vn 0.8053 -0.1253 0.5794
vn 0.8019 -0.1081 0.5876
vn -0.9124 -0.2923 0.2864
vn -0.9174 -0.2692 0.2931
vn 0.8721 -0.0513 0.4866
vn 0.8698 -0.0695 0.4884
vn 0.8699 -0.0768 0.4872
vn -0.8853 -0.1941 0.4225
vn -0.8862 -0.1702 0.4310
vn -0.8027 0.2281 0.5511
vn -0.8033 0.2262 0.5509
vn 0.8744 -0.1887 0.4470
vn 0.8756 -0.1495 0.4593
vn -0.8962 -0.1033 0.4315
vn -0.8967 -0.1441 0.4185
vn 0.7678 0.0084 0.6406
vn 0.7909 0.0015 0.6119
vn -0.1827 -0.1674 -0.9688
vn -0.2194 -0.1121 -0.9692
vn -0.9604 -0.1986 -0.1955
vn 0.9694 0.0575 -0.2388
vn 0.9791 0.0530 -0.1961
vn 0.8325 0.1639 -0.5292
vn 0.8328 0.1824 -0.5227
vn 0.8509 0.1636 -0.4993
vn 0.8506 0.1407 -0.5067
vn -0.9538 -0.1183 -0.2761
vn 0.8036 -0.2258 -0.5507
vn -0.9514 -0.1340 -0.2773
vn -0.7195 0.4885 -0.4936
vn 0.8021 0.0357 -0.5961
vn 0.8022 0.0392 -0.5957
vn 0.8720 0.1709 -0.4587
vn 0.8714 0.1293 -0.4733
vn 0.9199 -0.2399 0.3102
vn 0.8527 -0.2639 0.4509
vn -0.1832 0.7182 -0.6713
vn -0.8815 0.0106 -0.4721
vn -0.9184 -0.0049 -0.3956
vn -0.9383 -0.1299 -0.3205
vn -0.4142 0.8956 -0.1622
vn -0.0086 -0.4118 0.9112
vn 0.8047 -0.2227 -0.5503
vn 0.0231 0.2557 -0.9665
vn -0.8681 -0.0505 0.4938
vn 0.9199 -0.3795 0.0987
vn -0.8631 -0.0093 0.5050
vn -0.8659 -0.0303 0.4994
vn -0.6870 0.1618 -0.7084
vn 0.8257 -0.1595 -0.5412
vn 0.8158 -0.1908 -0.5460
vn -0.9456 0.1326 -0.2971
vn 0.8107 -0.4164 0.4115
vn -0.1318 -0.4121 -0.9015
vn 0.9097 -0.3921 0.1366
vn 0.9423 -0.3173 0.1069
vn 0.8295 -0.2694 -0.4892
vn 0.9324 -0.0746 -0.3536
vn 0.0926 0.6325 0.7690
vn 0.4522 -0.7028 -0.5492
vn -0.6862 0.3492 0.6381
vn 0.6277 -0.5455 -0.5554
vn 0.5759 -0.5253 -0.6264
vn -0.8526 -0.2210 -0.4735
vn 0.9077 0.4182 0.0356
vn -0.1243 -0.8157 -0.5650
vn -0.7503 0.6039 0.2690
vn 0.2483 0.4268 0.8696
vn -0.8469 -0.3227 -0.4226
vn -0.4878 0.7206 0.4927
vn -0.9352 0.3531 0.0276
vn -0.7614 0.2120 -0.6126
vn 0.9668 0.1639 0.1959
vn -0.7715 0.1284 0.6232
vn 0.0280 0.0515 -0.9983
vn 0.9641 0.1041 0.2444
vn 0.9720 0.1046 0.2105
vn -0.6976 0.3418 -0.6297
vn 0.8716 0.1300 -0.4727
vn 0.8732 0.1032 -0.4763
vn 0.3521 -0.4377 0.8273
vn 0.8741 0.0795 -0.4792
vn 0.2596 -0.2951 0.9195
vn 0.0856 -0.1482 0.9852
vn -0.5692 -0.8187 0.0750
vn 0.4602 0.2369 0.8556
vn -0.1870 -0.9234 -0.3353
vn -0.5926 0.0890 0.8005
vn 0.3273 0.4362 0.8382
vn -0.4288 0.3257 0.8427
vn 0.0890 0.5371 0.8388
vn 0.4398 -0.8980 -0.0100
vn -0.6731 0.0543 0.7375
vn 0.5171 -0.8536 0.0633
vn 0.4018 -0.9064 -0.1302
vn -0.5855 -0.8098 0.0384
vn 0.6425 -0.1734 0.7464
vn -0.1777 -0.7570 0.6288
vn 0.3211 -0.9071 0.2722
vn -0.3106 -0.6357 0.7067
vn -0.4159 -0.8757 0.2454
vn -0.0474 -0.9670 0.2502
vn -0.0639 -0.6407 0.7652
vn -0.1769 -0.7549 0.6315
vn 0.1346 -0.7737 0.6191
vn -0.0807 -0.4863 0.8700
vn -0.1061 -0.5934 0.7979
vn 0.5364 0.2411 -0.8088
vn -0.4295 -0.0405 -0.9022
vn -0.9381 -0.3452 -0.0289
vn 0.9529 0.3016 0.0318
vn 0.4152 0.1133 0.9026
vn -0.2665 -0.0510 -0.9625
vn -0.9926 -0.1210 -0.0036
vn 0.4544 -0.0381 -0.8900
vn 0.9996 -0.0296 -0.0021
vn 0.4929 -0.1331 0.8598
vn -0.3832 -0.1363 0.9136
vn -0.3526 -0.1695 0.9203
vn 0.9958 0.0912 -0.0014
vn 0.0206 0.1955 0.9805
vn 0.3820 -0.0731 0.9213
vn -0.2735 0.1537 -0.9495
vn -0.0564 -0.9984 0.0016
vn 0.4575 0.0783 -0.8858
vn -0.8438 0.5325 -0.0660
vn -0.1019 0.2773 0.9554
vn -0.3267 0.9450 -0.0130
vn -0.1730 0.8056 -0.5667
vn -0.0352 -0.9993 -0.0081
vn 0.0259 -0.9996 -0.0063
vn -0.0533 0.6253 -0.7786
vn -0.7294 0.6839 -0.0163
vn -0.3581 0.2003 0.9119
vn -0.0061 -1.0000 -0.0076
vn 0.9451 0.0060 -0.3269
vn -0.9294 -0.1181 0.3497
vn -0.4356 -0.1600 -0.8858
vn 0.3230 -0.0896 -0.9421
vn -0.9550 -0.0842 -0.2842
vn -0.8648 -0.1906 -0.4645
vn 0.0927 0.3830 -0.9191
vn -0.7585 -0.6346 -0.1481
vn -0.4624 0.3466 -0.8161
vn -0.7683 -0.6000 -0.2227
vn -0.4293 -0.1007 -0.8975
vn -0.4842 0.3235 -0.8130
vn -0.1853 0.9812 -0.0548
vn -0.9424 0.2395 0.2335
vn -0.9697 0.2349 0.0668
vn 0.4332 0.2456 0.8672
vn -0.1840 0.9746 0.1276
vn 0.4494 -0.4926 0.7452
vn 0.9840 0.1740 0.0390
vn 0.4851 0.6406 0.5952
vn 0.6925 -0.3806 0.6129
vn -0.9910 -0.0030 0.1337
vn 0.6178 0.5091 0.5993
vn 0.7173 -0.0532 0.6947
vn -0.9707 0.1662 0.1734
vn -0.9642 -0.2160 0.1540
vn 0.5068 -0.6524 0.5635
vn 0.2943 0.9417 0.1628
vn -0.6238 -0.1794 0.7607
vn -0.0354 -0.4818 0.8756
vn -0.4174 0.1691 0.8929
vn -0.0006 0.2042 0.9789
vn -0.4285 -0.1373 0.8931
vn -0.0171 -0.1880 0.9820
vn -0.9344 -0.3227 0.1510
vn 0.0754 -0.9731 0.2176
vn 0.2582 0.9475 0.1885
vn -0.1019 0.9770 0.1875
vn -0.4637 0.3625 0.8085
vn 0.0041 0.4617 0.8870
vn 0.4394 0.1449 0.8865
vn 0.0352 -0.9982 0.0490
vn 0.4296 0.4212 0.7988
vn 0.1393 0.3026 0.9429
vn -0.5279 0.6575 0.5376
vn 0.3246 0.3857 0.8637
vn 0.4435 0.4762 0.7593
vn -0.1027 -0.1555 0.9825
vn 0.1723 -0.9850 0.0075
vn 0.2883 -0.9551 -0.0689
vn 0.2015 0.6786 0.7063
vn 0.4882 0.4452 0.7506
vn -0.0036 0.9820 0.1888
vn 0.2637 0.9461 0.1882
vn 0.0885 -0.9723 0.2163
vn -0.9293 -0.3358 0.1536
vn 0.2746 0.9475 0.1636
vn -0.9328 -0.2448 0.2646
vn -0.9454 0.2836 0.1604
vn 0.9890 0.0226 0.1463
vn -0.8797 0.4744 0.0335
vn 0.7552 0.4755 0.4512
vn 0.9931 0.1133 0.0288
vn -0.2577 0.9580 0.1258
vn -0.9367 0.3475 0.0415
vn 0.0715 -0.2145 0.9741
vn -0.0828 -0.9952 0.0514
vn -0.7892 0.6001 0.1309
vn 0.9622 -0.0328 0.2704
vn -0.9847 -0.0650 0.1616
vn -0.9940 -0.0109 0.1088
vn -0.9903 0.0020 0.1389
vn -0.9966 0.0329 0.0757
vn -0.9852 0.1343 0.1066
vn -0.9726 -0.0259 0.2310
vn -0.1978 -0.1108 0.9740
vn 0.9857 -0.1159 -0.1220
vn -0.9536 0.0372 0.2987
vn 0.2056 0.2275 -0.9518
vn -0.7123 0.6951 0.0979
vn 0.6904 0.5801 0.4322
vn -0.5630 0.7991 0.2109
vn 0.6223 0.7801 0.0645
vn -0.5300 0.7328 0.4268
vn 0.1427 0.9758 0.1657
vn 0.8182 0.4073 0.4059
vn 0.5675 0.7436 0.3536
vn -0.8928 0.3719 0.2542
vn -0.6158 0.7834 0.0836
vn -0.7893 -0.5823 -0.1950
vn 0.9661 0.1859 0.1790
vn 0.9605 0.1598 0.2278
vn 0.8803 -0.3063 0.3622
vn 0.3509 0.2135 0.9118
vn 0.3210 -0.1447 0.9359
vn -0.1873 -0.0521 0.9809
vn -0.9847 -0.1716 0.0304
vn -0.9820 -0.1167 -0.1485
vn 0.9431 -0.0376 0.3304
vn -0.5227 -0.3375 -0.7829
vn 0.5616 -0.2535 -0.7877
vn -0.9930 -0.1150 0.0275
vn -0.4255 0.0738 0.9019
vn -0.9528 -0.2333 0.1944
vn 0.4493 -0.4098 -0.7938
vn -0.1671 -0.5926 -0.7880
vn 0.3227 0.0858 0.9426
vn -0.5630 -0.1428 0.8140
vn 0.9972 -0.0638 0.0402
vn -0.3774 -0.0100 -0.9260
vn 0.9997 -0.0241 0.0004
vn 0.4139 -0.0392 -0.9095
vn 0.3502 -0.0983 0.9315
vn -0.4390 0.0391 0.8976
vn -1.0000 -0.0049 -0.0083
vn -0.2578 -0.1478 0.9548
vn 0.9357 0.1792 0.3037
vn 0.0312 -0.6641 0.7470
vn -0.0195 0.1350 0.9907
vn -0.0279 0.7680 0.6399
vn -0.9105 -0.0938 0.4027
vn 0.3201 0.9404 -0.1145
vn 0.8385 -0.3699 -0.4001
vn 0.2668 -0.3005 -0.9157
vn 0.8692 0.0893 0.4864
vn -0.9354 -0.1323 -0.3281
vn 0.8751 -0.1023 -0.4731
vn 0.7956 0.0423 0.6043
vn 0.0856 -0.1342 -0.9872
vn -0.8040 0.2244 -0.5506
vn -0.0126 0.0379 0.9992
vn -0.4440 0.7702 0.4579
vn -0.8730 -0.1709 -0.4567
vn 0.8661 -0.0789 -0.4936
vn 0.8028 -0.2279 0.5510
vn -0.0004 -0.3514 -0.9362
vn 0.0098 0.1589 0.9873
vn 0.8695 -0.0527 -0.4911
vn -0.8775 -0.2793 -0.3899
vn 0.0042 0.0578 0.9983
vn 0.8498 0.1193 0.5134
vn 0.1952 -0.2807 -0.9398
vn -0.9995 -0.0038 0.0316
vn -0.4342 0.0906 0.8962
vn 0.3520 -0.2060 0.9130
vn 0.3792 -0.1586 -0.9116
vn 0.9663 -0.2574 0.0088
vn -0.3411 -0.0886 -0.9359
vn 0.0502 -0.1043 -0.9933
vn 0.7973 0.2012 0.5690
vn 0.7972 -0.0864 -0.5975
vn -0.8959 -0.0958 -0.4338
vn 0.0368 0.4221 0.9058
vn -0.9386 0.3449 -0.0069
vn -0.9203 0.3382 -0.1968
vn -0.8588 0.0899 0.5044
vn -0.0679 0.0368 -0.9970
vn -0.1221 0.6360 0.7619
vn -0.5341 -0.0067 0.8454
vn -0.7394 0.6550 0.1555
vn -0.9535 0.2978 0.0453
vn -0.3823 -0.2013 -0.9019
vn -0.9693 -0.2222 0.1057
vn 0.2012 -0.9789 -0.0362
vn -0.0993 -0.9210 0.3767
vn 0.9416 -0.1240 0.3131
vn -0.9919 -0.1248 0.0221
vn 0.8996 0.0028 0.4368
vn -0.8897 -0.0158 -0.4563
vn -0.8938 -0.0590 -0.4445
vn 0.8053 -0.1253 -0.5794
vn 0.8019 -0.1081 -0.5876
vn -0.8698 -0.3265 -0.3700
vn -0.8738 -0.3038 -0.3798
vn 0.8695 -0.0515 -0.4913
vn 0.8661 -0.0636 -0.4958
vn 0.8661 -0.0711 -0.4947
vn -0.8716 -0.2187 -0.4388
vn -0.8726 -0.1954 -0.4477
vn -0.8027 0.2281 -0.5511
vn -0.8033 0.2262 -0.5509
vn 0.8744 -0.1887 -0.4470
vn 0.8756 -0.1495 -0.4593
vn -0.9369 -0.0452 -0.3466
vn -0.9370 -0.0907 -0.3372
vn 0.7589 -0.0913 -0.6448
vn 0.7876 -0.1581 -0.5955
vn 0.8985 0.1721 0.4037
vn 0.9186 0.1759 0.3540
vn -0.1827 -0.1674 0.9688
vn -0.2194 -0.1121 0.9692
vn -0.3601 -0.8947 0.2643
vn -0.8830 0.0465 0.4670
vn 0.7997 0.1730 0.5749
vn 0.7987 0.1866 0.5721
vn 0.8509 0.1636 0.4993
vn 0.8506 0.1407 0.5067
vn -0.9538 -0.1183 0.2761
vn 0.8051 -0.2217 0.5502
vn 0.8036 -0.2258 0.5507
vn -0.9429 -0.0968 0.3188
vn -0.6044 0.5371 0.5884
vn -0.5302 0.6689 0.5211
vn 0.7954 0.0355 0.6051
vn 0.7955 0.0389 0.6047
vn 0.8720 0.1709 0.4587
vn 0.8714 0.1293 0.4733
vn 0.6041 0.7840 0.1430
vn 0.4855 0.8738 0.0266
vn -0.7316 0.3583 0.5800
vn -0.8815 0.0106 0.4721
vn -0.9184 -0.0049 0.3956
vn -0.9397 -0.1943 0.2814
vn -0.4142 0.8956 0.1622
vn 0.9500 0.1828 0.2533
vn 0.9584 0.1844 0.2179
vn 0.0160 -0.4315 -0.9020
vn 0.8887 -0.2671 0.3728
vn -0.1266 0.2180 0.9677
vn -0.9138 -0.0157 -0.4058
vn 0.9199 -0.3795 -0.0987
vn 0.3706 -0.4211 -0.8278
vn -0.9120 0.0105 -0.4101
vn -0.9495 0.0359 0.3117
vn 0.9084 -0.1991 0.3676
vn 0.8992 -0.2327 0.3704
vn -0.6662 0.3227 0.6723
vn 0.8107 -0.4164 -0.4115
vn -0.1318 -0.4121 0.9015
vn 0.9097 -0.3921 -0.1366
vn 0.9341 -0.2798 -0.2217
vn 0.8295 -0.2694 0.4892
vn 0.8562 -0.1553 0.4927
vn 0.0926 0.6325 -0.7690
vn 0.4522 -0.7028 0.5492
vn -0.6862 0.3492 -0.6381
vn 0.6277 -0.5455 0.5554
vn 0.5759 -0.5253 0.6264
vn -0.6571 -0.3860 0.6475
vn 0.9140 0.4048 -0.0265
vn 0.5729 0.6976 -0.4303
vn -0.1243 -0.8157 0.5650
vn -0.7503 0.6039 -0.2690
vn 0.2483 0.4268 -0.8696
vn -0.6752 -0.4316 0.5982
vn -0.4878 0.7206 -0.4927
vn -0.9352 0.3531 -0.0276
vn -0.7614 0.2120 0.6126
vn 0.9668 0.1639 -0.1959
vn -0.7715 0.1284 -0.6232
vn 0.0280 0.0515 0.9983
vn 0.9676 0.1030 -0.2303
vn 0.9677 0.1060 -0.2286
vn -0.6976 0.3418 0.6297
vn 0.7891 0.1021 0.6058
vn 0.7948 0.0807 0.6015
vn 0.0574 -0.2509 -0.9663
vn 0.7996 0.0614 0.5974
vn -0.0074 0.1752 -0.9845
vn 0.0901 -0.7454 -0.6605
vn -0.5692 -0.8187 -0.0750
vn 0.4602 0.2369 -0.8556
vn -0.1870 -0.9234 0.3353
vn -0.6133 0.0615 -0.7874
vn 0.3273 0.4362 -0.8382
vn -0.4452 0.3143 -0.8385
vn 0.0906 0.5348 -0.8401
vn 0.4028 -0.9152 0.0113
vn -0.6507 0.0681 -0.7563
vn 0.4602 -0.8877 -0.0143
vn 0.3298 -0.9227 0.1995
vn -0.5855 -0.8098 -0.0384
vn 0.6425 -0.1734 -0.7464
vn -0.0351 -0.6625 -0.7483
vn -0.0474 -0.9670 -0.2502
vn -0.0492 -0.6620 -0.7479
vn -0.1777 -0.7570 -0.6288
vn 0.3211 -0.9071 -0.2722
vn -0.3106 -0.6357 -0.7067
vn -0.4159 -0.8757 -0.2454
vn -0.0768 -0.6498 -0.7562
vn -0.0835 -0.4937 -0.8656
vn -0.2178 -0.6789 -0.7012
vn 0.5364 0.2411 0.8088
vn -0.4295 -0.0405 0.9022
vn -0.9409 -0.3364 0.0401
vn 0.9529 0.3016 -0.0318
vn 0.4935 0.0746 -0.8665
vn -0.2665 -0.0510 0.9625
vn -0.9926 -0.1210 0.0036
vn 0.4544 -0.0381 0.8900
vn 0.9996 -0.0296 0.0021
vn 0.3820 -0.0729 -0.9213
vn -0.3630 -0.1474 -0.9200
vn -0.3642 -0.1634 -0.9169
vn 0.9966 0.0804 0.0189
vn 0.0206 0.1955 -0.9805
vn 0.2621 0.0163 -0.9649
vn 0.1392 0.3991 0.9063
vn -0.0564 -0.9984 -0.0016
vn 0.4964 0.1118 0.8609
vn -0.8438 0.5325 0.0660
vn -0.2374 0.0459 -0.9703
vn -0.3024 0.9526 0.0344
vn -0.1730 0.8056 0.5667
vn -0.0237 -0.9997 0.0021
vn 0.0259 -0.9996 0.0063
vn -0.0533 0.6253 0.7786
vn -0.7294 0.6839 0.0163
vn -0.2719 0.3055 -0.9126
vn 0.0093 -1.0000 -0.0002
vn 0.9855 -0.1412 0.0936
vn -0.9851 -0.0183 -0.1713
vn -0.3040 -0.0409 0.9518
vn 0.3703 -0.1383 0.9186
vn 0.9374 -0.3262 0.1217
vn -0.8955 0.0157 0.4447
vn -0.8448 -0.0925 0.5270
vn 0.5711 0.7397 0.3561
vn -0.7521 -0.6382 0.1647
vn -0.4624 0.3466 0.8161
vn -0.8328 -0.5427 0.1093
vn -0.4293 -0.1007 0.8975
vn -0.4086 0.2422 0.8800
vn -0.1853 0.9812 0.0548
vt 0.825514 0.625000
vt 0.807478 0.612660
vt 0.807478 0.612660
vt 0.570211 0.165793
vt 0.625000 0.206585
vt 0.570211 0.206585
vt 0.625000 0.483614
vt 0.570211 0.550562
vt 0.570211 0.483614
vt 0.875000 0.584207
vt 0.833333 0.625000
vt 0.833333 0.573354
vt 0.433036 0.416667
vt 0.375000 0.483614
vt 0.375000 0.416667
vt 0.625000 0.587781
vt 0.570211 0.625000
vt 0.570211 0.587781
vt 0.491071 0.587781
vt 0.433036 0.625000
vt 0.433036 0.587781
vt 0.433036 0.483614
vt 0.491071 0.550562
vt 0.433036 0.550562
vt 0.471929 0.178411
vt 0.451739 0.193761
vt 0.452126 0.178587
vt 0.491071 0.625000
vt 0.491071 0.483614
vt 0.491071 0.165793
vt 0.491071 0.206585
vt 0.433036 0.165793
vt 0.375000 0.206585
vt 0.375000 0.165793
vt 0.375000 0.550562
vt 0.666667 0.625000
vt 0.625000 0.625000
vt 0.371068 0.267470
vt 0.433036 0.333333
vt 0.367136 0.328354
vt 0.491071 0.269959
vt 0.570211 0.333333
vt 0.491071 0.333333
vt 0.491071 0.416667
vt 0.433036 0.269959
vt 0.208333 0.584207
vt 0.166667 0.625000
vt 0.166667 0.584207
vt 0.291667 0.625000
vt 0.208333 0.625000
vt 0.666667 0.575140
vt 0.708333 0.625000
vt 0.708333 0.562500
vt 0.791667 0.625000
vt 0.625000 0.269959
vt 0.570211 0.269959
vt 0.625000 0.416667
vt 0.570211 0.416667
vt 0.573481 0.574528
vt 0.564281 0.599759
vt 0.374562 0.286335
vt 0.714414 0.598680
vt 0.695938 0.611840
vt 0.750000 0.573334
vt 0.789442 0.600320
vt 0.291667 0.500000
vt 0.000000 0.000000
vt 0.291667 0.562500
vt 0.555080 0.624989
vt 0.677462 0.625000
vt 0.708333 0.500000
vt 0.791667 0.562500
vt 0.666667 0.525281
vt 0.208333 0.543415
vt 0.166667 0.543415
vt 0.625000 0.550562
vt 0.433036 0.125000
vt 0.375000 0.125000
vt 0.570211 0.125000
vt 0.491071 0.125000
vt 0.875000 0.543415
vt 0.833333 0.521707
vt 0.625000 0.125000
vt 0.474728 0.176522
vt 0.475134 0.195832
vt 0.448930 0.195642
vt 0.433036 0.206585
vt 0.449340 0.176713
vt 0.472313 0.193935
vt 0.541667 0.375000
vt 0.555556 0.375000
vt 0.875000 0.625000
vt 0.625000 0.562500
vt 0.750000 0.500000
vt 0.625000 0.500000
vt 0.875000 0.562500
vt 0.569444 0.375000
vt 0.583333 0.375000
vt 0.611111 0.562500
vt 0.611111 0.625000
vt 0.375000 0.562500
vt 0.458333 0.625000
vt 0.375000 0.625000
vt 0.509688 0.562500
vt 0.541667 0.625000
vt 0.509688 0.625000
vt 0.458333 0.375000
vt 0.375000 0.500000
vt 0.375000 0.375000
vt 0.509688 0.375000
vt 0.541667 0.500000
vt 0.509688 0.500000
vt 0.541667 0.250000
vt 0.458333 0.187500
vt 0.375000 0.250000
vt 0.375000 0.187500
vt 0.142515 0.065776
vt 0.231258 0.106734
vt 0.375000 0.562500
vt 0.375000 0.375000
vt 0.375000 0.187500
vt 0.375000 0.375000
vt 0.583333 0.250000
vt 0.569444 0.250000
vt 0.569444 0.562500
vt 0.583333 0.625000
vt 0.569444 0.625000
vt 0.597222 0.375000
vt 0.750000 0.500000
vt 0.597222 0.375000
vt 0.597222 0.500000
vt 0.583333 0.500000
vt 0.597222 0.500000
vt 0.555556 0.500000
vt 0.555555 0.500000
vt 0.583333 0.500000
vt 0.597222 0.500000
vt 0.569444 0.375000
vt 0.569444 0.375000
vt 0.541667 0.500000
vt 0.555556 0.500000
vt 0.555556 0.500000
vt 0.597222 0.375000
vt 0.597222 0.375000
vt 0.875000 0.500000
vt 0.583333 0.375000
vt 0.750000 0.437500
vt 0.569444 0.500000
vt 0.583333 0.562500
vt 0.458333 0.125000
vt 0.541667 0.562500
vt 0.458333 0.500000
vt 0.611111 0.500000
vt 0.555555 0.562500
vt 0.555556 0.375000
vt 0.569444 0.500000
vt 0.569445 0.500000
vt 0.569444 0.500000
vt 0.555555 0.625000
vt 0.555556 0.250000
vt 0.597222 0.562500
vt 0.611111 0.500000
vt 0.611111 0.500000
vt 0.611111 0.500000
vt 0.597222 0.375000
vt 0.597222 0.375000
vt 0.597222 0.250000
vt 0.597222 0.625000
vt 0.611111 0.500000
vt 0.611111 0.500000
vt 0.583333 0.500000
vt 0.583333 0.500000
vt 0.555555 0.500000
vt 0.555556 0.500000
vt 0.597222 0.375000
vt 0.555556 0.375000
vt 0.375000 0.250000
vt 0.458333 0.562500
vt 0.333807 0.154065
vt 0.791667 0.500000
vt 0.125000 0.543415
vt 0.125000 0.584207
vt 0.125000 0.625000
vt 0.625000 0.165793
vt 0.625000 0.333333
vt 0.437500 0.312500
vt 0.625000 0.250000
vt 0.458333 0.250000
vt 0.611111 0.250000
s 0
usemtl Material.001
f 63/4/2 13/5/2 24/6/2
f 57/10/4 417/11/4 422/12/4
f 76/30/12 24/6/12 77/31/12
f 79/32/13 12/33/13 58/34/13
f 49/22/29 86/13/29 87/22/29
f 31/77/46 58/34/46 16/78/46
f 27/79/47 76/30/47 23/80/47
f 23/80/49 74/30/49 72/80/49
f 13/81/52 422/12/52 416/82/52
f 17/83/53 63/4/53 27/79/53
f 72/80/54 75/32/54 73/77/54
f 79/32/55 74/30/55 76/30/55
f 80/84/57 77/31/57 81/85/57
f 82/86/58 77/31/58 78/87/58
f 83/88/59 78/87/59 79/32/59
f 83/88/60 76/30/60 80/84/60
f 20/89/61 80/84/61 81/85/61
f 20/89/62 82/86/62 28/26/62
f 28/26/63 83/88/63 64/27/63
f 64/27/64 80/84/64 61/25/64
f 84/44/65 87/22/65 86/13/65
f 47/29/66 87/22/66 85/29/66
f 41/44/67 86/13/67 45/13/67
f 41/44/68 85/29/68 84/44/68
f 205/101/82 129/102/82 123/103/82
f 409/104/83 128/105/83 405/106/83
f 132/107/84 120/108/84 130/109/84
f 407/110/85 126/111/85 404/112/85
f 407/110/86 125/113/86 133/90/86
f 210/114/87 135/115/87 209/116/87
f 412/117/88 138/67/88 411/118/88
f 123/103/89 211/119/89 205/101/89
f 213/120/90 142/115/90 145/109/90
f 213/120/91 141/108/91 211/119/91
f 209/116/92 142/115/92 212/121/92
f 135/115/93 132/107/93 130/109/93
f 142/115/94 148/115/94 150/115/94
f 145/109/95 149/108/95 141/108/95
f 145/109/96 150/115/96 151/109/96
f 120/108/97 147/109/97 130/109/97
f 135/115/98 147/109/98 148/115/98
f 141/108/99 146/108/99 120/108/99
f 192/122/100 156/115/100 157/109/100
f 195/108/101 152/108/101 194/108/101
f 195/108/102 157/109/102 155/108/102
f 196/109/103 152/108/103 153/109/103
f 197/115/104 153/109/104 154/115/104
f 197/115/105 156/115/105 193/115/105
f 199/129/110 169/95/110 168/94/110
f 268/130/112 168/94/112 190/94/112
f 189/111/115 178/90/115 177/111/115
f 186/136/116 263/137/116 269/133/116
f 245/138/117 173/98/117 229/139/117
f 202/140/118 228/141/118 243/142/118
f 271/133/119 170/132/119 260/133/119
f 201/90/120 171/111/120 202/140/120
f 273/143/122 162/94/122 199/129/122
f 187/95/123 174/94/123 190/94/123
f 241/138/125 179/98/125 233/97/125
f 239/135/126 177/111/126 232/135/126
f 228/141/131 189/111/131 239/135/131
f 229/139/132 191/98/132 241/138/132
f 169/95/133 190/94/133 168/94/133
f 170/132/134 269/133/134 260/133/134
f 171/111/135 188/90/135 189/111/135
f 148/115/136 193/115/136 150/115/136
f 148/115/137 196/109/137 197/115/137
f 147/109/138 194/108/138 196/109/138
f 151/109/139 195/108/139 149/108/139
f 149/108/140 194/108/140 146/108/140
f 151/109/141 193/115/141 192/122/141
f 166/90/142 202/140/142 165/111/142
f 257/133/143 203/132/143 271/133/143
f 165/111/144 243/142/144 224/135/144
f 225/97/145 200/146/145 245/138/145
f 162/94/146 198/95/146 199/129/146
f 136/78/149 212/121/149 143/78/149
f 144/109/150 211/119/150 140/103/150
f 143/78/151 213/120/151 144/109/151
f 205/101/152 141/108/152 120/108/152
f 139/150/153 209/116/153 136/78/153
f 404/112/154 208/151/154 409/104/154
f 127/152/155 205/101/155 120/108/155
f 166/90/159 246/155/159 201/90/159
f 226/91/160 245/138/160 246/155/160
f 223/156/161 203/132/161 164/132/161
f 224/135/162 244/157/162 223/156/162
f 172/90/163 242/155/163 188/90/163
f 230/155/164 241/138/164 242/155/164
f 227/148/165 186/136/165 170/132/165
f 227/148/166 239/135/166 240/158/166
f 186/136/167 231/148/167 176/132/167
f 240/158/168 232/135/168 231/148/168
f 188/90/169 234/155/169 178/90/169
f 242/155/170 233/97/170 234/155/170
f 244/157/173 170/132/173 203/132/173
f 243/142/174 227/148/174 244/157/174
f 201/90/175 230/155/175 172/90/175
f 246/155/176 229/139/176 230/155/176
f 216/160/181 133/90/181 125/113/181
f 167/98/187 273/143/187 200/146/187
f 163/95/188 272/162/188 198/95/188
f 256/163/189 271/133/189 272/162/189
f 259/162/190 187/95/190 169/95/190
f 260/133/191 270/164/191 259/162/191
f 261/144/192 191/98/192 173/98/192
f 191/98/195 264/165/195 179/98/195
f 198/95/198 259/162/198 169/95/198
f 272/162/199 260/133/199 259/162/199
f 270/164/200 175/95/200 187/95/200
f 269/133/201 262/162/201 270/164/201
f 261/144/205 199/129/205 168/94/205
f 273/143/206 173/98/206 200/146/206
f 174/94/207 268/130/207 190/94/207
f 328/95/267 357/94/267 327/94/267
f 352/90/278 370/90/278 307/90/278
f 384/108/292 393/108/292 390/108/292
f 127/152/308 409/104/308 207/178/308
f 410/67/309 408/67/309 412/117/309
f 132/107/310 406/179/310 407/110/310
f 132/107/311 404/112/311 127/152/311
f 207/178/312 405/106/312 129/102/312
f 134/67/313 412/117/313 406/179/313
f 406/179/314 411/118/314 125/113/314
f 13/5/319 419/56/319 24/6/319
f 77/31/321 420/45/321 78/87/321
f 77/31/322 419/56/322 418/41/322
f 78/87/323 414/38/323 12/33/323
f 463/4/326 428/5/326 457/184/326
f 417/11/328 457/10/328 794/12/328
f 474/30/336 434/6/336 463/4/336
f 427/33/337 477/32/337 458/34/337
f 450/22/353 484/13/353 447/13/353
f 458/34/370 31/77/370 16/78/370
f 474/30/371 27/79/371 23/80/371
f 23/80/373 472/30/373 474/30/373
f 794/12/376 428/81/376 789/82/376
f 463/4/377 17/83/377 27/79/377
f 473/32/378 72/80/378 73/77/378
f 472/30/379 477/32/379 474/30/379
f 475/31/381 478/84/381 479/85/381
f 480/86/382 475/31/382 479/85/382
f 481/88/383 476/87/383 480/86/383
f 474/30/384 481/88/384 478/84/384
f 432/89/385 478/84/385 461/25/385
f 480/86/386 432/89/386 436/26/386
f 481/88/387 436/26/387 464/27/387
f 478/84/388 464/27/388 461/25/388
f 485/22/389 482/44/389 484/13/389
f 448/29/390 485/22/390 450/22/390
f 484/13/391 443/44/391 447/13/391
f 443/44/392 483/29/392 448/29/392
f 586/101/406 129/102/406 588/178/406
f 784/104/407 128/105/407 589/151/407
f 513/108/408 520/107/408 518/109/408
f 783/110/409 516/111/409 521/90/409
f 783/110/410 515/113/410 782/179/410
f 523/115/411 591/114/411 590/116/411
f 787/117/412 138/67/412 408/67/412
f 592/119/413 123/103/413 586/101/413
f 594/120/414 526/115/414 593/121/414
f 525/108/415 594/120/415 592/119/415
f 590/116/416 526/115/416 523/115/416
f 520/107/417 523/115/417 518/109/417
f 526/115/418 530/115/418 523/115/418
f 531/108/419 527/109/419 525/108/419
f 527/109/420 532/115/420 526/115/420
f 529/109/421 513/108/421 518/109/421
f 523/115/422 529/109/422 518/109/422
f 528/108/423 525/108/423 513/108/423
f 573/122/424 538/115/424 574/115/424
f 534/108/425 576/108/425 575/108/425
f 576/108/426 539/109/426 573/122/426
f 577/109/427 534/108/427 575/108/427
f 578/115/428 535/109/428 577/109/428
f 538/115/429 578/115/429 574/115/429
f 580/129/434 550/95/434 579/95/434
f 549/94/436 645/130/436 571/94/436
f 570/111/439 559/90/439 569/90/439
f 640/137/440 567/136/440 646/133/440
f 624/138/441 554/98/441 581/146/441
f 607/141/442 583/140/442 622/142/442
f 648/133/443 551/132/443 584/132/443
f 552/111/444 582/90/444 583/140/444
f 543/94/446 650/143/446 580/129/446
f 555/94/447 568/95/447 571/94/447
f 620/138/449 560/98/449 572/98/449
f 618/135/450 558/111/450 570/111/450
f 607/141/455 570/111/455 552/111/455
f 608/139/456 572/98/456 554/98/456
f 571/94/457 550/95/457 549/94/457
f 646/133/458 551/132/458 637/133/458
f 552/111/459 569/90/459 553/90/459
f 574/115/460 530/115/460 532/115/460
f 530/115/461 577/109/461 529/109/461
f 529/109/462 575/108/462 528/108/462
f 576/108/463 533/109/463 531/108/463
f 575/108/464 531/108/464 528/108/464
f 533/109/465 574/115/465 532/115/465
f 583/140/466 547/90/466 546/111/466
f 634/133/467 584/132/467 545/132/467
f 622/142/468 546/111/468 603/135/468
f 604/97/469 581/146/469 548/98/469
f 543/94/470 579/95/470 544/95/470
f 136/78/473 593/121/473 590/116/473
f 592/119/474 144/109/474 140/103/474
f 594/120/475 143/78/475 144/109/475
f 525/108/476 586/101/476 513/108/476
f 590/116/477 139/150/477 136/78/477
f 781/112/478 589/151/478 516/111/478
f 586/101/479 517/152/479 513/108/479
f 547/90/483 625/155/483 605/91/483
f 605/91/484 624/138/484 604/97/484
f 584/132/485 602/156/485 545/132/485
f 623/157/486 603/135/486 602/156/486
f 553/90/487 621/155/487 609/155/487
f 609/155/488 620/138/488 608/139/488
f 567/136/489 606/148/489 551/132/489
f 606/148/490 618/135/490 607/141/490
f 567/136/491 610/148/491 619/158/491
f 619/158/492 611/135/492 618/135/492
f 569/90/493 613/155/493 621/155/493
f 621/155/494 612/97/494 620/138/494
f 551/132/497 623/157/497 584/132/497
f 606/148/498 622/142/498 623/157/498
f 582/90/499 609/155/499 625/155/499
f 625/155/500 608/139/500 624/138/500
f 521/90/505 597/160/505 515/113/505
f 548/98/511 650/143/511 635/166/511
f 544/95/512 649/162/512 633/163/512
f 633/163/513 648/133/513 634/133/513
f 568/95/514 636/162/514 550/95/514
f 647/164/515 637/133/515 636/162/515
f 572/98/516 638/144/516 554/98/516
f 572/98/518 641/165/518 645/130/518
f 579/95/521 636/162/521 649/162/521
f 649/162/522 637/133/522 648/133/522
f 556/95/523 647/164/523 568/95/523
f 639/162/524 646/133/524 647/164/524
f 580/129/528 638/144/528 549/94/528
f 554/98/529 650/143/529 581/146/529
f 555/94/530 645/130/530 641/165/530
f 734/94/589 705/95/589 704/94/589
f 747/90/600 729/90/600 684/90/600
f 761/108/614 770/108/614 764/108/614
f 517/152/630 784/104/630 781/112/630
f 785/67/631 408/67/631 139/67/631
f 520/107/632 782/179/632 522/67/632
f 520/107/633 781/112/633 783/110/633
f 588/178/634 405/106/634 784/104/634
f 522/67/635 787/117/635 785/67/635
f 782/179/636 786/118/636 787/117/636
f 791/56/641 428/5/641 434/6/641
f 792/45/643 475/31/643 476/87/643
f 475/31/644 791/56/644 434/6/644
f 788/38/645 476/87/645 427/33/645
f 63/4/648 57/184/648 13/5/648
f 57/10/650 17/92/650 417/11/650
f 76/30/658 63/4/658 24/6/658
f 79/32/659 78/87/659 12/33/659
f 49/22/675 45/13/675 86/13/675
f 31/77/691 79/32/691 58/34/691
f 27/79/692 63/4/692 76/30/692
f 23/80/694 76/30/694 74/30/694
f 13/81/697 57/10/697 422/12/697
f 17/83/648 57/184/648 63/4/648
f 72/80/698 74/30/698 75/32/698
f 79/32/699 75/32/699 74/30/699
f 80/84/701 76/30/701 77/31/701
f 82/86/702 81/85/702 77/31/702
f 83/88/703 82/86/703 78/87/703
f 83/88/704 79/32/704 76/30/704
f 20/89/705 61/25/705 80/84/705
f 20/89/706 81/85/706 82/86/706
f 28/26/707 82/86/707 83/88/707
f 64/27/708 83/88/708 80/84/708
f 84/44/709 85/29/709 87/22/709
f 47/29/710 49/22/710 87/22/710
f 41/44/711 84/44/711 86/13/711
f 41/44/712 47/29/712 85/29/712
f 205/101/725 207/178/725 129/102/725
f 409/104/726 208/151/726 128/105/726
f 132/107/727 127/152/727 120/108/727
f 407/110/728 133/90/728 126/111/728
f 407/110/729 406/179/729 125/113/729
f 210/114/730 137/188/730 135/115/730
f 412/117/731 408/67/731 138/67/731
f 123/103/732 140/103/732 211/119/732
f 213/120/733 212/121/733 142/115/733
f 213/120/734 145/109/734 141/108/734
f 209/116/735 135/115/735 142/115/735
f 135/115/736 137/188/736 132/107/736
f 142/115/737 135/115/737 148/115/737
f 145/109/738 151/109/738 149/108/738
f 145/109/739 142/115/739 150/115/739
f 120/108/740 146/108/740 147/109/740
f 135/115/741 130/109/741 147/109/741
f 141/108/742 149/108/742 146/108/742
f 192/122/743 193/115/743 156/115/743
f 195/108/744 155/108/744 152/108/744
f 195/108/745 192/122/745 157/109/745
f 196/109/746 194/108/746 152/108/746
f 197/115/747 196/109/747 153/109/747
f 197/115/748 154/115/748 156/115/748
f 199/129/753 198/95/753 169/95/753
f 268/130/755 261/144/755 168/94/755
f 189/111/758 188/90/758 178/90/758
f 186/136/759 176/132/759 263/137/759
f 245/138/760 200/146/760 173/98/760
f 202/140/761 171/111/761 228/141/761
f 271/133/762 203/132/762 170/132/762
f 201/90/763 172/90/763 171/111/763
f 273/143/765 258/166/765 162/94/765
f 187/95/766 175/95/766 174/94/766
f 241/138/768 191/98/768 179/98/768
f 239/135/769 189/111/769 177/111/769
f 228/141/773 171/111/773 189/111/773
f 229/139/774 173/98/774 191/98/774
f 169/95/775 187/95/775 190/94/775
f 170/132/776 186/136/776 269/133/776
f 171/111/777 172/90/777 188/90/777
f 148/115/778 197/115/778 193/115/778
f 148/115/779 147/109/779 196/109/779
f 147/109/780 146/108/780 194/108/780
f 151/109/781 192/122/781 195/108/781
f 149/108/782 195/108/782 194/108/782
f 151/109/783 150/115/783 193/115/783
f 166/90/784 201/90/784 202/140/784
f 257/133/785 164/132/785 203/132/785
f 165/111/786 202/140/786 243/142/786
f 225/97/787 167/98/787 200/146/787
f 162/94/788 163/95/788 198/95/788
f 136/78/798 209/116/798 212/121/798
f 144/109/799 213/120/799 211/119/799
f 143/78/800 212/121/800 213/120/800
f 205/101/801 211/119/801 141/108/801
f 139/150/802 210/114/802 209/116/802
f 404/112/803 126/111/803 208/151/803
f 127/152/725 207/178/725 205/101/725
f 166/90/806 226/91/806 246/155/806
f 226/91/807 225/97/807 245/138/807
f 223/156/808 244/157/808 203/132/808
f 224/135/809 243/142/809 244/157/809
f 172/90/810 230/155/810 242/155/810
f 230/155/811 229/139/811 241/138/811
f 227/148/166 240/158/166 186/136/166
f 227/148/812 228/141/812 239/135/812
f 186/136/813 240/158/813 231/148/813
f 240/158/814 239/135/814 232/135/814
f 188/90/815 242/155/815 234/155/815
f 242/155/816 241/138/816 233/97/816
f 244/157/819 227/148/819 170/132/819
f 243/142/820 228/141/820 227/148/820
f 201/90/821 246/155/821 230/155/821
f 246/155/822 245/138/822 229/139/822
f 216/160/825 222/155/825 133/90/825
f 167/98/765 258/166/765 273/143/765
f 163/95/830 256/163/830 272/162/830
f 256/163/831 257/133/831 271/133/831
f 259/162/832 270/164/832 187/95/832
f 260/133/833 269/133/833 270/164/833
f 261/144/834 268/130/834 191/98/834
f 191/98/836 268/130/836 264/165/836
f 198/95/838 272/162/838 259/162/838
f 272/162/839 271/133/839 260/133/839
f 270/164/840 262/162/840 175/95/840
f 269/133/841 263/137/841 262/162/841
f 261/144/845 273/143/845 199/129/845
f 273/143/846 261/144/846 173/98/846
f 174/94/847 264/165/847 268/130/847
f 328/95/894 358/95/894 357/94/894
f 352/90/278 355/90/278 370/90/278
f 384/108/927 387/108/927 393/108/927
f 127/152/943 404/112/943 409/104/943
f 410/67/944 139/67/944 408/67/944
f 132/107/945 134/67/945 406/179/945
f 132/107/946 407/110/946 404/112/946
f 207/178/154 409/104/154 405/106/154
f 134/67/947 410/67/947 412/117/947
f 406/179/948 412/117/948 411/118/948
f 13/5/951 416/55/951 419/56/951
f 77/31/953 418/41/953 420/45/953
f 77/31/954 24/6/954 419/56/954
f 78/87/662 420/45/662 414/38/662
f 463/4/957 434/6/957 428/5/957
f 417/11/959 17/92/959 457/10/959
f 474/30/967 475/31/967 434/6/967
f 427/33/968 476/87/968 477/32/968
f 450/22/984 485/22/984 484/13/984
f 458/34/1000 477/32/1000 31/77/1000
f 474/30/1001 463/4/1001 27/79/1001
f 23/80/1003 72/80/1003 472/30/1003
f 794/12/1006 457/10/1006 428/81/1006
f 463/4/326 457/184/326 17/83/326
f 473/32/1007 472/30/1007 72/80/1007
f 472/30/1008 473/32/1008 477/32/1008
f 475/31/1010 474/30/1010 478/84/1010
f 480/86/1011 476/87/1011 475/31/1011
f 481/88/1012 477/32/1012 476/87/1012
f 474/30/1013 477/32/1013 481/88/1013
f 432/89/1014 479/85/1014 478/84/1014
f 480/86/1015 479/85/1015 432/89/1015
f 481/88/1016 480/86/1016 436/26/1016
f 478/84/1017 481/88/1017 464/27/1017
f 485/22/1018 483/29/1018 482/44/1018
f 448/29/1019 483/29/1019 485/22/1019
f 484/13/1020 482/44/1020 443/44/1020
f 443/44/1021 482/44/1021 483/29/1021
f 586/101/1034 123/103/1034 129/102/1034
f 784/104/1035 405/106/1035 128/105/1035
f 513/108/1036 517/152/1036 520/107/1036
f 783/110/1037 781/112/1037 516/111/1037
f 783/110/1038 521/90/1038 515/113/1038
f 523/115/1039 524/188/1039 591/114/1039
f 787/117/1040 786/118/1040 138/67/1040
f 592/119/1041 140/103/1041 123/103/1041
f 594/120/1042 527/109/1042 526/115/1042
f 525/108/1043 527/109/1043 594/120/1043
f 590/116/1044 593/121/1044 526/115/1044
f 520/107/1045 524/188/1045 523/115/1045
f 526/115/1046 532/115/1046 530/115/1046
f 531/108/1047 533/109/1047 527/109/1047
f 527/109/1048 533/109/1048 532/115/1048
f 529/109/1049 528/108/1049 513/108/1049
f 523/115/1050 530/115/1050 529/109/1050
f 528/108/1051 531/108/1051 525/108/1051
f 573/122/1052 539/109/1052 538/115/1052
f 534/108/1053 537/108/1053 576/108/1053
f 576/108/1054 537/108/1054 539/109/1054
f 577/109/1055 535/109/1055 534/108/1055
f 578/115/1056 536/115/1056 535/109/1056
f 538/115/1057 536/115/1057 578/115/1057
f 580/129/1061 549/94/1061 550/95/1061
f 549/94/1063 638/144/1063 645/130/1063
f 570/111/1066 558/111/1066 559/90/1066
f 640/137/1067 557/132/1067 567/136/1067
f 624/138/1068 608/139/1068 554/98/1068
f 607/141/1069 552/111/1069 583/140/1069
f 648/133/1070 637/133/1070 551/132/1070
f 552/111/1071 553/90/1071 582/90/1071
f 543/94/511 635/166/511 650/143/511
f 555/94/1073 556/95/1073 568/95/1073
f 620/138/1075 612/97/1075 560/98/1075
f 618/135/1076 611/135/1076 558/111/1076
f 607/141/1080 618/135/1080 570/111/1080
f 608/139/1081 620/138/1081 572/98/1081
f 571/94/1082 568/95/1082 550/95/1082
f 646/133/1083 567/136/1083 551/132/1083
f 552/111/1084 570/111/1084 569/90/1084
f 574/115/1085 578/115/1085 530/115/1085
f 530/115/1086 578/115/1086 577/109/1086
f 529/109/1087 577/109/1087 575/108/1087
f 576/108/1088 573/122/1088 533/109/1088
f 575/108/1089 576/108/1089 531/108/1089
f 533/109/1090 573/122/1090 574/115/1090
f 583/140/1091 582/90/1091 547/90/1091
f 634/133/1092 648/133/1092 584/132/1092
f 622/142/1093 583/140/1093 546/111/1093
f 604/97/1094 624/138/1094 581/146/1094
f 543/94/1095 580/129/1095 579/95/1095
f 136/78/1105 143/78/1105 593/121/1105
f 592/119/1106 594/120/1106 144/109/1106
f 594/120/1107 593/121/1107 143/78/1107
f 525/108/1108 592/119/1108 586/101/1108
f 590/116/1109 591/114/1109 139/150/1109
f 781/112/634 784/104/634 589/151/634
f 586/101/406 588/178/406 517/152/406
f 547/90/1111 582/90/1111 625/155/1111
f 605/91/1112 625/155/1112 624/138/1112
f 584/132/1113 623/157/1113 602/156/1113
f 623/157/1114 622/142/1114 603/135/1114
f 553/90/1115 569/90/1115 621/155/1115
f 609/155/1116 621/155/1116 620/138/1116
f 567/136/1117 619/158/1117 606/148/1117
f 606/148/1117 619/158/1117 618/135/1117
f 567/136/1118 557/132/1118 610/148/1118
f 619/158/1119 610/148/1119 611/135/1119
f 569/90/1120 559/90/1120 613/155/1120
f 621/155/1121 613/155/1121 612/97/1121
f 551/132/1124 606/148/1124 623/157/1124
f 606/148/1125 607/141/1125 622/142/1125
f 582/90/1126 553/90/1126 609/155/1126
f 625/155/1127 609/155/1127 608/139/1127
f 521/90/1132 601/155/1132 597/160/1132
f 548/98/1135 581/146/1135 650/143/1135
f 544/95/1136 579/95/1136 649/162/1136
f 633/163/1137 649/162/1137 648/133/1137
f 568/95/1138 647/164/1138 636/162/1138
f 647/164/1139 646/133/1139 637/133/1139
f 572/98/1140 645/130/1140 638/144/1140
f 572/98/1143 560/98/1143 641/165/1143
f 579/95/1146 550/95/1146 636/162/1146
f 649/162/1147 636/162/1147 637/133/1147
f 556/95/1148 639/162/1148 647/164/1148
f 639/162/1149 640/137/1149 646/133/1149
f 580/129/1153 650/143/1153 638/144/1153
f 554/98/1154 638/144/1154 650/143/1154
f 555/94/1155 571/94/1155 645/130/1155
f 734/94/1205 735/95/1205 705/95/1205
f 747/90/600 732/90/600 729/90/600
f 761/108/1238 767/108/1238 770/108/1238
f 517/152/1254 588/178/1254 784/104/1254
f 785/67/1255 787/117/1255 408/67/1255
f 520/107/1256 783/110/1256 782/179/1256
f 520/107/1257 517/152/1257 781/112/1257
f 588/178/1258 129/102/1258 405/106/1258
f 522/67/1259 782/179/1259 787/117/1259
f 782/179/1260 515/113/1260 786/118/1260
f 791/56/1263 789/55/1263 428/5/1263
f 792/45/1265 790/41/1265 475/31/1265
f 475/31/1266 790/41/1266 791/56/1266
f 788/38/340 792/45/340 476/87/340
usemtl Material.003
f 61/25/9 28/26/9 64/27/9
f 31/77/56 75/32/56 79/32/56
f 436/26/333 461/25/333 464/27/333
f 473/32/380 31/77/380 477/32/380
f 61/25/655 20/89/655 28/26/655
f 31/77/700 73/77/700 75/32/700
f 436/26/964 432/89/964 461/25/964
f 473/32/1009 73/77/1009 31/77/1009
usemtl Material.005
f 6/1/1 56/2/1 54/3/1
f 18/7/3 25/8/3 48/9/3
f 45/13/5 50/14/5 32/15/5
f 59/16/6 26/17/6 62/18/6
f 60/19/7 30/20/7 65/21/7
f 49/22/8 21/23/8 29/24/8
f 60/19/10 26/17/10 22/28/10
f 47/29/11 25/8/11 21/23/11
f 49/22/14 14/35/14 50/14/14
f 59/16/15 46/36/15 19/37/15
f 414/38/16 44/39/16 33/40/16
f 44/39/17 32/15/17 33/40/17
f 418/41/18 42/42/18 40/43/18
f 42/42/19 41/44/19 40/43/19
f 418/41/20 44/39/20 420/45/20
f 40/43/21 45/13/21 44/39/21
f 66/46/22 415/47/22 421/48/22
f 66/46/23 38/49/23 39/50/23
f 70/51/24 37/52/24 46/36/24
f 68/53/25 36/54/25 37/52/25
f 416/55/26 42/42/26 419/56/26
f 42/42/27 35/57/27 43/58/27
f 43/58/28 47/29/28 41/44/28
f 35/57/30 48/9/30 43/58/30
f 52/59/31 65/21/31 71/60/31
f 51/61/32 29/24/32 52/59/32
f 8/62/33 71/60/33 55/63/33
f 9/64/34 52/59/34 8/62/34
f 10/65/35 51/61/35 9/64/35
f 56/2/36 32/66/36 10/65/36
f 50/67/37 10/65/37 32/66/37
f 11/1/38 67/68/38 56/2/38
f 55/63/39 53/69/39 7/70/39
f 71/60/40 30/20/40 53/69/40
f 35/71/41 69/72/41 68/53/41
f 18/73/42 68/53/42 70/51/42
f 33/74/43 67/68/43 66/46/43
f 33/74/44 421/48/44 414/75/44
f 15/76/45 70/51/45 59/16/45
f 25/8/48 60/19/48 21/23/48
f 21/23/50 65/21/50 29/24/50
f 15/76/51 62/18/51 25/8/51
f 117/3/70 102/92/70 108/1/70
f 116/63/71 103/37/71 115/93/71
f 104/94/72 105/65/72 107/64/72
f 101/95/73 107/64/73 109/62/73
f 105/65/74 112/64/74 107/64/74
f 107/64/75 111/62/75 109/62/75
f 55/63/76 106/70/76 116/63/76
f 109/62/77 115/93/77 101/95/77
f 117/3/78 113/65/78 105/65/78
f 105/65/79 114/96/79 117/3/79
f 221/97/80 167/98/80 225/97/80
f 274/99/81 124/37/81 253/100/81
f 158/123/106 221/97/106 215/124/106
f 247/125/107 160/126/107 219/127/107
f 126/111/108 166/90/108 165/111/108
f 131/94/111 163/95/111 162/94/111
f 252/131/113 164/132/113 257/133/113
f 218/134/114 165/111/114 224/135/114
f 255/144/124 119/145/124 131/94/124
f 204/147/147 215/124/147 125/113/147
f 217/148/148 214/149/148 247/125/148
f 121/95/156 274/99/156 251/153/156
f 126/111/157 248/154/157 208/151/157
f 218/134/158 247/125/158 248/154/158
f 159/132/177 223/156/177 164/132/177
f 217/148/178 224/135/178 223/156/178
f 208/151/179 220/159/179 128/105/179
f 248/154/180 219/127/180 220/159/180
f 215/124/182 222/155/182 216/160/182
f 222/155/183 166/90/183 133/90/183
f 222/155/184 225/97/184 226/91/184
f 252/131/185 214/149/185 159/132/185
f 251/153/186 275/161/186 252/131/186
f 162/94/197 255/144/197 131/94/197
f 121/95/202 256/163/202 163/95/202
f 251/153/203 257/133/203 256/163/203
f 161/98/204 258/166/204 167/98/204
f 250/167/208 161/98/208 158/123/208
f 214/149/209 254/168/209 160/126/209
f 275/161/210 253/100/210 254/168/210
f 124/37/315 206/93/315 103/67/315
f 8/62/316 116/63/316 109/62/316
f 416/82/317 69/72/317 34/180/317
f 422/12/324 36/54/324 69/72/324
f 456/2/325 6/1/325 454/3/325
f 435/8/327 431/7/327 449/9/327
f 451/14/329 447/13/329 438/15/329
f 26/17/330 459/16/330 462/18/330
f 30/20/331 460/19/331 465/21/331
f 450/22/332 433/23/332 448/29/332
f 460/19/334 26/17/334 462/18/334
f 448/29/335 435/8/335 449/9/335
f 429/35/338 450/22/338 451/14/338
f 459/16/339 46/36/339 470/51/339
f 788/38/340 446/39/340 792/45/340
f 438/15/341 446/39/341 439/40/341
f 790/41/342 444/42/342 791/56/342
f 443/44/343 444/42/343 442/43/343
f 446/39/344 790/41/344 792/45/344
f 447/13/345 442/43/345 446/39/345
f 415/47/346 466/46/346 793/48/346
f 466/46/347 38/49/347 467/68/347
f 470/51/348 37/52/348 468/53/348
f 468/53/349 36/54/349 469/72/349
f 444/42/350 789/55/350 791/56/350
f 444/42/351 441/57/351 440/185/351
f 448/29/352 445/58/352 443/44/352
f 449/9/354 441/57/354 445/58/354
f 465/21/355 453/59/355 471/60/355
f 437/24/356 452/61/356 453/59/356
f 471/60/357 424/62/357 455/63/357
f 453/59/358 425/64/358 424/62/358
f 426/65/359 452/61/359 451/67/359
f 456/2/360 438/66/360 467/68/360
f 451/67/361 438/66/361 426/65/361
f 11/1/362 467/68/362 38/49/362
f 53/69/363 455/63/363 7/70/363
f 30/20/364 471/60/364 53/69/364
f 441/71/365 469/72/365 440/180/365
f 431/73/366 468/53/366 441/71/366
f 439/74/367 467/68/367 438/66/367
f 793/48/368 439/74/368 788/75/368
f 430/76/369 470/51/369 431/73/369
f 460/19/372 435/8/372 433/23/372
f 465/21/374 433/23/374 437/24/374
f 462/18/375 430/76/375 435/8/375
f 510/3/394 102/92/394 507/96/394
f 103/37/395 509/63/395 508/93/395
f 500/94/396 501/65/396 498/145/396
f 502/64/397 499/95/397 503/62/397
f 505/64/398 501/65/398 502/64/398
f 504/62/399 502/64/399 503/62/399
f 455/63/400 106/70/400 7/70/400
f 508/93/401 503/62/401 499/95/401
f 506/65/402 510/3/402 501/65/402
f 501/65/403 507/96/403 498/145/403
f 600/97/404 548/98/404 542/98/404
f 651/99/405 124/37/405 587/93/405
f 600/97/430 540/123/430 596/124/430
f 626/125/431 160/126/431 595/149/431
f 516/111/432 547/90/432 521/90/432
f 519/94/435 544/95/435 514/95/435
f 631/131/437 545/132/437 541/132/437
f 599/134/438 546/111/438 516/111/438
f 512/145/448 632/144/448 519/94/448
f 413/186/471 597/160/471 512/187/471
f 598/148/472 595/149/472 541/132/472
f 651/99/480 514/95/480 630/153/480
f 516/111/481 627/154/481 599/134/481
f 599/134/482 626/125/482 598/148/482
f 541/132/501 602/156/501 598/148/501
f 598/148/502 603/135/502 599/134/502
f 589/151/503 220/159/503 627/154/503
f 627/154/504 219/127/504 626/125/504
f 601/155/506 596/124/506 597/160/506
f 547/90/507 601/155/507 521/90/507
f 601/155/508 604/97/508 600/97/508
f 595/149/509 631/131/509 541/132/509
f 652/161/510 630/153/510 631/131/510
f 543/94/520 632/144/520 635/166/520
f 514/95/525 633/163/525 630/153/525
f 630/153/526 634/133/526 631/131/526
f 542/98/527 635/166/527 632/144/527
f 542/98/531 629/167/531 540/123/531
f 595/149/532 254/168/532 652/161/532
f 652/161/533 253/100/533 651/99/533
f 124/37/637 103/67/637 587/93/637
f 424/62/638 509/63/638 455/63/638
f 469/72/639 789/82/639 440/180/639
f 36/54/646 794/12/646 469/72/646
f 6/1/647 11/1/647 56/2/647
f 18/7/649 15/76/649 25/8/649
f 45/13/651 49/22/651 50/14/651
f 59/16/652 19/37/652 26/17/652
f 60/19/653 22/28/653 30/20/653
f 49/22/654 47/29/654 21/23/654
f 60/19/656 62/18/656 26/17/656
f 47/29/657 48/9/657 25/8/657
f 49/22/660 29/24/660 14/35/660
f 59/16/661 70/51/661 46/36/661
f 414/38/662 420/45/662 44/39/662
f 44/39/663 45/13/663 32/15/663
f 418/41/664 419/56/664 42/42/664
f 42/42/665 43/58/665 41/44/665
f 418/41/666 40/43/666 44/39/666
f 40/43/667 41/44/667 45/13/667
f 66/46/668 39/50/668 415/47/668
f 66/46/669 67/68/669 38/49/669
f 70/51/670 68/53/670 37/52/670
f 68/53/671 69/72/671 36/54/671
f 416/55/672 34/185/672 42/42/672
f 42/42/673 34/185/673 35/57/673
f 43/58/674 48/9/674 47/29/674
f 35/57/676 18/7/676 48/9/676
f 52/59/677 29/24/677 65/21/677
f 51/61/678 50/67/678 29/24/678
f 8/62/679 52/59/679 71/60/679
f 9/64/680 51/61/680 52/59/680
f 10/65/681 50/67/681 51/61/681
f 56/2/682 67/68/682 32/66/682
f 11/1/683 38/49/683 67/68/683
f 55/63/684 71/60/684 53/69/684
f 71/60/685 65/21/685 30/20/685
f 35/71/686 34/180/686 69/72/686
f 18/73/687 35/71/687 68/53/687
f 33/74/688 32/66/688 67/68/688
f 33/74/689 66/46/689 421/48/689
f 15/76/690 18/73/690 70/51/690
f 25/8/693 62/18/693 60/19/693
f 21/23/695 60/19/695 65/21/695
f 15/76/696 59/16/696 62/18/696
f 117/3/713 114/96/713 102/92/713
f 116/63/714 106/70/714 103/37/714
f 104/94/715 100/145/715 105/65/715
f 101/95/716 104/94/716 107/64/716
f 105/65/717 113/65/717 112/64/717
f 107/64/718 112/64/718 111/62/718
f 55/63/719 7/70/719 106/70/719
f 109/62/720 116/63/720 115/93/720
f 117/3/721 118/2/721 113/65/721
f 105/65/722 100/145/722 114/96/722
f 221/97/723 161/98/723 167/98/723
f 274/99/724 206/93/724 124/37/724
f 158/123/749 161/98/749 221/97/749
f 247/125/750 214/149/750 160/126/750
f 126/111/751 133/90/751 166/90/751
f 131/94/754 121/95/754 163/95/754
f 252/131/756 159/132/756 164/132/756
f 218/134/757 126/111/757 165/111/757
f 255/144/767 250/167/767 119/145/767
f 413/186/789 122/92/789 204/147/789
f 204/147/790 119/187/790 249/189/790
f 250/167/791 158/123/791 215/124/791
f 204/147/792 249/189/792 250/167/792
f 138/67/789 413/186/789 204/147/789
f 125/113/793 411/118/793 138/67/793
f 215/124/794 216/160/794 125/113/794
f 204/147/795 250/167/795 215/124/795
f 125/113/796 138/67/796 204/147/796
f 217/148/797 159/132/797 214/149/797
f 121/95/724 206/93/724 274/99/724
f 126/111/804 218/134/804 248/154/804
f 218/134/805 217/148/805 247/125/805
f 159/132/823 217/148/823 223/156/823
f 217/148/824 218/134/824 224/135/824
f 208/151/158 248/154/158 220/159/158
f 248/154/148 247/125/148 219/127/148
f 215/124/826 221/97/826 222/155/826
f 222/155/184 226/91/184 166/90/184
f 222/155/827 221/97/827 225/97/827
f 252/131/828 275/161/828 214/149/828
f 251/153/829 274/99/829 275/161/829
f 162/94/837 258/166/837 255/144/837
f 121/95/842 251/153/842 256/163/842
f 251/153/843 252/131/843 257/133/843
f 161/98/844 255/144/844 258/166/844
f 250/167/848 255/144/848 161/98/848
f 214/149/828 275/161/828 254/168/828
f 275/161/829 274/99/829 253/100/829
f 8/62/949 55/63/949 116/63/949
f 416/82/4 422/12/4 69/72/4
f 422/12/955 417/11/955 36/54/955
f 456/2/956 11/1/956 6/1/956
f 435/8/958 430/76/958 431/7/958
f 451/14/960 450/22/960 447/13/960
f 26/17/961 19/37/961 459/16/961
f 30/20/962 22/28/962 460/19/962
f 450/22/963 437/24/963 433/23/963
f 460/19/965 22/28/965 26/17/965
f 448/29/966 433/23/966 435/8/966
f 429/35/969 437/24/969 450/22/969
f 459/16/970 19/37/970 46/36/970
f 788/38/971 439/40/971 446/39/971
f 438/15/972 447/13/972 446/39/972
f 790/41/973 442/43/973 444/42/973
f 443/44/974 445/58/974 444/42/974
f 446/39/975 442/43/975 790/41/975
f 447/13/976 443/44/976 442/43/976
f 415/47/977 39/50/977 466/46/977
f 466/46/978 39/50/978 38/49/978
f 470/51/979 46/36/979 37/52/979
f 468/53/980 37/52/980 36/54/980
f 444/42/981 440/185/981 789/55/981
f 444/42/982 445/58/982 441/57/982
f 448/29/983 449/9/983 445/58/983
f 449/9/985 431/7/985 441/57/985
f 465/21/986 437/24/986 453/59/986
f 437/24/987 451/67/987 452/61/987
f 471/60/988 453/59/988 424/62/988
f 453/59/989 452/61/989 425/64/989
f 426/65/990 425/64/990 452/61/990
f 456/2/991 426/65/991 438/66/991
f 11/1/992 456/2/992 467/68/992
f 53/69/993 471/60/993 455/63/993
f 30/20/994 465/21/994 471/60/994
f 441/71/995 468/53/995 469/72/995
f 431/73/996 470/51/996 468/53/996
f 439/74/997 466/46/997 467/68/997
f 793/48/998 466/46/998 439/74/998
f 430/76/999 459/16/999 470/51/999
f 460/19/1002 462/18/1002 435/8/1002
f 465/21/1004 460/19/1004 433/23/1004
f 462/18/1005 459/16/1005 430/76/1005
f 510/3/1022 108/1/1022 102/92/1022
f 103/37/1023 106/70/1023 509/63/1023
f 500/94/1024 502/64/1024 501/65/1024
f 502/64/1025 500/94/1025 499/95/1025
f 505/64/1026 506/65/1026 501/65/1026
f 504/62/1027 505/64/1027 502/64/1027
f 455/63/1028 509/63/1028 106/70/1028
f 508/93/1029 509/63/1029 503/62/1029
f 506/65/1030 511/2/1030 510/3/1030
f 501/65/1031 510/3/1031 507/96/1031
f 600/97/1032 604/97/1032 548/98/1032
f 651/99/1033 253/100/1033 124/37/1033
f 600/97/1058 542/98/1058 540/123/1058
f 626/125/1059 219/127/1059 160/126/1059
f 516/111/1060 546/111/1060 547/90/1060
f 519/94/1062 543/94/1062 544/95/1062
f 631/131/1064 634/133/1064 545/132/1064
f 599/134/1065 603/135/1065 546/111/1065
f 512/145/1074 629/167/1074 632/144/1074
f 585/147/1096 122/92/1096 413/186/1096
f 413/186/1097 138/67/1097 786/118/1097
f 786/118/1098 515/113/1098 597/160/1098
f 597/160/1099 596/124/1099 540/123/1099
f 629/167/1100 628/189/1100 512/187/1100
f 597/160/1101 540/123/1101 629/167/1101
f 413/186/1102 786/118/1102 597/160/1102
f 512/187/1103 585/147/1103 413/186/1103
f 597/160/1104 629/167/1104 512/187/1104
f 598/148/504 626/125/504 595/149/504
f 651/99/405 587/93/405 514/95/405
f 516/111/1110 589/151/1110 627/154/1110
f 599/134/503 627/154/503 626/125/503
f 541/132/1128 545/132/1128 602/156/1128
f 598/148/1129 602/156/1129 603/135/1129
f 589/151/1130 128/105/1130 220/159/1130
f 627/154/1131 220/159/1131 219/127/1131
f 601/155/1133 600/97/1133 596/124/1133
f 547/90/1134 605/91/1134 601/155/1134
f 601/155/1134 605/91/1134 604/97/1134
f 595/149/532 652/161/532 631/131/532
f 652/161/533 651/99/533 630/153/533
f 543/94/1145 519/94/1145 632/144/1145
f 514/95/1150 544/95/1150 633/163/1150
f 630/153/1151 633/163/1151 634/133/1151
f 542/98/1152 548/98/1152 635/166/1152
f 542/98/1156 632/144/1156 629/167/1156
f 595/149/1157 160/126/1157 254/168/1157
f 652/161/1158 254/168/1158 253/100/1158
f 424/62/1261 503/62/1261 509/63/1261
f 469/72/328 794/12/328 789/82/328
f 36/54/1267 417/11/1267 794/12/1267
usemtl Material.006
f 5/90/69 90/91/69 89/90/69
f 267/128/109 174/94/109 180/94/109
f 179/98/121 237/97/121 233/97/121
f 177/111/127 236/135/127 232/135/127
f 176/132/128 266/133/128 263/137/128
f 178/90/129 183/111/129 177/111/129
f 174/94/130 181/95/130 180/94/130
f 231/148/127 182/132/127 176/132/127
f 232/135/127 235/148/127 231/148/127
f 234/155/171 184/90/171 178/90/171
f 233/97/172 238/91/172 234/155/172
f 175/95/193 265/162/193 181/95/193
f 263/137/194 265/162/194 262/162/194
f 179/98/196 267/128/196 185/98/196
f 279/111/211 286/90/211 285/111/211
f 295/133/212 284/132/212 298/133/212
f 276/94/213 283/95/213 282/94/213
f 289/97/214 287/98/214 292/97/214
f 288/148/215 284/132/215 278/132/215
f 280/90/216 293/91/216 286/90/216
f 290/91/217 292/97/217 293/91/217
f 281/98/218 299/144/218 287/98/218
f 277/95/219 297/169/219 283/95/219
f 294/162/220 298/133/220 297/169/220
f 282/94/221 296/128/221 276/94/221
f 291/148/222 279/111/222 285/111/222
f 312/144/223 313/94/223 321/144/223
f 316/111/224 354/111/224 353/111/224
f 301/95/225 313/94/225 300/94/225
f 303/111/226 307/90/226 354/111/226
f 306/148/227 316/111/227 323/148/227
f 308/97/228 318/91/228 309/91/228
f 305/98/228 324/97/228 308/97/228
f 353/111/229 355/90/229 352/90/229
f 302/132/230 323/148/230 320/132/230
f 310/169/231 314/95/231 301/95/231
f 311/133/232 320/132/232 319/133/232
f 353/111/233 371/111/233 369/111/233
f 311/133/234 325/169/234 310/169/234
f 305/98/223 321/144/223 322/98/223
f 339/90/235 330/111/235 340/111/235
f 317/90/236 307/90/236 304/90/236
f 341/170/237 328/95/237 342/95/237
f 343/155/238 331/90/238 339/90/238
f 344/133/239 338/169/239 341/170/239
f 345/171/240 333/133/240 344/133/240
f 347/98/241 326/144/241 335/98/241
f 345/171/242 336/148/242 334/172/242
f 348/148/243 329/173/243 336/148/243
f 342/95/244 327/94/244 350/94/244
f 347/98/245 337/97/245 351/97/245
f 340/111/246 329/173/246 349/174/246
f 346/175/247 327/94/247 326/144/247
f 351/97/248 332/176/248 343/155/248
f 324/97/249 343/155/249 318/91/249
f 313/94/250 346/175/250 321/144/250
f 316/111/251 349/174/251 315/174/251
f 322/98/252 351/97/252 324/97/252
f 314/95/253 350/94/253 313/94/253
f 323/148/254 349/174/254 348/148/254
f 320/132/255 348/148/255 345/171/255
f 321/144/256 347/98/256 322/98/256
f 319/133/257 345/171/257 344/133/257
f 325/169/258 344/133/258 341/170/258
f 317/90/259 343/155/259 339/90/259
f 314/95/260 341/170/260 342/95/260
f 316/111/261 339/90/261 340/111/261
f 371/111/262 355/90/262 369/111/262
f 354/111/263 370/90/263 371/111/263
f 316/111/264 352/90/264 317/90/264
f 327/94/265 356/144/265 326/144/265
f 329/173/266 366/148/266 336/148/266
f 337/97/268 365/98/268 367/97/268
f 330/111/269 359/173/269 329/173/269
f 332/176/270 367/97/270 362/176/270
f 330/111/271 361/90/271 360/111/271
f 328/95/272 368/169/272 358/95/272
f 331/90/273 362/176/273 361/90/273
f 338/169/274 363/133/274 368/169/274
f 333/133/275 364/172/275 363/133/275
f 326/144/276 365/98/276 335/98/276
f 336/148/277 364/172/277 334/172/277
f 358/95/279 366/148/279 362/176/279
f 423/90/393 488/91/393 486/91/393
f 555/94/433 644/128/433 561/94/433
f 616/97/445 560/98/445 612/97/445
f 615/135/451 558/111/451 611/135/451
f 643/133/452 557/132/452 640/137/452
f 564/111/453 559/90/453 558/111/453
f 555/94/454 562/95/454 556/95/454
f 563/132/451 610/148/451 557/132/451
f 614/148/451 611/135/451 610/148/451
f 565/90/495 613/155/495 559/90/495
f 617/91/496 612/97/496 613/155/496
f 556/95/517 642/162/517 639/162/517
f 642/162/517 640/137/517 639/162/517
f 560/98/519 644/128/519 641/165/519
f 656/111/534 663/90/534 657/90/534
f 672/133/535 661/132/535 655/132/535
f 653/94/536 660/95/536 654/95/536
f 666/97/537 664/98/537 658/98/537
f 661/132/538 665/148/538 655/132/538
f 657/90/539 670/91/539 667/91/539
f 667/91/540 669/97/540 666/97/540
f 658/98/541 676/144/541 673/128/541
f 654/95/542 674/169/542 671/162/542
f 671/162/543 675/133/543 672/133/543
f 659/94/544 673/128/544 676/144/544
f 656/111/545 668/148/545 662/111/545
f 690/94/546 689/144/546 698/144/546
f 693/111/547 731/111/547 680/111/547
f 690/94/548 678/95/548 677/94/548
f 680/111/549 684/90/549 681/90/549
f 693/111/550 683/148/550 700/148/550
f 695/91/551 685/97/551 686/91/551
f 701/97/551 682/98/551 685/97/551
f 732/90/552 730/111/552 729/90/552
f 679/132/553 700/148/553 683/148/553
f 691/95/554 687/169/554 678/95/554
f 688/133/555 697/132/555 679/132/555
f 730/111/556 748/111/556 731/111/556
f 702/169/557 688/133/557 687/169/557
f 682/98/546 698/144/546 689/144/546
f 707/111/558 716/90/558 717/111/558
f 684/90/559 694/90/559 681/90/559
f 705/95/560 718/170/560 719/95/560
f 708/90/561 720/155/561 716/90/561
f 715/169/562 721/133/562 718/170/562
f 710/133/563 722/171/563 721/133/563
f 724/98/564 703/144/564 723/175/564
f 722/171/565 713/148/565 725/148/565
f 725/148/566 706/173/566 726/174/566
f 704/94/567 719/95/567 727/94/567
f 714/97/568 724/98/568 728/97/568
f 706/173/566 717/111/566 726/174/566
f 723/175/569 704/94/569 727/94/569
f 709/176/570 728/97/570 720/155/570
f 720/155/571 701/97/571 695/91/571
f 723/175/572 690/94/572 698/144/572
f 726/174/573 693/111/573 692/174/573
f 728/97/574 699/98/574 701/97/574
f 727/94/575 691/95/575 690/94/575
f 700/148/576 726/174/576 692/174/576
f 697/132/577 725/148/577 700/148/577
f 724/98/578 698/144/578 699/98/578
f 696/133/579 722/171/579 697/132/579
f 702/169/580 721/133/580 696/133/580
f 694/90/581 720/155/581 695/91/581
f 691/95/582 718/170/582 702/169/582
f 693/111/583 716/90/583 694/90/583
f 748/111/584 732/90/584 747/90/584
f 731/111/585 747/90/585 684/90/585
f 729/90/586 693/111/586 694/90/586
f 733/144/587 704/94/587 703/144/587
f 743/148/588 706/173/588 713/148/588
f 714/97/590 742/98/590 712/98/590
f 736/173/591 707/111/591 706/173/591
f 709/176/592 744/97/592 714/97/592
f 707/111/593 738/90/593 708/90/593
f 705/95/594 745/169/594 715/169/594
f 708/90/595 739/176/595 709/176/595
f 715/169/596 740/133/596 710/133/596
f 710/133/597 741/172/597 711/172/597
f 742/98/598 703/144/598 712/98/598
f 741/172/599 713/148/599 711/172/599
f 733/144/601 737/111/601 740/133/601
f 5/90/69 88/91/69 90/91/69
f 267/128/752 264/165/752 174/94/752
f 179/98/764 185/98/764 237/97/764
f 177/111/127 183/111/127 236/135/127
f 176/132/770 182/132/770 266/133/770
f 178/90/771 184/90/771 183/111/771
f 174/94/772 175/95/772 181/95/772
f 231/148/127 235/148/127 182/132/127
f 232/135/127 236/135/127 235/148/127
f 234/155/817 238/91/817 184/90/817
f 233/97/818 237/97/818 238/91/818
f 175/95/194 262/162/194 265/162/194
f 263/137/835 266/133/835 265/162/835
f 179/98/752 264/165/752 267/128/752
f 279/111/849 280/90/849 286/90/849
f 295/133/850 278/132/850 284/132/850
f 276/94/851 277/95/851 283/95/851
f 289/97/852 281/98/852 287/98/852
f 288/148/853 291/148/853 284/132/853
f 280/90/854 290/91/854 293/91/854
f 290/91/855 289/97/855 292/97/855
f 281/98/856 296/128/856 299/144/856
f 277/95/857 294/162/857 297/169/857
f 294/162/858 295/133/858 298/133/858
f 282/94/859 299/144/859 296/128/859
f 291/148/860 288/148/860 279/111/860
f 312/144/223 300/94/223 313/94/223
f 316/111/224 303/111/224 354/111/224
f 301/95/861 314/95/861 313/94/861
f 303/111/226 304/90/226 307/90/226
f 306/148/862 303/111/862 316/111/862
f 308/97/228 324/97/228 318/91/228
f 305/98/228 322/98/228 324/97/228
f 353/111/229 369/111/229 355/90/229
f 302/132/863 306/148/863 323/148/863
f 310/169/864 325/169/864 314/95/864
f 311/133/865 302/132/865 320/132/865
f 353/111/233 354/111/233 371/111/233
f 311/133/232 319/133/232 325/169/232
f 305/98/223 312/144/223 321/144/223
f 339/90/866 331/90/866 330/111/866
f 317/90/236 352/90/236 307/90/236
f 341/170/867 338/169/867 328/95/867
f 343/155/868 332/176/868 331/90/868
f 344/133/869 333/133/869 338/169/869
f 345/171/870 334/172/870 333/133/870
f 347/98/871 346/175/871 326/144/871
f 345/171/872 348/148/872 336/148/872
f 348/148/246 349/174/246 329/173/246
f 342/95/873 328/95/873 327/94/873
f 347/98/874 335/98/874 337/97/874
f 340/111/875 330/111/875 329/173/875
f 346/175/876 350/94/876 327/94/876
f 351/97/877 337/97/877 332/176/877
f 324/97/878 351/97/878 343/155/878
f 313/94/879 350/94/879 346/175/879
f 316/111/880 340/111/880 349/174/880
f 322/98/881 347/98/881 351/97/881
f 314/95/882 342/95/882 350/94/882
f 323/148/883 315/174/883 349/174/883
f 320/132/884 323/148/884 348/148/884
f 321/144/885 346/175/885 347/98/885
f 319/133/886 320/132/886 345/171/886
f 325/169/887 319/133/887 344/133/887
f 317/90/888 318/91/888 343/155/888
f 314/95/889 325/169/889 341/170/889
f 316/111/890 317/90/890 339/90/890
f 371/111/891 370/90/891 355/90/891
f 354/111/263 307/90/263 370/90/263
f 316/111/264 353/111/264 352/90/264
f 327/94/892 357/94/892 356/144/892
f 329/173/893 359/173/893 366/148/893
f 337/97/895 335/98/895 365/98/895
f 330/111/896 360/111/896 359/173/896
f 332/176/897 337/97/897 367/97/897
f 330/111/898 331/90/898 361/90/898
f 328/95/899 338/169/899 368/169/899
f 331/90/900 332/176/900 362/176/900
f 338/169/901 333/133/901 363/133/901
f 333/133/902 334/172/902 364/172/902
f 326/144/903 356/144/903 365/98/903
f 336/148/904 366/148/904 364/172/904
f 356/144/905 357/94/905 358/95/905
f 358/95/906 368/169/906 363/133/906
f 363/133/907 364/172/907 366/148/907
f 366/148/908 359/173/908 360/111/908
f 360/111/909 361/90/909 362/176/909
f 362/176/910 367/97/910 365/98/910
f 365/98/911 356/144/911 358/95/911
f 358/95/912 363/133/912 366/148/912
f 366/148/913 360/111/913 362/176/913
f 362/176/914 365/98/914 358/95/914
f 423/90/393 487/90/393 488/91/393
f 555/94/519 641/165/519 644/128/519
f 616/97/1072 566/98/1072 560/98/1072
f 615/135/451 564/111/451 558/111/451
f 643/133/1077 563/132/1077 557/132/1077
f 564/111/1078 565/90/1078 559/90/1078
f 555/94/1079 561/94/1079 562/95/1079
f 563/132/451 614/148/451 610/148/451
f 614/148/451 615/135/451 611/135/451
f 565/90/1122 617/91/1122 613/155/1122
f 617/91/1123 616/97/1123 612/97/1123
f 556/95/1141 562/95/1141 642/162/1141
f 642/162/1142 643/133/1142 640/137/1142
f 560/98/1144 566/98/1144 644/128/1144
f 656/111/1159 662/111/1159 663/90/1159
f 672/133/1160 675/133/1160 661/132/1160
f 653/94/1161 659/94/1161 660/95/1161
f 666/97/1162 669/97/1162 664/98/1162
f 661/132/1163 668/148/1163 665/148/1163
f 657/90/1164 663/90/1164 670/91/1164
f 667/91/1165 670/91/1165 669/97/1165
f 658/98/1166 664/98/1166 676/144/1166
f 654/95/1167 660/95/1167 674/169/1167
f 671/162/1168 674/169/1168 675/133/1168
f 659/94/1169 653/94/1169 673/128/1169
f 656/111/1170 665/148/1170 668/148/1170
f 690/94/546 677/94/546 689/144/546
f 693/111/547 730/111/547 731/111/547
f 690/94/1171 691/95/1171 678/95/1171
f 680/111/549 731/111/549 684/90/549
f 693/111/1172 680/111/1172 683/148/1172
f 695/91/551 701/97/551 685/97/551
f 701/97/551 699/98/551 682/98/551
f 732/90/552 746/111/552 730/111/552
f 679/132/1173 697/132/1173 700/148/1173
f 691/95/1174 702/169/1174 687/169/1174
f 688/133/1175 696/133/1175 697/132/1175
f 730/111/556 746/111/556 748/111/556
f 702/169/1175 696/133/1175 688/133/1175
f 682/98/546 699/98/546 698/144/546
f 707/111/1176 708/90/1176 716/90/1176
f 684/90/559 729/90/559 694/90/559
f 705/95/1177 715/169/1177 718/170/1177
f 708/90/1178 709/176/1178 720/155/1178
f 715/169/1179 710/133/1179 721/133/1179
f 710/133/1180 711/172/1180 722/171/1180
f 724/98/1181 712/98/1181 703/144/1181
f 722/171/1182 711/172/1182 713/148/1182
f 725/148/1183 713/148/1183 706/173/1183
f 704/94/1184 705/95/1184 719/95/1184
f 714/97/1185 712/98/1185 724/98/1185
f 706/173/1186 707/111/1186 717/111/1186
f 723/175/1187 703/144/1187 704/94/1187
f 709/176/1188 714/97/1188 728/97/1188
f 720/155/1189 728/97/1189 701/97/1189
f 723/175/1190 727/94/1190 690/94/1190
f 726/174/1191 717/111/1191 693/111/1191
f 728/97/1192 724/98/1192 699/98/1192
f 727/94/1193 719/95/1193 691/95/1193
f 700/148/1194 725/148/1194 726/174/1194
f 697/132/1195 722/171/1195 725/148/1195
f 724/98/1196 723/175/1196 698/144/1196
f 696/133/1197 721/133/1197 722/171/1197
f 702/169/1198 718/170/1198 721/133/1198
f 694/90/1199 716/90/1199 720/155/1199
f 691/95/1200 719/95/1200 718/170/1200
f 693/111/1201 717/111/1201 716/90/1201
f 748/111/1202 746/111/1202 732/90/1202
f 731/111/585 748/111/585 747/90/585
f 729/90/586 730/111/586 693/111/586
f 733/144/1203 734/94/1203 704/94/1203
f 743/148/1204 736/173/1204 706/173/1204
f 714/97/1206 744/97/1206 742/98/1206
f 736/173/1207 737/111/1207 707/111/1207
f 709/176/1208 739/176/1208 744/97/1208
f 707/111/1209 737/111/1209 738/90/1209
f 705/95/1210 735/95/1210 745/169/1210
f 708/90/1211 738/90/1211 739/176/1211
f 715/169/1212 745/169/1212 740/133/1212
f 710/133/1213 740/133/1213 741/172/1213
f 742/98/1214 733/144/1214 703/144/1214
f 741/172/1215 743/148/1215 713/148/1215
f 733/144/1216 742/98/1216 744/97/1216
f 739/176/1217 738/90/1217 737/111/1217
f 733/144/1218 744/97/1218 739/176/1218
f 735/95/1219 734/94/1219 733/144/1219
f 740/133/1220 745/169/1220 735/95/1220
f 743/148/1221 741/172/1221 740/133/1221
f 737/111/1222 736/173/1222 743/148/1222
f 733/144/1223 739/176/1223 737/111/1223
f 740/133/1224 735/95/1224 733/144/1224
f 737/111/1225 743/148/1225 740/133/1225
usemtl Material.007
f 12/181/318 421/48/318 58/182/318
f 58/182/320 415/47/320 16/183/320
f 427/181/640 793/48/640 788/75/640
f 458/182/642 415/47/642 793/48/642
f 12/181/950 414/75/950 421/48/950
f 58/182/952 421/48/952 415/47/952
f 427/181/1262 458/182/1262 793/48/1262
f 458/182/1264 16/183/1264 415/47/1264
usemtl Material.008
f 372/108/280 379/109/280 373/109/280
f 373/109/281 380/115/281 374/115/281
f 376/115/282 380/115/282 382/115/282
f 375/108/283 378/108/283 372/108/283
f 375/108/284 383/109/284 381/108/284
f 379/109/285 386/115/285 380/115/285
f 380/115/286 388/115/286 382/115/286
f 378/108/287 385/109/287 379/109/287
f 381/108/288 384/108/288 378/108/288
f 381/108/289 389/109/289 387/108/289
f 377/109/290 382/115/290 383/109/290
f 388/115/291 383/109/291 382/115/291
f 388/115/293 395/109/293 389/109/293
f 387/108/294 395/109/294 393/108/294
f 386/115/295 391/109/295 392/115/295
f 400/67/296 399/67/296 401/67/296
f 385/109/297 390/108/297 391/109/297
f 397/115/298 398/115/298 396/115/298
f 400/115/299 396/115/299 398/115/299
f 402/115/300 397/115/300 396/115/300
f 401/115/301 397/115/301 403/177/301
f 394/115/302 391/109/302 395/109/302
f 390/108/303 395/109/303 391/109/303
f 392/115/304 403/177/304 386/115/304
f 386/115/305 402/115/305 388/115/305
f 394/115/306 402/115/306 400/115/306
f 392/67/307 400/67/307 401/67/307
f 756/109/602 749/108/602 750/109/602
f 757/115/603 750/109/603 751/115/603
f 753/115/604 757/115/604 751/115/604
f 755/108/605 752/108/605 749/108/605
f 752/108/606 760/109/606 754/109/606
f 763/115/607 756/109/607 757/115/607
f 765/115/608 757/115/608 759/115/608
f 762/109/609 755/108/609 756/109/609
f 761/108/610 758/108/610 755/108/610
f 758/108/611 766/109/611 760/109/611
f 754/109/612 759/115/612 753/115/612
f 765/115/613 760/109/613 766/109/613
f 772/109/615 765/115/615 766/109/615
f 764/108/616 772/109/616 766/109/616
f 763/115/617 768/109/617 762/109/617
f 776/67/618 777/67/618 778/67/618
f 762/109/619 767/108/619 761/108/619
f 775/115/620 774/115/620 773/115/620
f 777/115/621 773/115/621 779/115/621
f 779/115/622 774/115/622 780/177/622
f 774/115/623 778/115/623 780/177/623
f 771/115/624 768/109/624 769/115/624
f 772/109/625 767/108/625 768/109/625
f 780/177/626 769/115/626 763/115/626
f 779/115/627 763/115/627 765/115/627
f 771/115/628 779/115/628 765/115/628
f 769/67/629 777/67/629 771/67/629
f 372/108/915 378/108/915 379/109/915
f 373/109/916 379/109/916 380/115/916
f 376/115/917 374/115/917 380/115/917
f 375/108/918 381/108/918 378/108/918
f 375/108/919 377/109/919 383/109/919
f 379/109/920 385/109/920 386/115/920
f 380/115/921 386/115/921 388/115/921
f 378/108/922 384/108/922 385/109/922
f 381/108/923 387/108/923 384/108/923
f 381/108/924 383/109/924 389/109/924
f 377/109/925 376/115/925 382/115/925
f 388/115/926 389/109/926 383/109/926
f 388/115/928 394/115/928 395/109/928
f 387/108/929 389/109/929 395/109/929
f 386/115/930 385/109/930 391/109/930
f 400/67/931 398/67/931 399/67/931
f 385/109/932 384/108/932 390/108/932
f 397/115/933 399/115/933 398/115/933
f 400/115/934 402/115/934 396/115/934
f 402/115/935 403/177/935 397/115/935
f 401/115/936 399/115/936 397/115/936
f 394/115/937 392/115/937 391/109/937
f 390/108/938 393/108/938 395/109/938
f 392/115/939 401/115/939 403/177/939
f 386/115/940 403/177/940 402/115/940
f 394/115/941 388/115/941 402/115/941
f 392/67/942 394/67/942 400/67/942
f 756/109/1226 755/108/1226 749/108/1226
f 757/115/1227 756/109/1227 750/109/1227
f 753/115/1228 759/115/1228 757/115/1228
f 755/108/1229 758/108/1229 752/108/1229
f 752/108/1230 758/108/1230 760/109/1230
f 763/115/1231 762/109/1231 756/109/1231
f 765/115/1232 763/115/1232 757/115/1232
f 762/109/1233 761/108/1233 755/108/1233
f 761/108/1234 764/108/1234 758/108/1234
f 758/108/1235 764/108/1235 766/109/1235
f 754/109/1236 760/109/1236 759/115/1236
f 765/115/1237 759/115/1237 760/109/1237
f 772/109/1239 771/115/1239 765/115/1239
f 764/108/1240 770/108/1240 772/109/1240
f 763/115/1241 769/115/1241 768/109/1241
f 776/67/1242 775/67/1242 777/67/1242
f 762/109/1243 768/109/1243 767/108/1243
f 775/115/1244 776/115/1244 774/115/1244
f 777/115/1245 775/115/1245 773/115/1245
f 779/115/1246 773/115/1246 774/115/1246
f 774/115/1247 776/115/1247 778/115/1247
f 771/115/1248 772/109/1248 768/109/1248
f 772/109/1249 770/108/1249 767/108/1249
f 780/177/1250 778/115/1250 769/115/1250
f 779/115/1251 780/177/1251 763/115/1251
f 771/115/1252 777/115/1252 779/115/1252
f 769/67/1253 778/67/1253 777/67/1253
l 3 4
l 92 91
l 93 92
l 94 95
l 95 97
l 96 98
l 98 93
l 99 94
l 110 106
l 490 489
l 491 490
l 492 493
l 493 495
l 494 496
l 496 491
l 497 492
o Cylinder
v -0.005989 -0.692189 -0.696356
v 0.047778 0.025434 -0.518387
v 0.170929 -0.692189 -0.626465
v 0.212266 0.016543 -0.480507
v 0.261989 -0.665411 -0.507455
v 0.356914 0.008724 -0.454967
v 0.385055 -0.758459 -0.305297
v 0.462118 -0.031811 -0.264416
v 0.388453 -0.827851 -0.131799
v 0.450814 -0.063976 -0.051248
v 0.388453 -0.957909 0.040832
v 0.450968 -0.061491 0.073046
v 0.446146 -0.139520 0.073652
v 0.446033 -0.141340 -0.059127
v 0.456537 -0.122057 -0.290549
v 0.351116 -0.084918 -0.407358
v 0.206459 -0.077099 -0.525446
v 0.041961 -0.068207 -0.566457
v -0.365843 -0.094242 0.042670
v -0.309611 -0.919715 0.040871
v -0.360977 -0.016327 0.041877
v -0.354798 -0.840865 -0.131799
v -0.361210 -0.020083 -0.051248
v -0.359079 -0.773640 -0.305297
v -0.370877 0.013216 -0.264416
v -0.243604 -0.680593 -0.557531
v -0.261357 0.042145 -0.473228
v -0.182907 -0.692189 -0.626465
v -0.116709 0.034326 -0.480507
v -0.366042 -0.097443 -0.059127
v -0.376510 -0.077027 -0.290549
v -0.267195 -0.051496 -0.407358
v -0.122537 -0.059315 -0.525446
v 0.235172 0.037408 -0.534550
v 0.049361 0.050909 -0.576178
v 0.043543 -0.042733 -0.617923
v 0.398352 0.020104 -0.456309
v 0.512125 -0.028847 -0.284884
v 0.496303 -0.065167 -0.057641
v 0.496783 -0.063950 0.073046
v 0.491406 -0.142340 -0.066460
v 0.506057 -0.118374 -0.297479
v 0.390385 -0.072096 -0.494562
v 0.227193 -0.055414 -0.573924
v -0.406789 -0.013833 0.041877
v -0.411656 -0.091748 0.042670
v 0.491961 -0.141979 0.073652
v -0.406548 -0.016372 -0.057601
v -0.420182 0.021549 -0.284884
v -0.301108 0.057913 -0.456309
v -0.136878 0.057519 -0.534550
v -0.411228 -0.093541 -0.066502
v -0.425242 -0.068033 -0.312256
v -0.304613 -0.034529 -0.494562
v -0.140447 -0.035541 -0.580249
v -0.301342 -0.609832 -0.284105
v -0.316117 0.027680 -0.418604
v -0.321852 -0.064261 -0.348953
v -0.360645 0.039731 -0.395635
v -0.364928 -0.051281 -0.428448
v 0.323522 -0.594651 -0.263764
v 0.409516 -0.011543 -0.418604
v 0.403826 -0.103488 -0.270366
v 0.455239 -0.004371 -0.395635
v 0.448221 -0.095235 -0.428448
v -0.006802 -0.676006 -0.782092
v 0.052361 0.110035 -0.497533
v 0.213722 -0.682490 -0.701884
v 0.212544 0.101466 -0.460477
v 0.333743 -0.666904 -0.557077
v 0.352202 0.091409 -0.427504
v 0.458933 -0.763189 -0.351480
v 0.461924 0.055156 -0.257347
v 0.462489 -0.833312 -0.140936
v 0.453289 0.010758 -0.049404
v 0.463008 -0.963455 0.038476
v 0.454043 0.004728 0.107691
v 0.486580 -0.185955 0.116122
v 0.493721 -0.198258 -0.068123
v 0.462337 -0.194636 -0.338631
v 0.393129 -0.152202 -0.443704
v 0.237821 -0.128382 -0.588689
v 0.039881 -0.112836 -0.641405
v -0.407167 -0.135459 0.089449
v -0.383474 -0.923423 0.052063
v -0.356828 0.050529 0.075161
v -0.429549 -0.843451 -0.131227
v -0.355589 0.054489 -0.049769
v -0.438314 -0.774190 -0.341830
v -0.361299 0.099653 -0.257334
v -0.312452 -0.671479 -0.610353
v -0.246346 0.121468 -0.440127
v -0.224593 -0.675937 -0.701374
v -0.107649 0.118114 -0.457910
v -0.418444 -0.150734 -0.062099
v -0.415742 -0.141016 -0.335040
v -0.316552 -0.109817 -0.449497
v -0.158214 -0.106435 -0.589634
v 0.255063 0.115698 -0.567537
v 0.054196 0.128881 -0.615038
v 0.042759 -0.070821 -0.700529
v 0.431951 0.099140 -0.471726
v 0.572678 0.031861 -0.301045
v 0.552705 -0.016514 -0.064451
v 0.542168 -0.022665 0.115830
v 0.544100 -0.194764 -0.074819
v 0.560866 -0.180232 -0.325457
v 0.431628 -0.114004 -0.559030
v 0.251787 -0.090758 -0.649813
v -0.446998 0.032856 0.084282
v -0.457771 -0.131373 0.086236
v 0.533048 -0.187055 0.116950
v -0.456796 0.038594 -0.064568
v -0.472534 0.089605 -0.300401
v -0.316767 0.142891 -0.468427
v -0.148051 0.139021 -0.563631
v -0.469725 -0.139496 -0.074311
v -0.488473 -0.120236 -0.342088
v -0.350055 -0.070611 -0.559726
v -0.168570 -0.066898 -0.656663
v -0.352526 -0.613118 -0.354692
v -0.290769 0.105035 -0.387187
v -0.361304 -0.125586 -0.396870
v -0.401758 0.114395 -0.414294
v -0.418747 -0.099327 -0.477521
v 0.345974 -0.597114 -0.348043
v 0.397241 0.068557 -0.386256
v 0.427578 -0.158212 -0.334040
v 0.506325 0.064003 -0.413754
v 0.496341 -0.151473 -0.474654
v -0.005989 -0.692189 0.696356
v 0.047778 0.025434 0.518387
v 0.170929 -0.692189 0.626465
v 0.212266 0.016543 0.480507
v 0.261989 -0.665411 0.507455
v 0.356914 0.008724 0.454967
v 0.385055 -0.758459 0.305297
v 0.462118 -0.031811 0.264416
v 0.388453 -0.827851 0.131799
v 0.450814 -0.063976 0.051248
v 0.388453 -0.957909 -0.040832
v 0.450968 -0.061491 -0.073046
v 0.446146 -0.139520 -0.073652
v 0.446033 -0.141340 0.059127
v 0.456537 -0.122057 0.290549
v 0.351116 -0.084918 0.407358
v 0.206459 -0.077099 0.525446
v 0.041961 -0.068207 0.566457
v -0.365843 -0.094242 -0.042670
v -0.309611 -0.919715 -0.040871
v -0.360977 -0.016327 -0.041877
v -0.354798 -0.840865 0.131799
v -0.361210 -0.020083 0.051248
v -0.359079 -0.773640 0.305297
v -0.370877 0.013216 0.264416
v -0.243604 -0.680593 0.557531
v -0.261357 0.042145 0.473228
v -0.182907 -0.692189 0.626465
v -0.116709 0.034326 0.480507
v -0.366042 -0.097443 0.059127
v -0.376510 -0.077027 0.290549
v -0.267195 -0.051496 0.407358
v -0.122537 -0.059315 0.525446
v 0.235172 0.037408 0.534550
v 0.049361 0.050909 0.576178
v 0.043543 -0.042733 0.617923
v 0.398352 0.020104 0.456309
v 0.512125 -0.028847 0.284884
v 0.496303 -0.065167 0.057641
v 0.496783 -0.063950 -0.073046
v 0.491406 -0.142340 0.066460
v 0.506057 -0.118374 0.297479
v 0.390385 -0.072096 0.494562
v 0.227193 -0.055414 0.573924
v -0.406789 -0.013833 -0.041877
v -0.411656 -0.091748 -0.042670
v 0.491961 -0.141979 -0.073652
v -0.406548 -0.016372 0.057601
v -0.420182 0.021549 0.284884
v -0.301108 0.057913 0.456309
v -0.136878 0.057519 0.534550
v -0.411228 -0.093541 0.066502
v -0.425242 -0.068033 0.312256
v -0.304613 -0.034529 0.494562
v -0.140447 -0.035541 0.580249
v -0.301342 -0.609832 0.284105
v -0.316117 0.027680 0.418604
v -0.321852 -0.064261 0.348953
v -0.360645 0.039731 0.395635
v -0.364928 -0.051281 0.428448
v 0.323522 -0.594651 0.263764
v 0.409516 -0.011543 0.418604
v 0.403826 -0.103488 0.270366
v 0.455239 -0.004371 0.395635
v 0.448221 -0.095235 0.428448
v -0.006802 -0.676006 0.782092
v 0.052361 0.110035 0.497533
v 0.213722 -0.682490 0.701884
v 0.212544 0.101466 0.460477
v 0.333743 -0.666904 0.557077
v 0.352202 0.091409 0.427504
v 0.458933 -0.763189 0.351480
v 0.461924 0.055156 0.257347
v 0.462489 -0.833312 0.140936
v 0.453289 0.010758 0.049404
v 0.463008 -0.963455 -0.038476
v 0.454043 0.004728 -0.107691
v 0.486580 -0.185955 -0.116122
v 0.493721 -0.198258 0.068123
v 0.462337 -0.194636 0.338631
v 0.393129 -0.152202 0.443704
v 0.237821 -0.128382 0.588689
v 0.039881 -0.112836 0.641405
v -0.407167 -0.135459 -0.089449
v -0.383474 -0.923423 -0.052063
v -0.356828 0.050529 -0.075161
v -0.429549 -0.843451 0.131227
v -0.355589 0.054489 0.049769
v -0.438314 -0.774190 0.341830
v -0.361299 0.099653 0.257334
v -0.312452 -0.671479 0.610353
v -0.246346 0.121468 0.440127
v -0.224593 -0.675937 0.701374
v -0.107649 0.118114 0.457910
v -0.418444 -0.150734 0.062099
v -0.415742 -0.141016 0.335040
v -0.316552 -0.109817 0.449497
v -0.158214 -0.106435 0.589634
v 0.255063 0.115698 0.567537
v 0.054196 0.128881 0.615038
v 0.042759 -0.070821 0.700529
v 0.431951 0.099140 0.471726
v 0.572678 0.031861 0.301045
v 0.552705 -0.016514 0.064451
v 0.542168 -0.022665 -0.115830
v 0.544100 -0.194764 0.074819
v 0.560866 -0.180232 0.325457
v 0.431628 -0.114004 0.559030
v 0.251787 -0.090758 0.649813
v -0.446998 0.032856 -0.084282
v -0.457771 -0.131373 -0.086236
v 0.533048 -0.187055 -0.116950
v -0.456796 0.038594 0.064568
v -0.472534 0.089605 0.300401
v -0.316767 0.142891 0.468427
v -0.148051 0.139021 0.563631
v -0.469725 -0.139496 0.074311
v -0.488473 -0.120236 0.342088
v -0.350055 -0.070611 0.559726
v -0.168570 -0.066898 0.656663
v -0.352526 -0.613118 0.354692
v -0.290769 0.105035 0.387187
v -0.361304 -0.125586 0.396870
v -0.401758 0.114395 0.414294
v -0.418747 -0.099327 0.477521
v 0.345974 -0.597114 0.348043
v 0.397241 0.068557 0.386256
v 0.427578 -0.158212 0.334040
v 0.506325 0.064003 0.413754
v 0.496341 -0.151473 0.474654
vn -0.0536 -0.9984 0.0200
vn -0.0478 0.9911 0.1242
vn 0.1386 0.9243 0.3557
vn 0.1238 0.9885 0.0864
vn -0.0687 -0.9258 -0.3717
vn 0.0123 -0.9346 -0.3556
vn 0.0356 0.9958 0.0846
vn -0.0543 -0.9977 0.0404
vn -0.0557 -0.9858 -0.1586
vn -0.0471 -0.9873 -0.1515
vn 0.0536 0.9985 -0.0137
vn 0.2293 -0.1747 0.9575
vn 0.6190 -0.1603 0.7689
vn 0.7138 0.1091 0.6918
vn 0.9997 0.0169 -0.0181
vn 0.9723 0.0667 -0.2240
vn -0.9965 0.0836 -0.0003
vn -0.9930 0.1124 -0.0357
vn 0.3438 -0.0436 0.9380
vn -0.7869 -0.0555 0.6146
vn -0.3625 -0.1632 0.9176
vn -0.2402 -0.3828 0.8921
vn -0.4407 -0.3182 0.8394
vn -0.9170 -0.0709 0.3924
vn -0.9955 0.0755 -0.0572
vn -0.9980 0.0629 0.0038
vn 0.9980 -0.0623 0.0040
vn 0.9963 -0.0525 -0.0685
vn 0.7269 -0.2629 0.6344
vn 0.4000 -0.3634 0.8414
vn 0.1811 -0.4391 0.8800
vn -0.0595 -0.9867 -0.1514
vn 0.1545 0.9801 0.1244
vn -0.0005 -0.0101 -0.9999
vn -0.0477 0.9192 0.3908
vn 0.0592 0.9622 0.2657
vn 0.2539 -0.9440 -0.2107
vn -0.0004 -0.0077 -1.0000
vn 0.0297 -0.9366 -0.3490
vn -0.1306 -0.9278 -0.3494
vn 0.0721 0.9938 0.0844
vn -0.5026 -0.5657 -0.6537
vn 0.0543 0.9980 -0.0315
vn -0.3556 -0.9104 -0.2117
vn -0.0368 0.9829 0.1804
vn 0.8780 -0.1846 0.4417
vn -0.2754 -0.0272 0.9609
vn 0.1782 -0.7271 -0.6630
vn -0.7709 -0.1861 0.6092
vn -0.9707 0.1124 0.2125
vn 0.3804 0.9119 0.1544
vn 0.2711 0.9613 0.0486
vn 0.1133 -0.9538 -0.2781
vn -0.1350 -0.8046 -0.5783
vn -0.0086 -0.9986 -0.0520
vn 0.1769 0.9450 0.2751
vn 0.0367 0.9886 0.1460
vn 0.0620 -0.9966 -0.0536
vn -0.1894 0.9815 0.0292
vn 0.0438 0.9794 0.1972
vn 0.2815 0.9352 0.2150
vn -0.0248 -0.9975 0.0656
vn -0.3390 0.2190 -0.9149
vn -0.6973 0.2154 -0.6836
vn -0.9857 0.0396 -0.1636
vn -0.9989 0.0115 0.0454
vn -0.9730 -0.0400 0.2271
vn 0.9993 -0.0280 -0.0232
vn 0.9985 -0.0454 -0.0320
vn 0.0028 0.0226 -0.9997
vn 0.7610 0.0979 -0.6413
vn 0.3400 0.2013 -0.9186
vn 0.2522 0.3686 -0.8947
vn 0.4594 0.3225 -0.8276
vn 0.9175 -0.0053 -0.3978
vn 0.9966 -0.0518 0.0637
vn 0.9969 -0.0516 0.0595
vn -0.9952 0.0684 0.0706
vn -0.9949 0.0681 0.0746
vn -0.7848 0.2324 -0.5746
vn -0.4370 0.4061 -0.8026
vn -0.1796 0.3958 -0.9006
vn -0.1820 0.9598 0.2138
vn -0.2322 -0.8531 -0.4673
vn -0.0621 0.0160 0.9979
vn 0.0689 -0.8565 -0.5115
vn -0.0458 -0.9590 -0.2796
vn 0.0601 0.9955 0.0734
vn -0.0827 0.0299 0.9961
vn 0.0272 0.9869 0.1587
vn 0.0893 0.9830 0.1603
vn -0.2699 -0.9616 -0.0503
vn -0.0289 0.9025 0.4298
vn -0.2286 -0.9713 0.0662
vn -0.1382 0.9821 0.1279
vn -0.0053 -0.9427 -0.3337
vn -0.8838 0.1959 -0.4248
vn -0.1793 0.0169 -0.9837
vn 0.1203 0.9182 0.3774
vn 0.8131 0.1231 -0.5689
vn 0.9937 -0.1099 -0.0214
vn 0.1735 -0.9504 -0.2582
vn -0.5149 -0.3339 -0.7895
vn 0.7666 -0.0414 0.6408
vn -0.0687 -0.9804 -0.1844
vn 0.0412 -0.9937 -0.1044
vn -0.7119 0.0220 0.7019
vn 0.7965 -0.2073 -0.5679
vn -0.9245 -0.1421 0.3537
vn -0.2606 -0.9493 0.1759
vn 0.1518 -0.0423 0.9875
vn 0.4448 -0.8839 0.1443
vn -0.1134 -0.9233 -0.3671
vn 0.0285 -0.9135 -0.4058
vn 0.0868 -0.9841 0.1550
vn -0.1710 -0.9783 -0.1171
vn -0.0782 -0.7963 -0.5999
vn 0.1515 -0.9371 -0.3145
vn -0.0589 -0.4420 0.8951
vn -0.0248 -0.9996 -0.0094
vn -0.0478 0.9911 -0.1242
vn 0.1254 0.8876 -0.4432
vn 0.1238 0.9885 -0.0864
vn -0.4274 -0.1155 0.8966
vn 0.0123 -0.9346 0.3556
vn 0.0356 0.9958 -0.0846
vn -0.0543 -0.9977 -0.0404
vn -0.0442 -0.9850 0.1671
vn -0.0063 -0.9874 0.1582
vn 0.0536 0.9985 0.0137
vn 0.3587 -0.2166 -0.9080
vn 0.7240 -0.1755 -0.6671
vn 0.9776 -0.0135 -0.2099
vn 0.9997 0.0169 0.0181
vn 0.9723 0.0667 0.2240
vn -0.9963 0.0682 -0.0514
vn -0.9957 0.0781 -0.0508
vn 0.4259 -0.0687 -0.9021
vn -0.7869 -0.0555 -0.6146
vn -0.3625 -0.1632 -0.9176
vn -0.2402 -0.3828 -0.8921
vn -0.4407 -0.3182 -0.8394
vn -0.9170 -0.0709 -0.3924
vn -0.9960 0.0696 0.0559
vn -0.9980 0.0629 -0.0038
vn 0.9981 -0.0611 -0.0049
vn 0.9974 -0.0378 0.0608
vn 0.7435 -0.2796 -0.6075
vn 0.4194 -0.4131 -0.8084
vn 0.1675 -0.4101 -0.8965
vn -0.0595 -0.9867 0.1514
vn 0.1833 0.9223 -0.3402
vn -0.0005 -0.0101 0.9999
vn -0.0477 0.9192 -0.3908
vn 0.0178 0.9883 -0.1517
vn 0.2539 -0.9440 0.2107
vn -0.0004 -0.0077 1.0000
vn 0.0237 -0.9150 0.4027
vn -0.1306 -0.9278 0.3494
vn 0.1399 0.9857 -0.0943
vn -0.4929 -0.5725 0.6552
vn 0.0886 0.9959 0.0160
vn -0.0804 -0.9758 0.2034
vn -0.0428 0.9771 -0.2085
vn 0.8816 -0.1963 -0.4293
vn -0.2754 -0.0272 -0.9609
vn 0.1782 -0.7271 0.6630
vn -0.7709 -0.1861 -0.6092
vn -0.9707 0.1124 -0.2125
vn -0.0458 0.9801 -0.1934
vn 0.2937 0.9553 -0.0353
vn 0.1133 -0.9538 0.2781
vn -0.1544 -0.8613 0.4842
vn -0.0086 -0.9986 0.0520
vn 0.0464 0.9832 -0.1767
vn 0.0367 0.9886 -0.1460
vn 0.1486 -0.9884 0.0305
vn -0.1894 0.9815 -0.0292
vn 0.0509 0.9818 -0.1827
vn 0.2882 0.9340 -0.2114
vn -0.0248 -0.9975 -0.0656
vn -0.3390 0.2190 0.9149
vn -0.6512 0.2046 0.7308
vn -0.7494 -0.0705 0.6584
vn -0.9989 0.0115 -0.0454
vn -0.9730 -0.0400 -0.2271
vn 0.9977 -0.0539 -0.0423
vn 0.9933 -0.0033 0.1153
vn -0.0822 0.0470 0.9955
vn 0.7610 0.0979 0.6413
vn 0.3400 0.2013 0.9186
vn 0.2522 0.3686 0.8947
vn 0.4594 0.3225 0.8276
vn 0.8695 0.0966 0.4843
vn 0.9954 -0.0636 -0.0710
vn 0.9969 -0.0516 -0.0595
vn -0.9955 0.0661 -0.0681
vn -0.9949 0.0681 -0.0746
vn -0.7848 0.2324 0.5746
vn -0.4411 0.4101 0.7983
vn -0.2037 0.4199 0.8844
vn -0.1820 0.9598 -0.2138
vn -0.2171 -0.9387 0.2679
vn 0.0904 0.0519 -0.9945
vn 0.0689 -0.8565 0.5115
vn -0.0458 -0.9590 0.2796
vn 0.0601 0.9955 -0.0734
vn -0.0827 0.0299 -0.9961
vn 0.0206 0.9900 -0.1398
vn 0.0893 0.9830 -0.1603
vn -0.2055 -0.9780 0.0369
vn 0.1227 0.9140 -0.3867
vn -0.0867 -0.9905 -0.1063
vn 0.0652 0.9949 -0.0766
vn -0.0158 -0.9540 0.2993
vn -0.8535 0.1631 0.4949
vn -0.1793 0.0169 0.9837
vn 0.1203 0.9182 -0.3774
vn 0.6690 0.2808 0.6881
vn 0.9937 -0.1099 0.0214
vn -0.6951 -0.6167 0.3695
vn -0.9275 -0.2879 0.2387
vn 0.7666 -0.0414 -0.6408
vn -0.0690 -0.9822 0.1747
vn 0.0412 -0.9937 0.1044
vn -0.7119 0.0220 -0.7019
vn 0.7965 -0.2073 0.5679
vn -0.6963 0.0486 -0.7161
vn -0.2165 -0.9553 -0.2015
vn 0.7272 0.0480 -0.6847
vn 0.4448 -0.8839 -0.1443
vn -0.1134 -0.9233 0.3671
vn -0.0166 -0.9112 0.4117
vn 0.0868 -0.9841 -0.1550
vn -0.1541 -0.9876 -0.0305
vn -0.0782 -0.7963 0.5999
vn 0.0295 -0.9318 0.3618
vn -0.0589 -0.4420 -0.8951
vn -0.0248 -0.9996 0.0094
vn -0.0881 0.9228 0.3751
vn 0.1254 0.8876 0.4432
vn 0.1481 0.9667 0.2088
vn -0.4274 -0.1155 -0.8966
vn 0.1971 -0.7867 -0.5850
vn -0.0600 0.9933 0.0992
vn -0.0851 -0.9961 0.0252
vn -0.0540 -0.9985 -0.0000
vn 0.0500 -0.8399 -0.5405
vn 0.0487 -0.9880 -0.1465
vn -0.0563 -0.9982 0.0200
vn -0.1523 -0.9775 -0.1458
vn -0.0539 -0.9977 0.0404
vn -0.0998 -0.9865 -0.1296
vn 0.1505 -0.9825 -0.1093
vn -0.0533 -0.9864 -0.1554
vn -0.0063 -0.9874 -0.1582
vn 0.0216 0.9998 -0.0027
vn 0.3587 -0.2166 0.9080
vn 0.7240 -0.1755 0.6671
vn 0.9776 -0.0135 0.2099
vn 0.9987 0.0259 -0.0429
vn 0.9999 0.0154 -0.0024
vn -0.9963 0.0682 0.0514
vn -0.9957 0.0781 0.0508
vn 0.4259 -0.0687 0.9021
vn -0.6331 -0.0361 0.7732
vn -0.2467 -0.1432 0.9585
vn -0.2287 -0.3634 0.9031
vn -0.4375 -0.3121 0.8433
vn -0.8899 -0.0039 0.4562
vn -0.9960 0.0696 -0.0559
vn -0.9981 0.0617 0.0031
vn 0.9981 -0.0611 0.0049
vn 0.9974 -0.0378 -0.0608
vn 0.7435 -0.2796 0.6075
vn 0.4194 -0.4131 0.8084
vn 0.1675 -0.4101 0.8965
vn -0.1005 -0.9823 -0.1579
vn 0.1833 0.9223 0.3402
vn -0.0441 0.8959 0.4421
vn 0.0178 0.9883 0.1517
vn -0.0252 -0.9788 -0.2034
vn 0.0237 -0.9150 -0.4027
vn -0.1223 -0.9069 -0.4031
vn 0.1399 0.9857 0.0943
vn -0.4929 -0.5725 -0.6552
vn 0.0886 0.9959 -0.0160
vn -0.0804 -0.9758 -0.2034
vn -0.0428 0.9771 0.2085
vn 0.8816 -0.1963 0.4293
vn 0.4260 -0.6269 -0.6523
vn -0.7523 -0.1716 0.6361
vn -0.9149 0.1546 0.3730
vn -0.0458 0.9801 0.1934
vn 0.2937 0.9553 0.0353
vn 0.1395 -0.8572 -0.4958
vn -0.1544 -0.8613 -0.4842
vn -0.0959 -0.9349 -0.3417
vn 0.0464 0.9832 0.1767
vn -0.0005 0.9852 0.1713
vn 0.1486 -0.9884 -0.0305
vn -0.1619 0.9856 0.0487
vn 0.0520 0.9986 0.0063
vn 0.0671 0.9356 0.3467
vn 0.2892 0.9370 0.1959
vn 0.0551 0.9980 0.0322
vn -0.1938 0.9610 0.1971
vn 0.0539 0.9978 0.0380
vn -0.0145 0.9893 0.1454
vn 0.0524 0.9953 0.0816
vn 0.3802 0.9201 0.0946
vn 0.0530 0.9813 0.1851
vn 0.2882 0.9340 0.2114
vn 0.0750 -0.9962 0.0444
vn -0.2369 0.2539 -0.9378
vn -0.6512 0.2046 -0.7308
vn -0.7494 -0.0705 -0.6584
vn -0.9993 0.0357 -0.0086
vn -0.9973 0.0087 0.0733
vn 0.9977 -0.0539 0.0423
vn 0.9933 -0.0033 -0.1153
vn -0.0822 0.0470 -0.9955
vn 0.6867 0.0799 -0.7225
vn 0.2664 0.1818 -0.9466
vn 0.2371 0.3564 -0.9037
vn 0.4730 0.3333 -0.8156
vn 0.8695 0.0966 -0.4843
vn 0.9954 -0.0636 0.0710
vn 0.9969 -0.0549 0.0564
vn -0.9955 0.0661 0.0681
vn -0.9951 0.0598 0.0793
vn -0.5841 0.3944 -0.7094
vn -0.4411 0.4101 -0.7983
vn -0.2037 0.4199 -0.8844
vn -0.1716 0.9605 0.2192
vn -0.2171 -0.9387 -0.2679
vn 0.0904 0.0519 0.9945
vn 0.0621 -0.8150 -0.5761
vn -0.2406 -0.9329 -0.2679
vn 0.2514 0.9597 0.1257
vn -0.0176 0.0078 0.9998
vn 0.0206 0.9900 0.1398
vn 0.0897 0.9832 0.1591
vn -0.2055 -0.9780 -0.0369
vn 0.1227 0.9140 0.3867
vn -0.0867 -0.9905 0.1063
vn 0.0652 0.9949 0.0766
vn -0.0158 -0.9540 -0.2993
vn -0.8535 0.1631 -0.4949
vn -0.7398 -0.0712 -0.6691
vn 0.1344 0.9144 0.3818
vn 0.6690 0.2808 -0.6881
vn 0.9384 -0.1648 -0.3038
vn -0.6951 -0.6167 -0.3695
vn -0.9275 -0.2879 -0.2387
vn 0.9164 -0.2225 0.3327
vn -0.0690 -0.9822 -0.1747
vn 0.0387 -0.9818 -0.1857
vn 0.0240 -0.1001 0.9947
vn 0.4031 -0.2841 -0.8699
vn -0.6963 0.0486 0.7161
vn -0.2165 -0.9553 0.2015
vn 0.7272 0.0480 0.6847
vn 0.1887 -0.9347 0.3010
vn -0.2479 -0.9204 -0.3024
vn -0.0166 -0.9112 -0.4117
vn 0.1667 -0.9855 -0.0321
vn -0.1541 -0.9876 0.0305
vn -0.1310 -0.8027 -0.5819
vn 0.0295 -0.9318 -0.3618
vn -0.0615 -0.4605 0.8855
vn -0.0536 -0.9984 -0.0200
vn -0.0881 0.9228 -0.3751
vn 0.1386 0.9243 -0.3557
vn 0.1481 0.9667 -0.2088
vn -0.0687 -0.9258 0.3717
vn 0.1971 -0.7867 0.5850
vn -0.0600 0.9933 -0.0992
vn -0.0851 -0.9961 -0.0252
vn -0.0671 -0.9458 0.3177
vn -0.1523 -0.9775 0.1458
vn -0.0570 -0.9976 -0.0404
vn 0.0487 -0.9880 0.1465
vn -0.0540 -0.9983 -0.0200
vn -0.0073 -0.9915 0.1298
vn -0.2952 -0.9499 0.1024
vn -0.0533 -0.9864 0.1554
vn -0.0471 -0.9873 0.1515
vn 0.0216 0.9998 0.0027
vn 0.2293 -0.1747 -0.9576
vn 0.6190 -0.1603 -0.7689
vn 0.7138 0.1091 -0.6918
vn 0.9987 0.0259 0.0429
vn 0.9999 0.0154 0.0024
vn -0.9965 0.0836 0.0003
vn -0.9930 0.1124 0.0357
vn 0.3438 -0.0436 -0.9380
vn -0.6331 -0.0361 -0.7732
vn -0.2467 -0.1432 -0.9585
vn -0.2287 -0.3634 -0.9031
vn -0.4375 -0.3121 -0.8433
vn -0.8899 -0.0039 -0.4562
vn -0.9955 0.0755 0.0572
vn -0.9981 0.0617 -0.0031
vn 0.9980 -0.0623 -0.0040
vn 0.9963 -0.0525 0.0685
vn 0.7269 -0.2629 -0.6344
vn 0.4000 -0.3634 -0.8414
vn 0.1811 -0.4391 -0.8800
vn -0.1005 -0.9823 0.1579
vn 0.1545 0.9801 -0.1244
vn -0.0441 0.8959 -0.4421
vn 0.0592 0.9622 -0.2657
vn -0.0252 -0.9788 0.2034
vn 0.0297 -0.9366 0.3490
vn -0.1223 -0.9069 0.4031
vn 0.0721 0.9938 -0.0844
vn -0.5026 -0.5657 0.6537
vn 0.0543 0.9980 0.0315
vn -0.3556 -0.9104 0.2117
vn -0.0368 0.9829 -0.1804
vn 0.8780 -0.1846 -0.4417
vn 0.4260 -0.6269 0.6523
vn -0.7523 -0.1716 -0.6361
vn -0.9149 0.1546 -0.3730
vn 0.3804 0.9119 -0.1544
vn 0.2711 0.9613 -0.0486
vn 0.1395 -0.8572 0.4958
vn -0.1350 -0.8046 0.5783
vn -0.0959 -0.9349 0.3417
vn 0.1769 0.9450 -0.2751
vn -0.0005 0.9852 -0.1713
vn 0.0620 -0.9966 0.0536
vn -0.1619 0.9856 -0.0487
vn 0.0520 0.9986 -0.0063
vn -0.0666 0.8402 -0.5382
vn -0.1938 0.9610 -0.1971
vn 0.0548 0.9978 -0.0380
vn 0.2892 0.9370 -0.1959
vn 0.0539 0.9980 -0.0322
vn 0.1150 0.9821 -0.1494
vn 0.0524 0.9729 -0.2251
vn -0.2398 0.9658 -0.0986
vn 0.0530 0.9812 -0.1855
vn 0.2815 0.9352 -0.2150
vn 0.0750 -0.9962 -0.0444
vn -0.2369 0.2539 0.9378
vn -0.6973 0.2154 0.6836
vn -0.9857 0.0396 0.1636
vn -0.9993 0.0357 0.0086
vn -0.9973 0.0087 -0.0733
vn 0.9993 -0.0280 0.0232
vn 0.9985 -0.0454 0.0320
vn 0.0028 0.0226 0.9997
vn 0.6867 0.0799 0.7225
vn 0.2664 0.1818 0.9466
vn 0.2371 0.3564 0.9037
vn 0.4730 0.3333 0.8156
vn 0.9175 -0.0053 0.3978
vn 0.9966 -0.0518 -0.0637
vn 0.9969 -0.0549 -0.0564
vn -0.9952 0.0684 -0.0706
vn -0.9951 0.0598 -0.0793
vn -0.5841 0.3944 0.7094
vn -0.4370 0.4061 0.8026
vn -0.1796 0.3958 0.9006
vn -0.1716 0.9605 -0.2192
vn -0.2322 -0.8531 0.4673
vn -0.0621 0.0160 -0.9979
vn 0.0621 -0.8150 0.5761
vn -0.2406 -0.9329 0.2679
vn 0.2514 0.9597 -0.1257
vn -0.0176 0.0078 -0.9998
vn 0.0272 0.9869 -0.1587
vn 0.0897 0.9832 -0.1591
vn -0.2699 -0.9616 0.0503
vn -0.0289 0.9025 -0.4298
vn -0.2286 -0.9713 -0.0662
vn -0.1382 0.9821 -0.1279
vn -0.0053 -0.9427 0.3337
vn -0.8838 0.1959 0.4248
vn -0.7398 -0.0712 0.6691
vn 0.1344 0.9144 -0.3818
vn 0.8131 0.1231 0.5689
vn 0.9384 -0.1648 0.3038
vn 0.1735 -0.9504 0.2582
vn -0.5149 -0.3339 0.7895
vn 0.9164 -0.2225 -0.3327
vn -0.0687 -0.9804 0.1844
vn 0.0387 -0.9818 0.1857
vn 0.0240 -0.1001 -0.9947
vn 0.4031 -0.2841 0.8699
vn -0.9245 -0.1421 -0.3537
vn -0.2606 -0.9493 -0.1759
vn 0.1518 -0.0423 -0.9875
vn 0.1887 -0.9347 -0.3010
vn -0.2479 -0.9204 0.3024
vn 0.0285 -0.9135 0.4058
vn 0.1667 -0.9855 0.0321
vn -0.1710 -0.9783 0.1171
vn -0.1310 -0.8027 0.5819
vn 0.1515 -0.9371 0.3145
vn -0.0615 -0.4605 -0.8855
vt 0.777778 1.000000
vt 0.722222 1.000000
vt 0.888889 0.951094
vt 0.944444 0.951094
vt -0.000000 0.951094
vt 0.055555 0.951094
vt 0.861111 0.951094
vt 0.861111 0.951094
vt 0.111111 1.000000
vt 0.055555 1.000000
vt 0.944444 1.000000
vt 0.888889 1.000000
vt 0.777778 0.951094
vt 0.833333 0.951094
vt 0.277778 1.000000
vt 0.222222 1.000000
vt 0.833333 1.000000
vt 0.722222 0.951094
vt 0.055555 0.500000
vt 0.111111 0.500000
vt 0.111111 0.951094
vt 0.138889 0.500000
vt 0.138889 0.951094
vt 0.166666 0.500000
vt 0.222222 0.951094
vt 0.222222 0.500000
vt 0.277778 0.951094
vt 0.277778 0.500000
vt 0.777778 0.500000
vt 0.833333 0.500000
vt 0.861111 0.500000
vt 0.888889 0.500000
vt 0.944444 0.500000
vt 1.000000 0.951094
vt 1.000000 0.500000
vt 1.000000 1.000000
vt 0.861111 1.000000
vt 0.166666 1.000000
vt 0.138889 1.000000
vt -0.000000 1.000000
vt 0.000000 0.000000
vt 0.166666 0.951094
vt 0.861111 1.000000
vt 0.138889 1.000000
vt -0.000000 0.500000
vt 0.722222 0.500000
s 0
usemtl Material.002
f 804/190/1268 834/191/1268 806/191/1268
f 837/192/1269 811/193/1269 810/192/1269
f 812/194/1270 849/195/1270 827/195/1270
f 859/196/1271 810/192/1271 857/197/1271
f 821/198/1272 845/199/1272 823/199/1272
f 828/200/1273 800/201/1273 798/200/1273
f 835/202/1274 809/203/1274 808/202/1274
f 839/204/1275 817/205/1275 815/204/1275
f 798/200/1276 817/205/1276 821/198/1276
f 802/206/1277 833/190/1277 804/190/1277
f 841/207/1278 808/202/1278 807/207/1278
f 822/208/1279 812/194/1279 827/195/1279
f 820/209/1280 827/195/1280 826/210/1280
f 850/211/1281 826/210/1281 852/212/1281
f 818/213/1282 824/214/1282 816/215/1282
f 816/215/1283 813/216/1283 814/217/1283
f 803/218/1284 807/207/1284 808/202/1284
f 801/219/1285 808/202/1285 809/203/1285
f 855/220/1286 809/203/1286 857/197/1286
f 799/221/1287 811/193/1287 797/222/1287
f 797/222/1288 812/223/1288 795/224/1288
f 838/193/1289 829/225/1289 830/223/1289
f 837/192/1290 828/200/1290 838/193/1290
f 836/203/1291 858/226/1291 859/196/1291
f 836/203/1292 833/190/1292 832/206/1292
f 841/207/1293 833/190/1293 835/202/1293
f 840/216/1294 842/205/1294 839/204/1294
f 846/214/1295 843/227/1295 842/205/1295
f 854/212/1296 844/198/1296 853/228/1296
f 848/210/1297 845/199/1297 844/198/1297
f 849/195/1298 829/229/1298 845/199/1298
f 842/205/1299 819/227/1299 817/205/1299
f 827/195/1300 848/210/1300 826/210/1300
f 813/230/1301 839/230/1301 815/230/1301
f 838/193/1302 812/223/1302 811/193/1302
f 852/212/1303 847/231/1303 825/231/1303
f 858/226/1304 802/206/1304 856/232/1304
f 806/230/1305 841/230/1305 807/230/1305
f 796/229/1306 828/200/1306 798/200/1306
f 845/199/1307 796/229/1307 823/199/1307
f 825/231/1308 846/214/1308 824/214/1308
f 851/233/1309 844/198/1309 821/198/1309
f 824/214/1310 840/216/1310 813/216/1310
f 819/227/1311 853/228/1311 851/233/1311
f 826/210/1312 854/212/1312 852/212/1312
f 847/231/1313 853/228/1313 843/227/1313
f 850/211/1314 825/231/1314 818/213/1314
f 831/201/1315 856/232/1315 800/201/1315
f 859/196/1316 831/201/1316 837/192/1316
f 855/220/1317 810/192/1317 799/221/1317
f 809/203/1318 859/196/1318 857/197/1318
f 876/193/1320 902/192/1320 875/192/1320
f 877/194/1321 914/195/1321 895/194/1321
f 875/192/1322 924/196/1322 922/197/1322
f 873/202/1325 901/203/1325 900/202/1325
f 873/202/1329 906/207/1329 872/207/1329
f 892/195/1330 860/234/1330 887/208/1330
f 885/209/1331 892/195/1331 887/208/1331
f 915/211/1332 891/210/1332 885/209/1332
f 889/214/1333 883/213/1333 881/215/1333
f 878/216/1334 881/215/1334 879/217/1334
f 868/218/1335 872/207/1335 870/235/1335
f 866/219/1336 873/202/1336 868/218/1336
f 920/220/1337 874/203/1337 866/219/1337
f 876/193/1338 864/221/1338 862/222/1338
f 877/223/1339 862/222/1339 860/224/1339
f 892/195/1351 913/210/1351 914/195/1351
f 878/230/1352 904/230/1352 905/230/1352
f 877/223/1353 903/193/1353 876/193/1353
f 890/231/1354 919/212/1354 917/212/1354
f 872/230/1356 899/230/1356 871/230/1356
f 890/231/1359 911/214/1359 912/231/1359
f 889/214/1361 905/216/1361 911/214/1361
f 891/210/1363 919/212/1363 913/210/1363
f 890/231/1365 915/211/1365 883/213/1365
f 875/192/1368 920/220/1368 864/221/1368
f 874/203/1369 924/196/1369 901/203/1369
f 801/219/1370 920/220/1370 866/219/1370
f 815/230/1371 878/230/1371 813/230/1371
f 795/234/1372 887/208/1372 860/234/1372
f 795/224/1373 862/222/1373 797/222/1373
f 805/235/1374 872/207/1374 807/207/1374
f 818/213/1375 915/211/1375 850/211/1375
f 806/230/1376 872/230/1376 871/230/1376
f 820/209/1377 915/211/1377 885/209/1377
f 814/217/1378 878/216/1378 879/217/1378
f 799/221/1379 920/220/1379 855/220/1379
f 801/219/1380 868/218/1380 803/218/1380
f 816/215/1381 879/217/1381 881/215/1381
f 797/222/1382 864/221/1382 799/221/1382
f 822/208/1383 885/209/1383 887/208/1383
f 803/218/1384 870/235/1384 805/235/1384
f 818/213/1385 881/215/1385 883/213/1385
f 806/191/1386 880/204/1386 815/204/1386
f 934/190/1387 964/191/1387 963/190/1387
f 941/193/1388 967/192/1388 940/192/1388
f 942/194/1389 979/195/1389 960/194/1389
f 940/192/1390 989/196/1390 987/197/1390
f 951/198/1391 975/199/1391 974/198/1391
f 930/201/1392 958/200/1392 928/200/1392
f 939/203/1393 965/202/1393 938/202/1393
f 947/205/1394 969/204/1394 945/204/1394
f 953/199/1395 934/190/1395 930/201/1395
f 932/206/1396 963/190/1396 962/206/1396
f 938/202/1397 971/207/1397 937/207/1397
f 952/208/1398 942/194/1398 925/234/1398
f 950/209/1399 957/195/1399 952/208/1399
f 980/211/1400 956/210/1400 950/209/1400
f 954/214/1401 948/213/1401 946/215/1401
f 943/216/1402 946/215/1402 944/217/1402
f 933/218/1403 937/207/1403 935/235/1403
f 931/219/1404 938/202/1404 933/218/1404
f 985/220/1405 939/203/1405 931/219/1405
f 941/193/1406 929/221/1406 927/222/1406
f 942/223/1407 927/222/1407 925/224/1407
f 959/225/1408 968/193/1408 960/223/1408
f 958/200/1409 967/192/1409 968/193/1409
f 988/226/1410 966/203/1410 989/196/1410
f 966/203/1411 963/190/1411 965/202/1411
f 963/190/1412 971/207/1412 965/202/1412
f 970/216/1413 972/205/1413 976/214/1413
f 976/214/1414 973/227/1414 977/231/1414
f 984/212/1415 974/198/1415 978/210/1415
f 978/210/1416 975/199/1416 979/195/1416
f 979/195/1417 959/229/1417 960/194/1417
f 949/227/1418 972/205/1418 947/205/1418
f 957/195/1419 978/210/1419 979/195/1419
f 943/230/1420 969/230/1420 970/230/1420
f 942/223/1421 968/193/1421 941/193/1421
f 982/212/1422 977/231/1422 984/212/1422
f 932/206/1423 988/226/1423 986/232/1423
f 936/230/1424 971/230/1424 964/230/1424
f 926/229/1425 958/200/1425 959/229/1425
f 926/229/1426 975/199/1426 953/199/1426
f 955/231/1427 976/214/1427 977/231/1427
f 981/233/1428 974/198/1428 983/228/1428
f 954/214/1429 970/216/1429 976/214/1429
f 949/227/1430 983/228/1430 973/227/1430
f 956/210/1431 984/212/1431 978/210/1431
f 977/231/1432 983/228/1432 984/212/1432
f 955/231/1433 980/211/1433 948/213/1433
f 986/232/1434 961/201/1434 930/201/1434
f 961/201/1435 989/196/1435 967/192/1435
f 940/192/1436 985/220/1436 929/221/1436
f 939/203/1437 989/196/1437 966/203/1437
f 1032/192/1439 1006/193/1439 1005/192/1439
f 1007/194/1440 1044/195/1440 1022/195/1440
f 1054/196/1441 1005/192/1441 1052/197/1441
f 1003/202/1444 1031/203/1444 1004/203/1444
f 1036/207/1448 1003/202/1448 1002/207/1448
f 990/234/1449 1022/195/1449 1017/208/1449
f 1015/209/1450 1022/195/1450 1021/210/1450
f 1045/211/1451 1021/210/1451 1047/212/1451
f 1013/213/1452 1019/214/1452 1011/215/1452
f 1011/215/1453 1008/216/1453 1009/217/1453
f 998/218/1454 1002/207/1454 1003/202/1454
f 996/219/1455 1003/202/1455 1004/203/1455
f 1050/220/1456 1004/203/1456 1052/197/1456
f 994/221/1457 1006/193/1457 992/222/1457
f 992/222/1458 1007/223/1458 990/224/1458
f 1022/195/1470 1043/210/1470 1021/210/1470
f 1008/230/1471 1034/230/1471 1010/230/1471
f 1033/193/1472 1007/223/1472 1006/193/1472
f 1049/212/1473 1020/231/1473 1047/212/1473
f 1029/230/1475 1002/230/1475 1001/230/1475
f 1020/231/1478 1041/214/1478 1019/214/1478
f 1019/214/1480 1035/216/1480 1008/216/1480
f 1021/210/1482 1049/212/1482 1047/212/1482
f 1045/211/1484 1020/231/1484 1013/213/1484
f 1050/220/1487 1005/192/1487 994/221/1487
f 1004/203/1488 1054/196/1488 1052/197/1488
f 931/219/1489 1050/220/1489 985/220/1489
f 1008/230/1490 945/230/1490 943/230/1490
f 925/234/1491 1017/208/1491 952/208/1491
f 992/222/1492 925/224/1492 927/222/1492
f 1002/207/1493 935/235/1493 937/207/1493
f 1045/211/1494 948/213/1494 980/211/1494
f 936/230/1495 1002/230/1495 937/230/1495
f 950/209/1496 1045/211/1496 980/211/1496
f 944/217/1497 1008/216/1497 943/216/1497
f 1050/220/1498 929/221/1498 985/220/1498
f 998/218/1499 931/219/1499 933/218/1499
f 946/215/1500 1009/217/1500 944/217/1500
f 994/221/1501 927/222/1501 929/221/1501
f 952/208/1502 1015/209/1502 950/209/1502
f 1000/235/1503 933/218/1503 935/235/1503
f 948/213/1504 1011/215/1504 946/215/1504
f 1010/204/1505 936/191/1505 945/204/1505
f 804/190/1506 833/190/1506 834/191/1506
f 837/192/1507 838/193/1507 811/193/1507
f 812/194/1508 830/194/1508 849/195/1508
f 859/196/1509 837/192/1509 810/192/1509
f 821/198/1510 844/198/1510 845/199/1510
f 828/200/1511 831/201/1511 800/201/1511
f 835/202/1512 836/203/1512 809/203/1512
f 839/204/1513 842/205/1513 817/205/1513
f 823/199/1514 796/229/1514 798/200/1514
f 798/200/1515 800/201/1515 856/232/1515
f 856/232/1516 802/206/1516 804/190/1516
f 804/190/1517 806/191/1517 815/204/1517
f 817/205/1518 819/227/1518 851/233/1518
f 804/190/1519 815/204/1519 817/205/1519
f 798/200/1520 856/232/1520 804/190/1520
f 821/198/1514 823/199/1514 798/200/1514
f 817/205/1521 851/233/1521 821/198/1521
f 798/200/1522 804/190/1522 817/205/1522
f 802/206/1523 832/206/1523 833/190/1523
f 841/207/1524 835/202/1524 808/202/1524
f 822/208/1525 795/234/1525 812/194/1525
f 820/209/1526 822/208/1526 827/195/1526
f 850/211/1527 820/209/1527 826/210/1527
f 818/213/1528 825/231/1528 824/214/1528
f 816/215/1529 824/214/1529 813/216/1529
f 803/218/1530 805/235/1530 807/207/1530
f 801/219/1531 803/218/1531 808/202/1531
f 855/220/1532 801/219/1532 809/203/1532
f 799/221/1533 810/192/1533 811/193/1533
f 797/222/1534 811/193/1534 812/223/1534
f 838/193/1535 828/200/1535 829/225/1535
f 837/192/1536 831/201/1536 828/200/1536
f 836/203/1537 832/206/1537 858/226/1537
f 836/203/1538 835/202/1538 833/190/1538
f 841/207/1539 834/191/1539 833/190/1539
f 840/216/1540 846/214/1540 842/205/1540
f 846/214/1541 847/231/1541 843/227/1541
f 854/212/1542 848/210/1542 844/198/1542
f 848/210/1543 849/195/1543 845/199/1543
f 849/195/1544 830/194/1544 829/229/1544
f 842/205/1545 843/227/1545 819/227/1545
f 827/195/1546 849/195/1546 848/210/1546
f 813/230/1301 840/230/1301 839/230/1301
f 838/193/1547 830/223/1547 812/223/1547
f 852/212/1548 854/212/1548 847/231/1548
f 858/226/1549 832/206/1549 802/206/1549
f 806/230/1305 834/230/1305 841/230/1305
f 796/229/1550 829/229/1550 828/200/1550
f 845/199/1551 829/229/1551 796/229/1551
f 825/231/1552 847/231/1552 846/214/1552
f 851/233/1553 853/228/1553 844/198/1553
f 824/214/1554 846/214/1554 840/216/1554
f 819/227/1555 843/227/1555 853/228/1555
f 826/210/1556 848/210/1556 854/212/1556
f 847/231/1557 854/212/1557 853/228/1557
f 850/211/1281 852/212/1281 825/231/1281
f 831/201/1558 858/226/1558 856/232/1558
f 859/196/1559 858/226/1559 831/201/1559
f 855/220/1560 857/197/1560 810/192/1560
f 809/203/1561 836/203/1561 859/196/1561
f 876/193/1563 903/193/1563 902/192/1563
f 877/194/1564 892/195/1564 914/195/1564
f 875/192/1565 902/192/1565 924/196/1565
f 873/202/1568 874/203/1568 901/203/1568
f 873/202/1581 900/202/1581 906/207/1581
f 892/195/1582 877/194/1582 860/234/1582
f 885/209/1583 891/210/1583 892/195/1583
f 915/211/1584 917/212/1584 891/210/1584
f 889/214/1585 890/231/1585 883/213/1585
f 878/216/1586 889/214/1586 881/215/1586
f 868/218/1587 873/202/1587 872/207/1587
f 866/219/1588 874/203/1588 873/202/1588
f 920/220/1589 922/197/1589 874/203/1589
f 876/193/1590 875/192/1590 864/221/1590
f 877/223/1591 876/193/1591 862/222/1591
f 892/195/1603 891/210/1603 913/210/1603
f 878/230/1604 880/230/1604 904/230/1604
f 877/223/1605 895/223/1605 903/193/1605
f 890/231/1606 912/231/1606 919/212/1606
f 872/230/1608 906/230/1608 899/230/1608
f 890/231/1611 889/214/1611 911/214/1611
f 889/214/1613 878/216/1613 905/216/1613
f 891/210/1615 917/212/1615 919/212/1615
f 890/231/1617 917/212/1617 915/211/1617
f 875/192/1620 922/197/1620 920/220/1620
f 874/203/1621 922/197/1621 924/196/1621
f 801/219/1622 855/220/1622 920/220/1622
f 815/230/1623 880/230/1623 878/230/1623
f 795/234/1624 822/208/1624 887/208/1624
f 795/224/1625 860/224/1625 862/222/1625
f 805/235/1626 870/235/1626 872/207/1626
f 818/213/1627 883/213/1627 915/211/1627
f 806/230/1628 807/230/1628 872/230/1628
f 820/209/1629 850/211/1629 915/211/1629
f 814/217/1630 813/216/1630 878/216/1630
f 799/221/1631 864/221/1631 920/220/1631
f 801/219/1632 866/219/1632 868/218/1632
f 816/215/1633 814/217/1633 879/217/1633
f 797/222/1634 862/222/1634 864/221/1634
f 822/208/1635 820/209/1635 885/209/1635
f 803/218/1636 868/218/1636 870/235/1636
f 818/213/1637 816/215/1637 881/215/1637
f 806/191/1638 871/191/1638 880/204/1638
f 934/190/1639 936/191/1639 964/191/1639
f 941/193/1640 968/193/1640 967/192/1640
f 942/194/1641 957/195/1641 979/195/1641
f 940/192/1642 967/192/1642 989/196/1642
f 951/198/1643 953/199/1643 975/199/1643
f 930/201/1644 961/201/1644 958/200/1644
f 939/203/1645 966/203/1645 965/202/1645
f 947/205/1646 972/205/1646 969/204/1646
f 928/200/1514 926/229/1514 953/199/1514
f 953/199/1647 951/198/1647 981/233/1647
f 981/233/1648 949/227/1648 947/205/1648
f 947/205/1649 945/204/1649 936/191/1649
f 934/190/1650 932/206/1650 986/232/1650
f 947/205/1651 936/191/1651 934/190/1651
f 953/199/1652 981/233/1652 947/205/1652
f 930/201/1514 928/200/1514 953/199/1514
f 934/190/1653 986/232/1653 930/201/1653
f 953/199/1654 947/205/1654 934/190/1654
f 932/206/1655 934/190/1655 963/190/1655
f 938/202/1656 965/202/1656 971/207/1656
f 952/208/1657 957/195/1657 942/194/1657
f 950/209/1658 956/210/1658 957/195/1658
f 980/211/1659 982/212/1659 956/210/1659
f 954/214/1660 955/231/1660 948/213/1660
f 943/216/1661 954/214/1661 946/215/1661
f 933/218/1662 938/202/1662 937/207/1662
f 931/219/1663 939/203/1663 938/202/1663
f 985/220/1664 987/197/1664 939/203/1664
f 941/193/1665 940/192/1665 929/221/1665
f 942/223/1666 941/193/1666 927/222/1666
f 959/225/1667 958/200/1667 968/193/1667
f 958/200/1668 961/201/1668 967/192/1668
f 988/226/1669 962/206/1669 966/203/1669
f 966/203/1670 962/206/1670 963/190/1670
f 963/190/1671 964/191/1671 971/207/1671
f 970/216/1672 969/204/1672 972/205/1672
f 976/214/1673 972/205/1673 973/227/1673
f 984/212/1674 983/228/1674 974/198/1674
f 978/210/1675 974/198/1675 975/199/1675
f 979/195/1676 975/199/1676 959/229/1676
f 949/227/1677 973/227/1677 972/205/1677
f 957/195/1678 956/210/1678 978/210/1678
f 943/230/1420 945/230/1420 969/230/1420
f 942/223/1679 960/223/1679 968/193/1679
f 982/212/1680 955/231/1680 977/231/1680
f 932/206/1681 962/206/1681 988/226/1681
f 936/230/1424 937/230/1424 971/230/1424
f 926/229/1682 928/200/1682 958/200/1682
f 926/229/1683 959/229/1683 975/199/1683
f 955/231/1684 954/214/1684 976/214/1684
f 981/233/1685 951/198/1685 974/198/1685
f 954/214/1686 943/216/1686 970/216/1686
f 949/227/1687 981/233/1687 983/228/1687
f 956/210/1688 982/212/1688 984/212/1688
f 977/231/1689 973/227/1689 983/228/1689
f 955/231/1659 982/212/1659 980/211/1659
f 986/232/1690 988/226/1690 961/201/1690
f 961/201/1691 988/226/1691 989/196/1691
f 940/192/1692 987/197/1692 985/220/1692
f 939/203/1693 987/197/1693 989/196/1693
f 1032/192/1695 1033/193/1695 1006/193/1695
f 1007/194/1696 1025/194/1696 1044/195/1696
f 1054/196/1697 1032/192/1697 1005/192/1697
f 1003/202/1700 1030/202/1700 1031/203/1700
f 1036/207/1713 1030/202/1713 1003/202/1713
f 990/234/1714 1007/194/1714 1022/195/1714
f 1015/209/1715 1017/208/1715 1022/195/1715
f 1045/211/1716 1015/209/1716 1021/210/1716
f 1013/213/1717 1020/231/1717 1019/214/1717
f 1011/215/1718 1019/214/1718 1008/216/1718
f 998/218/1719 1000/235/1719 1002/207/1719
f 996/219/1720 998/218/1720 1003/202/1720
f 1050/220/1721 996/219/1721 1004/203/1721
f 994/221/1722 1005/192/1722 1006/193/1722
f 992/222/1723 1006/193/1723 1007/223/1723
f 1022/195/1735 1044/195/1735 1043/210/1735
f 1008/230/1736 1035/230/1736 1034/230/1736
f 1033/193/1737 1025/223/1737 1007/223/1737
f 1049/212/1738 1042/231/1738 1020/231/1738
f 1029/230/1740 1036/230/1740 1002/230/1740
f 1020/231/1743 1042/231/1743 1041/214/1743
f 1019/214/1745 1041/214/1745 1035/216/1745
f 1021/210/1747 1043/210/1747 1049/212/1747
f 1045/211/1749 1047/212/1749 1020/231/1749
f 1050/220/1752 1052/197/1752 1005/192/1752
f 1004/203/1753 1031/203/1753 1054/196/1753
f 931/219/1754 996/219/1754 1050/220/1754
f 1008/230/1755 1010/230/1755 945/230/1755
f 925/234/1756 990/234/1756 1017/208/1756
f 992/222/1757 990/224/1757 925/224/1757
f 1002/207/1758 1000/235/1758 935/235/1758
f 1045/211/1759 1013/213/1759 948/213/1759
f 936/230/1760 1001/230/1760 1002/230/1760
f 950/209/1761 1015/209/1761 1045/211/1761
f 944/217/1762 1009/217/1762 1008/216/1762
f 1050/220/1763 994/221/1763 929/221/1763
f 998/218/1764 996/219/1764 931/219/1764
f 946/215/1765 1011/215/1765 1009/217/1765
f 994/221/1766 992/222/1766 927/222/1766
f 952/208/1767 1017/208/1767 1015/209/1767
f 1000/235/1768 998/218/1768 933/218/1768
f 948/213/1769 1013/213/1769 1011/215/1769
f 1010/204/1770 1001/191/1770 936/191/1770
usemtl Material.004
f 869/190/1319 899/191/1319 898/190/1319
f 886/198/1323 910/199/1323 909/198/1323
f 865/201/1324 893/200/1324 863/200/1324
f 882/205/1326 904/204/1326 880/204/1326
f 888/199/1327 869/190/1327 865/201/1327
f 867/206/1328 898/190/1328 897/206/1328
f 894/225/1340 903/193/1340 895/223/1340
f 893/200/1341 902/192/1341 903/193/1341
f 924/196/1342 897/206/1342 901/203/1342
f 901/203/1343 898/190/1343 900/202/1343
f 898/190/1344 906/207/1344 900/202/1344
f 905/216/1345 907/205/1345 911/214/1345
f 907/205/1346 912/231/1346 911/214/1346
f 918/228/1347 913/210/1347 919/212/1347
f 913/210/1348 910/199/1348 914/195/1348
f 914/195/1349 894/229/1349 895/194/1349
f 884/227/1350 907/205/1350 882/205/1350
f 867/206/1355 923/226/1355 921/232/1355
f 861/229/1357 893/200/1357 894/229/1357
f 861/229/1358 910/199/1358 888/199/1358
f 916/233/1360 909/198/1360 918/228/1360
f 884/227/1362 918/228/1362 908/227/1362
f 912/231/1364 918/228/1364 919/212/1364
f 921/232/1366 896/201/1366 865/201/1366
f 902/192/1367 923/226/1367 924/196/1367
f 999/190/1438 1029/191/1438 1001/191/1438
f 1016/198/1442 1040/199/1442 1018/199/1442
f 1023/200/1443 995/201/1443 993/200/1443
f 1034/204/1445 1012/205/1445 1010/204/1445
f 993/200/1446 1012/205/1446 1016/198/1446
f 997/206/1447 1028/190/1447 999/190/1447
f 1033/193/1459 1024/225/1459 1025/223/1459
f 1032/192/1460 1023/200/1460 1033/193/1460
f 1054/196/1461 1027/206/1461 1053/226/1461
f 1031/203/1462 1028/190/1462 1027/206/1462
f 1036/207/1463 1028/190/1463 1030/202/1463
f 1035/216/1464 1037/205/1464 1034/204/1464
f 1042/231/1465 1037/205/1465 1041/214/1465
f 1043/210/1466 1048/228/1466 1049/212/1466
f 1043/210/1467 1040/199/1467 1039/198/1467
f 1044/195/1468 1024/229/1468 1040/199/1468
f 1037/205/1469 1014/227/1469 1012/205/1469
f 1053/226/1474 997/206/1474 1051/232/1474
f 991/229/1476 1023/200/1476 993/200/1476
f 1040/199/1477 991/229/1477 1018/199/1477
f 1046/233/1479 1039/198/1479 1016/198/1479
f 1014/227/1481 1048/228/1481 1046/233/1481
f 1042/231/1483 1048/228/1483 1038/227/1483
f 1026/201/1485 1051/232/1485 995/201/1485
f 1032/192/1486 1053/226/1486 1026/201/1486
f 869/190/1562 871/191/1562 899/191/1562
f 886/198/1566 888/199/1566 910/199/1566
f 865/201/1567 896/201/1567 893/200/1567
f 882/205/1569 907/205/1569 904/204/1569
f 863/200/1570 861/229/1570 888/199/1570
f 888/199/1571 886/198/1571 916/233/1571
f 916/233/1572 884/227/1572 882/205/1572
f 882/205/1573 880/204/1573 871/191/1573
f 869/190/1574 867/206/1574 921/232/1574
f 882/205/1575 871/191/1575 869/190/1575
f 888/199/1576 916/233/1576 882/205/1576
f 865/201/1577 863/200/1577 888/199/1577
f 869/190/1578 921/232/1578 865/201/1578
f 888/199/1579 882/205/1579 869/190/1579
f 867/206/1580 869/190/1580 898/190/1580
f 894/225/1592 893/200/1592 903/193/1592
f 893/200/1593 896/201/1593 902/192/1593
f 924/196/1594 923/226/1594 897/206/1594
f 901/203/1595 897/206/1595 898/190/1595
f 898/190/1596 899/191/1596 906/207/1596
f 905/216/1597 904/204/1597 907/205/1597
f 907/205/1598 908/227/1598 912/231/1598
f 918/228/1599 909/198/1599 913/210/1599
f 913/210/1600 909/198/1600 910/199/1600
f 914/195/1601 910/199/1601 894/229/1601
f 884/227/1602 908/227/1602 907/205/1602
f 867/206/1607 897/206/1607 923/226/1607
f 861/229/1609 863/200/1609 893/200/1609
f 861/229/1610 894/229/1610 910/199/1610
f 916/233/1612 886/198/1612 909/198/1612
f 884/227/1614 916/233/1614 918/228/1614
f 912/231/1616 908/227/1616 918/228/1616
f 921/232/1618 923/226/1618 896/201/1618
f 902/192/1619 896/201/1619 923/226/1619
f 999/190/1694 1028/190/1694 1029/191/1694
f 1016/198/1698 1039/198/1698 1040/199/1698
f 1023/200/1699 1026/201/1699 995/201/1699
f 1034/204/1701 1037/205/1701 1012/205/1701
f 1018/199/1702 991/229/1702 993/200/1702
f 993/200/1703 995/201/1703 1051/232/1703
f 1051/232/1704 997/206/1704 999/190/1704
f 999/190/1705 1001/191/1705 1010/204/1705
f 1012/205/1706 1014/227/1706 1046/233/1706
f 999/190/1707 1010/204/1707 1012/205/1707
f 993/200/1708 1051/232/1708 999/190/1708
f 1016/198/1709 1018/199/1709 993/200/1709
f 1012/205/1710 1046/233/1710 1016/198/1710
f 993/200/1711 999/190/1711 1012/205/1711
f 997/206/1712 1027/206/1712 1028/190/1712
f 1033/193/1724 1023/200/1724 1024/225/1724
f 1032/192/1725 1026/201/1725 1023/200/1725
f 1054/196/1726 1031/203/1726 1027/206/1726
f 1031/203/1727 1030/202/1727 1028/190/1727
f 1036/207/1728 1029/191/1728 1028/190/1728
f 1035/216/1729 1041/214/1729 1037/205/1729
f 1042/231/1730 1038/227/1730 1037/205/1730
f 1043/210/1731 1039/198/1731 1048/228/1731
f 1043/210/1732 1044/195/1732 1040/199/1732
f 1044/195/1733 1025/194/1733 1024/229/1733
f 1037/205/1734 1038/227/1734 1014/227/1734
f 1053/226/1739 1027/206/1739 997/206/1739
f 991/229/1741 1024/229/1741 1023/200/1741
f 1040/199/1742 1024/229/1742 991/229/1742
f 1046/233/1744 1048/228/1744 1039/198/1744
f 1014/227/1746 1038/227/1746 1048/228/1746
f 1042/231/1748 1049/212/1748 1048/228/1748
f 1026/201/1750 1053/226/1750 1051/232/1750
f 1032/192/1751 1054/196/1751 1053/226/1751
