# Blender 5.1.2
# www.blender.org
mtllib Giant_anim_walking.mtl
o Cube
v -0.304696 -0.418942 0.000000
v -0.214320 1.209917 0.000000
v -0.214320 1.209917 0.000000
v -0.409822 0.717758 0.000000
v -0.190023 -0.256856 -0.949028
v -0.100361 1.339039 0.000000
v 0.270126 1.504610 -0.001760
v 0.159479 1.468678 -0.097820
v 0.072315 1.477849 -0.138145
v -0.055336 1.402415 -0.112862
v -0.085101 1.399088 0.000000
v -0.422588 1.454693 -0.078093
v -0.401477 1.823738 -0.114329
v -0.070924 1.478075 -0.117056
v 0.053667 1.816610 -0.103229
v -0.419577 1.432513 0.000000
v -0.401934 1.838622 -0.000000
v -0.023958 1.831321 -0.137840
v 0.054658 1.834151 0.000000
v -0.435608 1.641528 -0.160913
v 0.046068 1.639791 -0.123790
v 0.097138 1.700938 0.000000
v -0.458424 1.607637 0.000000
v -0.418910 1.745862 -0.135122
v 0.054543 1.744944 -0.123091
v 0.073045 1.730179 0.000000
v -0.435025 1.734771 0.000000
v -0.436390 1.615130 -0.154517
v -0.008694 1.523059 -0.113170
v 0.172183 1.644112 -0.000000
v -0.457078 1.540094 0.000000
v -0.177493 1.381172 -0.129496
v -0.365161 1.357182 -0.109685
v -0.266339 1.863093 -0.174188
v -0.106129 1.847653 -0.173423
v -0.266306 1.864231 0.000000
v -0.105576 1.880990 0.000000
v -0.198946 1.345533 0.000000
v -0.374177 1.331961 0.000000
v -0.269937 1.657261 -0.237639
v -0.107119 1.658101 -0.240643
v -0.267630 1.761589 -0.218960
v -0.107741 1.758945 -0.219606
v -0.299180 1.523854 -0.203095
v -0.128102 1.536575 -0.217010
v -0.024634 1.858930 0.000000
v -0.021776 1.650764 -0.194687
v -0.021895 1.753008 -0.178029
v -0.053622 1.542339 -0.175904
v -0.083158 1.448264 -0.131529
v 0.019707 1.523971 -0.139945
v 0.099827 1.511914 -0.100715
v 0.234330 1.585271 -0.000166
v -0.082656 1.343346 -0.094934
v 0.245082 1.504473 -0.074802
v -0.071000 1.399250 -0.056757
v -0.401705 1.831180 -0.057164
v -0.421083 1.442123 -0.036249
v 0.054162 1.825380 -0.051614
v 0.065942 1.671236 -0.057393
v -0.444493 1.640392 -0.095012
v 0.063794 1.738456 -0.061545
v -0.426967 1.740316 -0.037687
v -0.444268 1.617099 -0.090980
v 0.106851 1.589880 -0.074656
v -0.369669 1.344571 -0.054843
v -0.188241 1.363288 -0.064752
v -0.105852 1.864321 -0.086712
v -0.266322 1.863662 -0.087094
v -0.024296 1.845125 -0.068920
v 0.174457 1.541003 -0.059676
v -0.490565 1.548041 0.000000
v -0.492380 1.543032 0.000000
v -0.488916 1.549091 -0.028420
v -0.490730 1.544314 -0.027502
v -0.451338 1.660206 -0.035673
v -0.428202 1.662954 -0.162579
v -0.429865 1.541050 -0.153688
v -0.451277 1.544666 -0.024685
v -0.445507 1.655998 -0.090128
v -0.434511 1.657287 -0.168506
v -0.435423 1.601364 -0.180798
v -0.445307 1.604730 -0.085220
v -0.103972 1.683864 -0.247479
v -0.010268 1.674188 -0.265409
v -0.114829 1.542856 -0.230388
v -0.027473 1.546771 -0.247424
v -0.204385 -0.222432 -0.923761
v -0.219851 -0.302050 -0.955874
v -0.234214 -0.267626 -0.930607
v -0.347734 -0.807912 -0.983641
v -0.347734 -0.807912 -0.983641
v -0.347734 -0.807912 -0.983641
v -0.347734 -0.807912 -0.983641
v -0.347734 -0.807912 -0.983641
v -0.347734 -0.807912 -0.983641
v -0.347734 -0.807912 -0.983641
v -0.347734 -0.807912 -0.983641
v -0.347734 -0.807912 -0.983641
v -0.236481 1.204168 -0.451538
v 0.347165 1.240704 -0.484805
v -0.251818 1.188020 0.000788
v 0.435448 1.269449 -0.001264
v 0.145600 1.398926 -0.559207
v -0.063852 1.347832 -0.193597
v 0.336578 1.392788 -0.003750
v 0.108857 1.453147 -0.251903
v -0.098708 1.340233 -0.001895
v 0.259853 1.345379 -0.185718
v 0.268672 1.506239 -0.000000
v 0.160845 1.470397 -0.102890
v 0.073187 1.477587 -0.139619
v -0.053879 1.402367 -0.112348
v -0.248408 1.197078 -0.246839
v 0.384259 1.219042 -0.242259
v 0.293951 1.340882 -0.136507
v -0.083614 1.342819 -0.095037
v -0.070914 1.399668 -0.056469
v -0.236510 1.205271 -0.451538
v 0.289173 -0.254022 -0.524185
v 0.347391 1.242635 -0.484815
v -0.251652 1.186967 0.000558
v 0.415203 -0.277008 0.000000
v 0.421270 1.199495 0.000574
v -0.301785 0.798572 -0.515197
v 0.272592 0.773745 -0.497656
v 0.317663 0.239815 -0.402212
v 0.516953 0.675762 0.004054
v 0.346432 0.171172 0.000000
v 0.017991 -0.225080 -0.551294
v 0.146123 1.398903 -0.559207
v -0.023920 0.223673 -0.537500
v 0.012757 0.787728 -0.575779
v -0.339572 0.215904 -0.375214
v -0.248546 -0.294618 -0.472117
v -0.305792 -0.387546 -0.000000
v -0.331761 0.211730 -0.381089
v -0.424091 0.720731 0.002202
v -0.391766 0.181754 -0.000000
v 0.366145 -0.586157 -0.000000
v 0.186903 -0.616746 -0.287994
v -0.304226 -0.409010 -0.245498
v -0.290690 -0.550034 -0.000000
v -0.054789 -0.572145 -0.000000
v -0.165349 -0.626945 -0.126580
v 0.031262 -0.766198 -0.565849
v -0.152984 -0.656360 -0.637060
v -0.370834 -0.545610 -0.457085
v -0.027047 -0.823103 -0.324650
v -0.421576 -0.564101 -0.232535
v -0.249902 -0.726324 -0.209420
v -0.233872 -0.979337 -0.507627
v -0.385359 -0.886123 -0.582902
v -0.574083 -0.825626 -0.486402
v -0.241761 -1.003604 -0.320460
v -0.580112 -0.843140 -0.316595
v -0.395489 -0.934735 -0.234217
v -0.269147 1.084821 -0.544717
v 0.306166 1.034744 -0.536983
v 0.467090 0.937235 0.004631
v -0.070879 1.217719 -0.618768
v 0.111128 1.080003 -0.942411
v 0.397248 1.114718 -0.897012
v 0.494687 1.059503 -0.755953
v 0.345287 0.898771 -0.610785
v 0.081586 0.891479 -0.605980
v -0.043933 1.006551 -0.800159
v 0.062046 0.615831 -1.088745
v 0.297370 0.616010 -1.091321
v 0.450940 0.578301 -0.888115
v 0.322533 0.522669 -0.671783
v 0.054567 0.544018 -0.648038
v -0.031040 0.595192 -0.877115
v 0.082288 0.245137 -1.110417
v 0.338182 0.163497 -1.114152
v 0.409675 0.087016 -0.962609
v 0.316282 0.090562 -0.804508
v 0.114432 0.146471 -0.742431
v 0.022678 0.243869 -0.934783
v 0.011520 0.076161 -1.140963
v 0.194988 -0.015854 -1.143366
v 0.267421 -0.096205 -0.985044
v 0.170204 -0.088659 -0.820808
v -0.041869 0.010620 -0.810644
v -0.129430 0.111481 -1.002535
v 0.429884 0.161854 -0.952657
v 0.341384 0.236783 -1.111596
v 0.122746 0.224784 -0.728844
v 0.330370 0.155982 -0.783536
v 0.075099 0.318473 -1.110699
v 0.021565 0.300128 -0.928567
v -0.389123 -0.872122 -0.236686
v -0.554152 -0.764733 -0.308390
v -0.211931 -0.943565 -0.512376
v -0.214605 -0.936518 -0.317882
v -0.378100 -0.858397 -0.584093
v -0.545462 -0.759969 -0.483809
v 0.347029 0.877033 -1.021278
v 0.074075 0.833420 -1.059060
v -0.045478 0.803518 -0.839760
v 0.063572 0.727842 -0.622990
v 0.333722 0.729835 -0.634992
v 0.493757 0.841629 -0.823606
v -0.248415 1.197072 -0.246848
v 0.351044 -0.270064 -0.262092
v 0.384387 1.221074 -0.242319
v 0.332098 0.205600 -0.201106
v 0.398838 0.725836 -0.247735
v -0.273602 -0.330679 -0.236059
v -0.360473 0.196978 -0.190545
v 0.281964 -0.589482 -0.143997
v -0.294170 -0.463400 -0.122749
v -0.092656 -0.558523 -0.091772
v 0.389103 0.987242 -0.267165
v -0.277000 0.991423 -0.541755
v -0.278217 0.894225 -0.538198
v 0.292946 0.946957 -0.523874
v 0.281621 0.860163 -0.510765
v 0.483409 0.850285 0.004621
v 0.500057 0.763114 0.004387
v -0.042379 1.075076 -0.604673
v -0.018609 0.932220 -0.594290
v 0.444408 1.005688 -0.707564
v 0.394549 0.952191 -0.659175
v -0.002432 0.968111 -0.735432
v 0.039717 0.929613 -0.670706
v 0.408287 0.559648 -0.816004
v 0.365437 0.541159 -0.743893
v -0.002877 0.578028 -0.800757
v 0.025335 0.560881 -0.724397
v 0.378369 0.088088 -0.909909
v 0.347184 0.089247 -0.857208
v 0.052874 0.211500 -0.870666
v 0.083625 0.178498 -0.806548
v 0.234934 -0.093645 -0.930299
v 0.202545 -0.091119 -0.875554
v -0.100563 0.077846 -0.938572
v -0.071339 0.044140 -0.874608
v 0.363461 0.157947 -0.839910
v 0.396670 0.159975 -0.896283
v 0.055694 0.275256 -0.861993
v 0.089536 0.250397 -0.795419
v 0.386724 0.766923 -0.697864
v 0.440310 0.804307 -0.760735
v -0.009242 0.778308 -0.767504
v 0.026994 0.753098 -0.695247
v 0.391804 0.899840 -0.260417
v 0.394977 0.812638 -0.253842
v -0.278514 1.159582 -0.483107
v -0.326444 1.120056 -0.508659
v 0.334720 1.173710 -0.502204
v 0.321244 1.104473 -0.519593
v 0.436090 1.111066 0.002738
v 0.451130 1.023635 0.004238
v 0.001398 1.254081 -0.598915
v 0.429786 1.096460 -0.849993
v 0.462287 1.078100 -0.802973
v 0.007595 1.031217 -0.847576
v 0.348735 0.603363 -1.023586
v 0.399917 0.590768 -0.955850
v -0.000312 0.602015 -0.947659
v 0.361850 0.137656 -1.063638
v 0.385727 0.112288 -1.013123
v 0.042538 0.245477 -0.993328
v 0.218796 -0.042791 -1.090592
v 0.243003 -0.069574 -1.037818
v -0.082485 0.099837 -1.048678
v 0.039104 0.306027 -0.989277
v 0.400498 0.186876 -1.005637
v 0.371007 0.211808 -1.058617
v 0.444719 0.853306 -0.889497
v 0.395874 0.865169 -0.955387
v -0.005627 0.813485 -0.912860
v 0.386030 1.143169 -0.250460
v 0.387607 1.065181 -0.258730
v 0.008152 0.079167 -1.140963
v 0.189591 -0.016560 -1.143366
v 0.258710 -0.099289 -0.985044
v 0.160420 -0.089095 -0.820808
v -0.049409 0.016899 -0.810644
v -0.132788 0.117771 -1.002535
v -0.185931 -0.182020 -1.199153
v -0.030322 -0.294552 -1.235085
v 0.016554 -0.344243 -1.067532
v -0.017553 -0.364735 -0.972640
v -0.190023 -0.256856 -0.949028
v -0.244373 -0.184335 -1.036971
v 0.225947 -0.095891 -0.930299
v -0.104995 0.084147 -0.938572
v -0.077202 0.050523 -0.874608
v 0.007062 -0.345948 -1.008611
v -0.224379 -0.203384 -0.980366
v -0.204385 -0.222432 -0.923761
v 0.212630 -0.044136 -1.090592
v 0.235670 -0.071712 -1.037818
v -0.085808 0.104903 -1.048678
v -0.014697 -0.311116 -1.179234
v 0.000929 -0.327679 -1.123383
v -0.224892 -0.183563 -1.091032
v -0.185931 -0.182020 -1.199153
v -0.030322 -0.294552 -1.235085
v 0.016554 -0.344243 -1.067532
v -0.017553 -0.364735 -0.972640
v -0.190023 -0.256856 -0.949028
v -0.244373 -0.184335 -1.036971
v 0.007062 -0.345948 -1.008611
v -0.234635 -0.337078 -0.869419
v -0.224379 -0.203384 -0.980366
v -0.204385 -0.222432 -0.923761
v -0.014697 -0.311116 -1.179234
v 0.000929 -0.327679 -1.123383
v -0.224892 -0.183563 -1.091032
v -0.215760 -0.227213 -1.205999
v -0.068690 -0.363059 -1.197823
v -0.030908 -0.398175 -1.025408
v -0.045310 -0.404272 -1.023611
v -0.219851 -0.302050 -0.955874
v -0.234214 -0.267626 -0.930607
v -0.032956 -0.383945 -1.124722
v -0.015088 -0.394388 -1.088172
v -0.254721 -0.228757 -1.097878
v -0.274202 -0.229528 -1.043817
v -0.022248 -0.389727 -1.050669
v -0.254208 -0.248577 -0.987212
v -0.050823 -0.373502 -1.161273
v -0.526169 -0.562309 -1.006955
v -0.491174 -0.626009 -1.034302
v -0.223623 -0.790184 -1.012261
v -0.103945 -0.702329 -0.939201
v -0.174698 -0.624058 -0.936668
v -0.413623 -0.514497 -0.922128
v -0.461479 -0.513521 -0.962303
v -0.101462 -0.773355 -0.981437
v -0.070758 -0.773692 -0.963415
v -0.543529 -0.530747 -0.993506
v -0.073069 -0.743552 -0.951144
v -0.512367 -0.517053 -0.977952
v -0.136695 -0.781240 -0.996585
v -0.328522 -0.454377 -0.999763
v -0.084712 -0.581607 -0.991380
v -0.135667 -0.659927 -1.176360
v -0.165911 -0.664442 -1.213796
v -0.408623 -0.427118 -0.995241
v -0.105423 -0.655411 -1.138923
v -0.075180 -0.650896 -1.101487
v -0.440156 -0.462972 -1.148206
v -0.456827 -0.439542 -1.113106
v -0.078357 -0.627800 -1.064785
v -0.081535 -0.604703 -1.028082
v -0.406814 -0.509833 -1.218407
v -0.420688 -0.437739 -1.074775
v -0.272426 -0.394336 -0.878093
v -0.051291 -0.523848 -0.963912
v -0.016124 -0.473755 -0.899335
v -0.259097 -0.535416 -0.841512
v -0.453161 -0.663766 -0.909195
v -0.431480 -0.697246 -0.929053
v -0.276411 -0.794532 -0.924200
v -0.210260 -0.752953 -0.871589
v -0.251746 -0.708247 -0.864793
v -0.391473 -0.646341 -0.854756
v -0.419627 -0.641128 -0.878613
v -0.206817 -0.788832 -0.901378
v -0.189725 -0.791152 -0.890645
v -0.463912 -0.647166 -0.899411
v -0.191686 -0.775292 -0.881062
v -0.444503 -0.641193 -0.887776
v -0.226622 -0.791511 -0.911608
v -0.117521 -0.618332 -0.896455
v -0.234902 -0.498758 -0.835959
v -0.095007 -0.586262 -0.855112
v -0.174536 -0.899430 -0.533009
v -0.380069 -0.884407 -0.612047
v -0.588193 -0.896595 -0.510722
v -0.175214 -0.937620 -0.336483
v -0.586506 -0.915791 -0.332425
v -0.373678 -0.932938 -0.245928
v -0.083408 -1.198763 -0.563059
v -0.248990 -1.161115 -0.661250
v -0.488318 -1.160421 -0.547412
v -0.084176 -1.217065 -0.363367
v -0.486239 -1.191414 -0.332217
v -0.275566 -1.221061 -0.254096
v -0.093650 -1.594623 -0.552454
v -0.256505 -1.588192 -0.635899
v -0.432316 -1.598375 -0.586725
v -0.093331 -1.595597 -0.388655
v -0.432863 -1.599763 -0.384737
v -0.262019 -1.595047 -0.318586
v -0.071559 -1.853435 -0.564687
v -0.265077 -1.860481 -0.677077
v -0.438197 -1.855155 -0.700896
v -0.068172 -1.854425 -0.390722
v -0.444030 -1.857957 -0.332995
v -0.269854 -1.861120 -0.335829
v -0.713862 -1.794344 -0.410754
v -0.704637 -1.797151 -0.570866
v -0.749580 -1.850001 -0.416945
v -0.733038 -1.851198 -0.638718
v -0.601196 -1.857505 -0.380263
v -0.592972 -1.857458 -0.691464
v -0.576807 -1.749928 -0.408786
v -0.574029 -1.751701 -0.607957
v 0.290856 0.569463 -0.461030
v 0.452092 0.483726 0.001869
v -0.311704 0.583394 -0.461480
v -0.000819 0.570844 -0.561089
v -0.396858 0.509700 0.001558
v 0.373384 0.527128 -0.230515
v -0.398599 0.252609 -0.164589
v -0.463812 0.751630 -0.245636
v -0.433430 0.540104 -0.214535
v -0.338794 0.954372 0.002479
v -0.393875 1.426038 -0.102377
v -0.396877 1.397677 0.000000
v -0.333908 1.843415 -0.144258
v -0.334120 1.851427 -0.000000
v -0.349070 1.660107 -0.200109
v -0.343270 1.753725 -0.177041
v -0.364522 1.532452 -0.178392
v -0.395376 1.417809 -0.059430
v -0.334014 1.847421 -0.072129
v -0.038973 -0.681424 -0.696356
v 0.086540 0.007353 -0.518387
v 0.136565 -0.697038 -0.626465
v 0.241225 -0.016585 -0.480507
v 0.230763 -0.677206 -0.507455
v 0.378861 -0.036057 -0.454967
v 0.347123 -0.775783 -0.305297
v 0.475286 -0.079501 -0.264416
v 0.348139 -0.842955 -0.131799
v 0.460365 -0.104753 -0.051248
v 0.341426 -0.969938 0.040832
v 0.459747 -0.098270 0.073046
v 0.449871 -0.177104 0.073652
v 0.449800 -0.180302 -0.059127
v 0.462056 -0.166382 -0.290549
v 0.363716 -0.124766 -0.407358
v 0.226154 -0.106887 -0.525446
v 0.071486 -0.082845 -0.566457
v -0.328873 -0.062686 0.042670
v -0.364247 -0.871412 0.040871
v -0.320002 0.009302 0.041877
v -0.398207 -0.790456 -0.131799
v -0.317032 0.007822 -0.051248
v -0.396162 -0.722486 -0.305297
v -0.314589 0.045501 -0.264416
v -0.272313 -0.644641 -0.557531
v -0.202028 0.060917 -0.473228
v -0.213436 -0.663129 -0.626465
v -0.067632 0.034613 -0.480507
v -0.326684 -0.063607 -0.059127
v -0.324691 -0.035579 -0.290549
v -0.203485 -0.020586 -0.407358
v -0.079678 -0.054169 -0.525446
v 0.265653 0.001095 -0.534550
v 0.091545 0.031454 -0.576178
v 0.075774 -0.058397 -0.617923
v 0.419795 -0.028261 -0.456309
v 0.524232 -0.081082 -0.284884
v 0.504730 -0.109748 -0.057641
v 0.504695 -0.105286 0.073046
v 0.494009 -0.184931 -0.066460
v 0.510582 -0.167305 -0.297479
v 0.403306 -0.117002 -0.494562
v 0.248504 -0.088151 -0.573924
v -0.362133 0.017724 0.041877
v -0.373006 -0.055507 0.042670
v 0.494549 -0.182778 0.073652
v -0.358896 0.017344 -0.057601
v -0.358436 0.061121 -0.284884
v -0.236270 0.081838 -0.456309
v -0.082302 0.059401 -0.534550
v -0.370120 -0.055068 -0.066502
v -0.371125 -0.021194 -0.312256
v -0.246215 -0.003279 -0.494562
v -0.095191 -0.029181 -0.580249
v -0.323548 -0.565888 -0.284105
v -0.256370 0.054228 -0.418604
v -0.265414 -0.027917 -0.348953
v -0.296196 0.072216 -0.395635
v -0.306949 -0.010763 -0.428448
v 0.296658 -0.612285 -0.263764
v 0.427319 -0.059243 -0.418604
v 0.412539 -0.144785 -0.270366
v 0.471987 -0.055411 -0.395635
v 0.456837 -0.142970 -0.428448
v -0.037733 -0.665801 -0.782092
v 0.076512 0.099178 -0.497533
v 0.179336 -0.691088 -0.701884
v 0.234817 0.080368 -0.460477
v 0.300205 -0.684359 -0.557077
v 0.371854 0.061029 -0.427504
v 0.418869 -0.785657 -0.351480
v 0.477125 0.018571 -0.257347
v 0.419909 -0.853329 -0.140936
v 0.465779 -0.024243 -0.049404
v 0.413877 -0.980165 0.038476
v 0.466436 -0.031109 0.107691
v 0.485976 -0.222396 0.116122
v 0.492230 -0.233726 -0.068123
v 0.461791 -0.229243 -0.338630
v 0.397090 -0.183526 -0.443704
v 0.247279 -0.150257 -0.588689
v 0.055982 -0.121016 -0.641405
v -0.374109 -0.098870 0.089449
v -0.437444 -0.866764 0.052063
v -0.312238 0.072395 0.075161
v -0.472285 -0.784035 -0.131227
v -0.310347 0.076195 -0.049769
v -0.474042 -0.713954 -0.341830
v -0.306278 0.122493 -0.257334
v -0.337526 -0.629826 -0.610353
v -0.197869 0.130821 -0.440127
v -0.251672 -0.643956 -0.701374
v -0.081494 0.116116 -0.457910
v -0.387664 -0.113601 -0.062099
v -0.384970 -0.105686 -0.335040
v -0.286937 -0.086289 -0.449497
v -0.134989 -0.098593 -0.589634
v 0.278935 0.090160 -0.567537
v 0.083580 0.115887 -0.615038
v 0.061443 -0.079957 -0.700529
v 0.451041 0.062634 -0.471726
v 0.584404 -0.011836 -0.301045
v 0.560796 -0.054020 -0.064451
v 0.550251 -0.060299 0.115830
v 0.541847 -0.232715 -0.074819
v 0.559223 -0.220827 -0.325457
v 0.437338 -0.148345 -0.559030
v 0.263424 -0.114017 -0.649813
v -0.402046 0.063197 0.084282
v -0.423615 -0.090792 0.086236
v 0.531455 -0.224725 0.116950
v -0.408705 0.071169 -0.064568
v -0.416298 0.123535 -0.300401
v -0.262735 0.158670 -0.468427
v -0.110499 0.139168 -0.563631
v -0.436666 -0.098225 -0.074311
v -0.453417 -0.078558 -0.342088
v -0.316570 -0.045847 -0.559726
v -0.142650 -0.059539 -0.656663
v -0.372285 -0.566632 -0.354692
v -0.231936 0.121736 -0.387187
v -0.331077 -0.096619 -0.396870
v -0.345425 0.140260 -0.414294
v -0.384671 -0.066186 -0.477521
v 0.318676 -0.616200 -0.348043
v 0.414627 0.035677 -0.386256
v 0.430304 -0.191350 -0.334040
v 0.521624 0.023423 -0.413754
v 0.498029 -0.188984 -0.474654
v -0.411487 -0.202071 1.000140
v 0.160198 1.468679 0.096450
v 0.072473 1.477887 0.137960
v -0.055336 1.402415 0.112862
v -0.422588 1.454693 0.078093
v -0.401477 1.823738 0.114329
v -0.070924 1.478075 0.117056
v 0.053667 1.816610 0.103229
v -0.023958 1.831321 0.137840
v -0.435608 1.641528 0.160913
v 0.046068 1.639791 0.123790
v -0.418910 1.745862 0.135122
v 0.054543 1.744944 0.123091
v -0.436390 1.615130 0.154517
v -0.008694 1.523059 0.113170
v -0.177493 1.381172 0.129496
v -0.365161 1.357182 0.109685
v -0.266339 1.863093 0.174188
v -0.106129 1.847653 0.173423
v -0.269937 1.657261 0.237639
v -0.107119 1.658101 0.240643
v -0.267630 1.761589 0.218960
v -0.107741 1.758945 0.219606
v -0.299180 1.523854 0.203095
v -0.128102 1.536575 0.217010
v -0.021776 1.650764 0.194687
v -0.021895 1.753008 0.178029
v -0.053622 1.542339 0.175904
v -0.083158 1.448264 0.131529
v 0.019707 1.523971 0.139945
v 0.099827 1.511914 0.100715
v -0.082656 1.343346 0.094934
v 0.245214 1.505018 0.072389
v -0.071000 1.399250 0.056757
v -0.401705 1.831180 0.057164
v -0.421083 1.442123 0.036249
v 0.054162 1.825380 0.051614
v 0.065942 1.671236 0.057393
v -0.444493 1.640392 0.095012
v 0.063794 1.738456 0.061545
v -0.426967 1.740316 0.037687
v -0.444268 1.617099 0.090980
v 0.106851 1.589880 0.074656
v -0.369669 1.344571 0.054843
v -0.188241 1.363288 0.064752
v -0.105852 1.864321 0.086712
v -0.266322 1.863662 0.087094
v -0.024296 1.845125 0.068920
v 0.174457 1.541003 0.059676
v -0.488916 1.549091 0.028420
v -0.490730 1.544314 0.027502
v -0.451338 1.660206 0.035673
v -0.428202 1.662954 0.162579
v -0.429865 1.541050 0.153688
v -0.451277 1.544666 0.024685
v -0.445507 1.655998 0.090128
v -0.434511 1.657287 0.168506
v -0.435423 1.601364 0.180798
v -0.445307 1.604730 0.085220
v -0.103972 1.683864 0.247479
v -0.010268 1.674188 0.265409
v -0.114829 1.542856 0.230388
v -0.027473 1.546771 0.247424
v -0.422222 -0.167160 0.973765
v -0.445852 -0.243669 1.008369
v -0.456587 -0.208758 0.981993
v -0.625715 -0.732307 1.052004
v -0.625715 -0.732307 1.052004
v -0.625715 -0.732307 1.052004
v -0.625715 -0.732307 1.052004
v -0.625715 -0.732307 1.052004
v -0.625715 -0.732307 1.052004
v -0.625715 -0.732307 1.052004
v -0.625715 -0.732307 1.052004
v -0.625715 -0.732307 1.052004
v -0.235798 1.245760 0.452173
v 0.349311 1.255443 0.482819
v 0.157543 1.427455 0.546197
v -0.056515 1.362749 0.185514
v 0.121106 1.462381 0.236889
v 0.263732 1.347789 0.178615
v 0.170438 1.468860 0.088783
v 0.084213 1.481144 0.125134
v -0.046856 1.408612 0.104335
v -0.248834 1.223687 0.248258
v 0.384700 1.222108 0.242146
v 0.295818 1.343966 0.130055
v -0.078034 1.350844 0.088775
v -0.064409 1.403866 0.048992
v -0.235353 1.245174 0.451590
v 0.290518 -0.238216 0.524184
v 0.349786 1.251187 0.483754
v -0.312652 0.822239 0.523610
v 0.243513 0.779827 0.508654
v 0.316929 0.239874 0.402408
v 0.017886 -0.225007 0.551294
v 0.159173 1.426990 0.546610
v -0.024324 0.223866 0.537587
v -0.013247 0.813512 0.585499
v -0.341234 0.217330 0.377210
v -0.254014 -0.304569 0.472117
v -0.334851 0.211290 0.381089
v 0.286201 -0.555455 0.287994
v -0.276462 -0.510248 0.245498
v -0.028770 -0.679295 0.126580
v 0.236842 -0.711104 0.565849
v 0.028461 -0.691674 0.637060
v -0.223118 -0.697184 0.457085
v 0.226289 -0.789895 0.324650
v -0.264500 -0.729995 0.232535
v -0.019484 -0.801795 0.209419
v 0.124902 -1.052521 0.507627
v -0.065570 -1.020501 0.582902
v -0.266119 -1.016948 0.486401
v 0.122341 -1.087902 0.320460
v -0.266105 -1.036225 0.316595
v -0.062385 -1.069481 0.234217
v -0.274253 1.130860 0.550716
v 0.287276 1.042372 0.547330
v -0.068696 1.263898 0.617773
v 0.086810 1.128091 0.947133
v 0.375951 1.118294 0.906687
v 0.466802 1.044511 0.769939
v 0.303425 0.900940 0.626106
v 0.043363 0.925996 0.616211
v -0.073651 1.072508 0.805058
v -0.038488 0.682769 1.109317
v 0.192820 0.645451 1.117233
v 0.342104 0.576353 0.919083
v 0.210246 0.532530 0.702158
v -0.049612 0.595076 0.671548
v -0.129695 0.668616 0.896455
v -0.085680 0.283839 1.145812
v 0.159584 0.172932 1.154114
v 0.222262 0.083240 1.005788
v 0.130365 0.092935 0.847151
v -0.063373 0.171583 0.781729
v -0.144481 0.284096 0.969909
v -0.176072 0.116821 1.181732
v -0.003449 0.006024 1.187726
v 0.059828 -0.086334 1.032475
v -0.036093 -0.073278 0.867783
v -0.236284 0.048352 0.853553
v -0.312557 0.162931 1.041788
v 0.252810 0.159103 0.994843
v 0.173489 0.251422 1.150157
v -0.038600 0.262726 0.765683
v 0.154429 0.160543 0.825093
v -0.076682 0.378146 1.142888
v -0.128901 0.363329 0.960505
v -0.068209 -1.003421 0.236686
v -0.267578 -0.962817 0.308390
v 0.133619 -0.996826 0.512376
v 0.129358 -1.009041 0.317882
v -0.060742 -0.991533 0.584092
v -0.261263 -0.955515 0.483809
v 0.285380 0.893500 1.038906
v 0.008344 0.894667 1.071816
v -0.110559 0.874947 0.851016
v -0.009957 0.773843 0.639629
v 0.257192 0.734623 0.657779
v 0.428606 0.828050 0.846236
v -0.248800 1.221064 0.248127
v 0.354363 -0.250609 0.262092
v 0.385070 1.219282 0.242750
v 0.332098 0.205600 0.201106
v 0.389197 0.724728 0.254862
v -0.280688 -0.353219 0.236059
v -0.364699 0.196147 0.190545
v 0.344654 -0.538437 0.143997
v -0.273496 -0.531726 0.122749
v -0.017526 -0.588129 0.091772
v 0.381084 0.986045 0.275945
v -0.286148 1.032636 0.550780
v -0.289674 0.927432 0.547841
v 0.264683 0.953793 0.536246
v 0.249578 0.866922 0.523332
v -0.050847 1.118952 0.611494
v -0.040001 0.971589 0.605199
v 0.410210 0.996826 0.722693
v 0.355629 0.949037 0.674661
v -0.036235 1.024406 0.742756
v 0.003680 0.974771 0.680003
v 0.298232 0.561583 0.846772
v 0.254251 0.547042 0.774465
v -0.103245 0.644175 0.821479
v -0.076761 0.619727 0.746503
v 0.191402 0.086265 0.952891
v 0.160700 0.089441 0.900006
v -0.117933 0.246402 0.907153
v -0.090619 0.208893 0.844439
v 0.027776 -0.081961 0.977575
v -0.004181 -0.077596 0.922679
v -0.287452 0.124693 0.979028
v -0.261997 0.086456 0.916282
v 0.187096 0.159987 0.881668
v 0.219955 0.159615 0.938258
v -0.098245 0.330193 0.895604
v -0.068103 0.296666 0.830666
v 0.312956 0.765512 0.720861
v 0.370994 0.796873 0.783572
v -0.077474 0.841470 0.780630
v -0.044388 0.807994 0.710243
v 0.382471 0.898731 0.269355
v 0.385288 0.811718 0.262218
v -0.279694 1.203168 0.485567
v -0.329586 1.167535 0.513085
v 0.331908 1.182774 0.505606
v 0.311835 1.113387 0.526949
v 0.005648 1.294945 0.595744
v 0.406523 1.094286 0.861044
v 0.436877 1.069816 0.815450
v -0.020569 1.091538 0.852236
v 0.242699 0.622280 1.051182
v 0.292450 0.599227 0.985131
v -0.099518 0.673409 0.967402
v 0.180235 0.142535 1.104641
v 0.201207 0.112840 1.055211
v -0.125069 0.284132 1.028540
v 0.017310 -0.024953 1.135953
v 0.038461 -0.055711 1.084207
v -0.267092 0.147641 1.088438
v -0.111696 0.368488 1.021300
v 0.226463 0.189819 1.046616
v 0.200014 0.220513 1.098384
v 0.380423 0.849464 0.910453
v 0.332902 0.871482 0.974680
v -0.070925 0.881520 0.924616
v 0.383340 1.141617 0.254954
v 0.381829 1.063816 0.266332
v -0.179071 0.117412 1.181627
v -0.008594 0.003423 1.187398
v 0.051280 -0.091060 1.031914
v -0.045669 -0.075915 0.867263
v -0.243324 0.050991 0.853357
v -0.315437 0.166065 1.041791
v -0.399227 -0.120139 1.247762
v -0.256138 -0.247073 1.287535
v -0.214957 -0.306691 1.121732
v -0.251162 -0.326529 1.027481
v -0.411487 -0.202071 1.000140
v -0.457845 -0.121516 1.085633
v 0.018964 -0.086011 0.977030
v -0.291399 0.127707 0.978980
v -0.267362 0.089349 0.916168
v -0.224667 -0.309274 1.062878
v -0.440034 -0.144338 1.029699
v -0.422222 -0.167160 0.973765
v 0.011364 -0.028071 1.135570
v 0.031322 -0.059565 1.083742
v -0.269982 0.149847 1.088403
v -0.242411 -0.266946 1.232267
v -0.228684 -0.286818 1.176999
v -0.438306 -0.121057 1.139676
v -0.399227 -0.120139 1.247762
v -0.256138 -0.247073 1.287535
v -0.214957 -0.306691 1.121732
v -0.251162 -0.326529 1.027481
v -0.411487 -0.202071 1.000140
v -0.457845 -0.121516 1.085633
v -0.224667 -0.309274 1.062878
v -0.464341 -0.279702 0.923047
v -0.440034 -0.144338 1.029699
v -0.422222 -0.167160 0.973765
v -0.242411 -0.266946 1.232267
v -0.228684 -0.286818 1.176999
v -0.438306 -0.121057 1.139676
v -0.433592 -0.161736 1.255991
v -0.301495 -0.312360 1.252405
v -0.267847 -0.356697 1.081262
v -0.282809 -0.361315 1.079635
v -0.445852 -0.243669 1.008369
v -0.456588 -0.208758 0.981993
v -0.268246 -0.339175 1.180070
v -0.251621 -0.352583 1.143902
v -0.472671 -0.162655 1.147905
v -0.492211 -0.163114 1.093862
v -0.258315 -0.348398 1.106257
v -0.474399 -0.185936 1.037928
v -0.284870 -0.325768 1.216238
v -0.777545 -0.468827 1.067170
v -0.749337 -0.534924 1.096593
v -0.500388 -0.726707 1.080265
v -0.372320 -0.654175 1.004656
v -0.434534 -0.569076 0.999506
v -0.660762 -0.435731 0.981062
v -0.708192 -0.428494 1.021101
v -0.377187 -0.723691 1.049137
v -0.346713 -0.727800 1.031189
v -0.791542 -0.436073 1.052692
v -0.345889 -0.697990 1.017960
v -0.759147 -0.426203 1.036765
v -0.413026 -0.727375 1.064466
v -0.569737 -0.382366 1.056894
v -0.340529 -0.534514 1.052999
v -0.399080 -0.601164 1.240288
v -0.429571 -0.601308 1.277796
v -0.646568 -0.347065 1.051365
v -0.368589 -0.601020 1.202780
v -0.338097 -0.600876 1.165272
v -0.681428 -0.374547 1.205338
v -0.695621 -0.350636 1.169480
v -0.338908 -0.578755 1.127848
v -0.339718 -0.556635 1.090423
v -0.653041 -0.422367 1.277054
v -0.659550 -0.353831 1.131175
v -0.507880 -0.332404 0.933473
v -0.301312 -0.481456 1.023764
v -0.261217 -0.437384 0.957687
v -0.509383 -0.475198 0.901427
v -0.715661 -0.580403 0.972820
v -0.697556 -0.615310 0.993772
v -0.553479 -0.728333 0.992294
v -0.483437 -0.695571 0.938503
v -0.520048 -0.647024 0.930213
v -0.652578 -0.571245 0.917962
v -0.679998 -0.562369 0.941592
v -0.483705 -0.730647 0.969425
v -0.466965 -0.735075 0.958801
v -0.724639 -0.563093 0.962493
v -0.467277 -0.719411 0.948715
v -0.704731 -0.559549 0.950708
v -0.503665 -0.730920 0.979700
v -0.377135 -0.570624 0.959233
v -0.481509 -0.441457 0.894753
v -0.351465 -0.542409 0.916929
v 0.142586 -1.030254 0.533008
v -0.063247 -1.020156 0.612047
v -0.271020 -1.037322 0.510722
v 0.142822 -1.068450 0.336483
v -0.268874 -1.056472 0.332425
v -0.055696 -1.068520 0.245927
v 0.240853 -1.327320 0.563059
v 0.074417 -1.293646 0.661250
v -0.164859 -1.298681 0.547412
v 0.240523 -1.345635 0.363367
v -0.162038 -1.329616 0.332217
v 0.049284 -1.354212 0.254096
v 0.240090 -1.723312 0.552454
v 0.077128 -1.720781 0.635899
v -0.098389 -1.735170 0.586725
v 0.240432 -1.724279 0.388655
v -0.098903 -1.736571 0.384737
v 0.071779 -1.727766 0.318586
v 0.268369 -1.981522 0.564687
v 0.075076 -1.993197 0.677077
v -0.098122 -1.992017 0.700896
v 0.271780 -1.982430 0.390722
v -0.103887 -1.994958 0.332995
v 0.070316 -1.993951 0.335829
v -0.375164 -1.937822 0.410754
v -0.365874 -1.940407 0.570866
v -0.409539 -1.994317 0.416945
v -0.392974 -1.995119 0.638718
v -0.261018 -1.998268 0.380263
v -0.252798 -1.998024 0.691464
v -0.239212 -1.890138 0.408786
v -0.236392 -1.891843 0.607957
v 0.274984 0.571923 0.467377
v -0.320108 0.594625 0.466984
v -0.016195 0.581974 0.567304
v 0.365834 0.526414 0.234096
v -0.398966 0.252859 0.165028
v -0.469554 0.762269 0.250953
v -0.436437 0.543383 0.218172
v -0.393875 1.426038 0.102377
v -0.333908 1.843415 0.144258
v -0.349070 1.660107 0.200109
v -0.343270 1.753725 0.177041
v -0.364522 1.532452 0.178392
v -0.395376 1.417809 0.059430
v -0.334014 1.847421 0.072129
v -0.036475 -0.682514 0.696356
v 0.074017 0.015049 0.518387
v 0.141456 -0.696812 0.626465
v 0.232875 -0.004601 0.480506
v 0.236681 -0.675584 0.507455
v 0.373308 -0.020839 0.454967
v 0.356500 -0.772534 0.305297
v 0.472724 -0.064163 0.264416
v 0.358430 -0.840179 0.131799
v 0.458762 -0.092089 0.051248
v 0.352962 -0.968148 -0.040832
v 0.458278 -0.087019 -0.073046
v 0.449902 -0.164672 -0.073652
v 0.449871 -0.168039 0.059127
v 0.461763 -0.152557 0.290549
v 0.361061 -0.111747 0.407358
v 0.220808 -0.096456 0.525446
v 0.061946 -0.076596 0.566457
v -0.334004 -0.066066 -0.042670
v -0.406088 -0.820211 -0.040871
v -0.328847 0.005140 -0.041877
v -0.422302 -0.752116 0.131799
v -0.327881 0.002635 0.051248
v -0.410916 -0.694656 0.305297
v -0.332836 0.037595 0.264416
v -0.273609 -0.642586 0.557531
v -0.223756 0.056615 0.473228
v -0.213560 -0.662983 0.626465
v -0.084722 0.036479 0.480506
v -0.334029 -0.068513 0.059127
v -0.342610 -0.046904 0.290549
v -0.234098 -0.031638 0.407358
v -0.096100 -0.054212 0.525446
v 0.256930 0.014142 0.534550
v 0.077841 0.039773 0.576178
v 0.065308 -0.051685 0.617923
v 0.414553 -0.012019 0.456309
v 0.522147 -0.064413 0.284884
v 0.503575 -0.095927 0.057641
v 0.503652 -0.093021 -0.073046
v 0.494547 -0.171783 0.066460
v 0.510733 -0.152023 0.297479
v 0.400676 -0.102214 0.494562
v 0.242684 -0.076626 0.573924
v -0.370450 0.013230 -0.041877
v -0.378837 -0.059771 -0.042670
v 0.495005 -0.171561 -0.073652
v -0.370115 0.011231 0.057601
v -0.379091 0.050894 0.284884
v -0.260603 0.075777 0.456309
v -0.101842 0.060936 0.534550
v -0.378927 -0.061546 0.066502
v -0.390332 -0.034452 0.312256
v -0.270884 -0.013236 0.494562
v -0.112197 -0.029590 0.580249
v -0.326922 -0.556509 0.284105
v -0.278006 0.047352 0.418604
v -0.288594 -0.039510 0.348953
v -0.319816 0.063386 0.395635
v -0.330743 -0.023849 0.428447
v 0.303576 -0.608604 0.263764
v 0.423225 -0.043381 0.418604
v 0.411171 -0.131686 0.270366
v 0.468363 -0.038660 0.395635
v 0.455671 -0.127592 0.428447
v -0.035541 -0.666764 0.782092
v 0.068579 0.103868 0.497533
v 0.184097 -0.690368 0.701884
v 0.229101 0.087146 0.460476
v 0.306417 -0.681851 0.557077
v 0.367417 0.069882 0.427504
v 0.428799 -0.781284 0.351480
v 0.474024 0.029091 0.257347
v 0.430841 -0.849420 0.140936
v 0.463277 -0.013863 0.049404
v 0.426024 -0.977312 -0.038476
v 0.463917 -0.020215 -0.107691
v 0.487323 -0.210958 -0.116122
v 0.493695 -0.223622 0.068123
v 0.462843 -0.220520 0.338631
v 0.396950 -0.175979 0.443704
v 0.245791 -0.145322 0.588689
v 0.053157 -0.119061 0.641405
v -0.376832 -0.101212 -0.089449
v -0.479943 -0.803856 -0.052063
v -0.322422 0.068814 -0.075161
v -0.495628 -0.738150 0.131227
v -0.321880 0.072229 0.049769
v -0.489759 -0.675518 0.341830
v -0.325966 0.116736 0.257334
v -0.338874 -0.626865 0.610353
v -0.217630 0.129162 0.440127
v -0.251879 -0.643649 0.701374
v -0.093334 0.118280 0.457910
v -0.389202 -0.115037 0.062099
v -0.387919 -0.108322 0.335040
v -0.291239 -0.088902 0.449497
v -0.138889 -0.099352 0.589634
v 0.273423 0.097573 0.567537
v 0.076169 0.120255 0.615038
v 0.057839 -0.077572 0.700528
v 0.447068 0.072783 0.471726
v 0.582502 0.000233 0.301045
v 0.559524 -0.042393 0.064451
v 0.548929 -0.048192 -0.115830
v 0.543594 -0.221968 0.074819
v 0.560745 -0.210331 0.325457
v 0.436855 -0.139939 0.559030
v 0.261420 -0.108513 0.649813
v -0.410448 0.058877 -0.084282
v -0.426957 -0.093892 -0.086236
v 0.533123 -0.213128 -0.116950
v -0.418680 0.066001 0.064568
v -0.432711 0.115984 0.300401
v -0.282297 0.155202 0.468427
v -0.121832 0.140422 0.563631
v -0.439722 -0.101200 0.074311
v -0.458884 -0.083670 0.342088
v -0.323771 -0.049941 0.559726
v -0.147870 -0.060319 0.656663
v -0.376202 -0.552618 0.354692
v -0.259282 0.116937 0.387187
v -0.335244 -0.099721 0.396870
v -0.364509 0.133915 0.414294
v -0.391445 -0.071364 0.477521
v 0.325227 -0.612479 0.348043
v 0.410876 0.045130 0.386256
v 0.430501 -0.183017 0.334040
v 0.518738 0.034574 0.413754
v 0.498594 -0.179603 0.474654
vn -0.9384 0.3057 -0.1611
vn -0.9697 0.2349 -0.0668
vn 0.5644 0.3886 -0.7283
vn -0.2443 0.9682 -0.0541
vn 0.3695 -0.5423 -0.7546
vn 0.9836 0.1240 -0.1312
vn 0.5121 0.4169 -0.7510
vn 0.6925 -0.3806 -0.6129
vn -0.9920 -0.0307 -0.1221
vn 0.6178 0.5091 -0.5993
vn 0.7173 -0.0532 -0.6947
vn -0.9707 0.1662 -0.1734
vn -0.9596 -0.2771 -0.0487
vn 0.9363 -0.3384 -0.0943
vn 0.2943 0.9417 -0.1628
vn -0.6238 -0.1794 -0.7607
vn -0.0313 -0.4792 -0.8772
vn -0.4174 0.1691 -0.8929
vn -0.0191 0.1766 -0.9841
vn -0.3644 -0.1132 -0.9244
vn -0.0612 -0.2376 -0.9694
vn -0.9319 -0.3357 -0.1373
vn 0.0754 -0.9731 -0.2176
vn 0.2582 0.9475 -0.1885
vn -0.1019 0.9770 -0.1875
vn -0.4822 0.3447 -0.8054
vn 0.0041 0.4617 -0.8870
vn 0.4783 0.1822 -0.8591
vn 0.0352 -0.9982 -0.0490
vn 0.4199 0.4131 -0.8081
vn 0.3850 0.2612 -0.8852
vn 0.0870 0.9882 0.1260
vn 0.0470 0.4583 -0.8875
vn 0.4051 0.5080 -0.7601
vn -0.1027 -0.1555 -0.9825
vn 0.1723 -0.9850 -0.0075
vn 0.1768 -0.2772 -0.9444
vn 0.2883 -0.9551 0.0689
vn 0.8700 0.3920 -0.2990
vn 0.4323 0.4588 -0.7763
vn -0.0036 0.9820 -0.1888
vn 0.2637 0.9461 -0.1882
vn 0.0885 -0.9723 -0.2163
vn -0.9218 -0.3734 -0.1038
vn 0.2746 0.9475 -0.1636
vn -0.9432 -0.3288 -0.0480
vn -0.9810 0.1806 0.0712
vn 0.9646 -0.0761 -0.2527
vn -0.8797 0.4744 -0.0335
vn 0.4483 -0.2873 -0.8464
vn 0.9884 0.0517 -0.1431
vn -0.3009 0.9522 -0.0533
vn -0.9410 0.2998 -0.1571
vn -0.9394 0.3404 -0.0405
vn 0.0873 -0.0943 -0.9917
vn 0.0214 -0.9839 -0.1772
vn -0.6264 0.7759 -0.0751
vn 0.9622 -0.0328 -0.2704
vn -0.9847 -0.0650 -0.1616
vn -0.9943 -0.0140 -0.1054
vn -0.9903 0.0020 -0.1389
vn -0.9988 0.0184 -0.0464
vn -0.9920 0.0256 -0.1238
vn -0.9932 -0.0291 -0.1131
vn -0.1859 -0.1041 -0.9770
vn 0.9857 -0.1159 0.1220
vn -0.7061 -0.0158 -0.7080
vn 0.2056 0.2275 0.9518
vn 0.4342 -0.4082 0.8030
vn -0.7027 0.7052 -0.0943
vn 0.6349 0.7180 -0.2851
vn -0.5595 0.8022 -0.2084
vn 0.6065 0.7889 -0.0991
vn -0.5708 0.7458 -0.3436
vn 0.6382 0.7071 -0.3045
vn 0.8148 0.4012 -0.4185
vn 0.7020 0.7109 -0.0439
vn -0.9009 0.4033 -0.1601
vn -0.6158 0.7834 -0.0836
vn -0.8142 -0.5459 0.1978
vn 0.9722 0.1587 -0.1721
vn 0.9616 0.1475 -0.2315
vn 0.8867 -0.2955 -0.3555
vn 0.1212 0.2314 -0.9653
vn 0.3207 -0.1393 -0.9369
vn -0.1907 -0.0544 -0.9801
vn -0.9823 -0.1389 -0.1255
vn -0.9825 -0.1202 0.1425
vn 0.9285 -0.2877 -0.2349
vn -0.2477 -0.2172 0.9442
vn -0.0502 -0.9747 0.2177
vn -0.9169 0.3317 0.2221
vn -0.2854 0.0028 -0.9584
vn -0.7958 0.5912 -0.1311
vn 0.3685 -0.5190 0.7713
vn -0.4290 -0.3344 0.8391
vn 0.3779 0.0342 -0.9252
vn -0.5520 0.2208 -0.8041
vn 0.8701 -0.4167 -0.2632
vn -0.3752 0.0746 0.9239
vn 0.8538 -0.5196 0.0306
vn 0.4097 -0.2000 0.8900
vn 0.3369 -0.1282 -0.9328
vn -0.4072 0.2126 -0.8882
vn -0.9493 0.3144 -0.0013
vn -0.2560 -0.0091 -0.9666
vn 0.9400 0.1765 -0.2919
vn 0.0051 -0.6726 -0.7400
vn -0.8616 0.4139 -0.2937
vn -0.0109 0.1358 -0.9907
vn 0.0084 0.7682 -0.6401
vn -0.9580 -0.0209 -0.2861
vn 0.3787 0.9198 0.1029
vn 0.8252 -0.4385 0.3560
vn 0.1904 -0.3366 0.9222
vn 0.8447 -0.1148 -0.5228
vn -0.9409 -0.0844 0.3280
vn 0.8031 -0.1908 0.5645
vn 0.8000 0.0151 -0.5998
vn 0.0450 -0.1770 0.9832
vn -0.6708 0.4852 0.5609
vn -0.8482 0.3252 -0.4181
vn -0.0047 -0.0043 -1.0000
vn -0.4920 0.6503 -0.5788
vn -0.9078 -0.0168 0.4190
vn 0.8151 -0.3155 0.4858
vn 0.6875 -0.5938 0.4180
vn 0.6878 -0.4640 -0.5582
vn 0.2166 -0.2621 0.9404
vn 0.0632 0.1518 -0.9864
vn 0.8571 -0.1294 0.4986
vn -0.8966 -0.2477 0.3671
vn -0.0110 0.0731 -0.9973
vn 0.8031 0.0740 -0.5913
vn 0.1547 -0.2850 0.9460
vn -0.8029 0.5810 -0.1336
vn -0.3121 0.3636 -0.8777
vn 0.1686 -0.4214 -0.8911
vn 0.2757 -0.4038 0.8723
vn 0.5811 -0.8122 -0.0511
vn -0.1615 -0.0303 0.9864
vn 0.0220 -0.1433 0.9894
vn 0.8054 0.1571 -0.5716
vn 0.7747 -0.1604 0.6116
vn -0.8988 -0.0415 0.4363
vn 0.0583 0.4197 -0.9058
vn -0.9917 0.1284 0.0066
vn 0.9364 0.0018 -0.3510
vn -0.9950 -0.0925 -0.0371
vn -0.0332 -0.9985 0.0425
vn -0.0928 -0.9897 -0.1086
vn 0.8854 -0.4018 -0.2336
vn -0.9747 -0.1472 -0.1684
vn 0.9220 -0.1491 -0.3575
vn 0.9733 0.0006 -0.2297
vn 0.9692 -0.1245 -0.2126
vn 0.8932 0.0081 -0.4496
vn 0.9151 0.0029 -0.4032
vn -0.8841 0.0490 0.4647
vn -0.8936 0.0020 0.4488
vn 0.7785 -0.1892 0.5985
vn 0.7762 -0.1757 0.6055
vn -0.8980 -0.2781 0.3410
vn -0.8957 -0.2666 0.3558
vn 0.8570 -0.1210 0.5009
vn 0.8568 -0.1254 0.5002
vn 0.6903 -0.5877 0.4220
vn 0.6887 -0.5907 0.4205
vn 0.8293 -0.2876 0.4790
vn 0.8177 -0.3012 0.4905
vn -0.8975 0.0188 0.4406
vn -0.9003 0.0067 0.4352
vn -0.6681 0.4857 0.5636
vn -0.6672 0.4818 0.5680
vn 0.8064 -0.2611 0.5306
vn 0.8039 -0.2292 0.5489
vn -0.9341 -0.0029 0.3570
vn -0.9403 -0.0431 0.3377
vn 0.7584 -0.1352 0.6376
vn 0.7863 -0.2060 0.5825
vn 0.9042 0.1764 -0.3891
vn 0.9230 0.1772 -0.3416
vn -0.1920 -0.1845 -0.9639
vn -0.2064 -0.0332 -0.9779
vn -0.1796 -0.1633 -0.9701
vn -0.3913 -0.8802 -0.2687
vn 0.9418 -0.1259 -0.3117
vn 0.9576 -0.1206 -0.2618
vn -0.8793 0.0976 -0.4661
vn 0.8076 0.1301 -0.5752
vn 0.8072 0.1426 -0.5727
vn 0.8017 0.1243 -0.5847
vn 0.8027 0.0983 -0.5883
vn -0.9097 -0.0915 -0.4051
vn 0.6940 -0.4645 -0.5502
vn 0.6911 -0.4653 -0.5531
vn -0.9609 0.0115 -0.2765
vn -0.3799 0.7283 -0.5703
vn -0.5335 0.6734 -0.5117
vn 0.7977 0.0101 -0.6030
vn 0.7989 0.0128 -0.6013
vn 0.8685 -0.0207 -0.4953
vn 0.8569 -0.0712 -0.5105
vn 0.6439 0.7493 -0.1546
vn 0.5357 0.8434 -0.0409
vn -0.7170 0.3993 -0.5714
vn -0.9134 0.1042 -0.3935
vn -0.8791 0.0244 -0.4759
vn -0.9428 -0.0936 -0.3198
vn -0.4452 0.1748 -0.8782
vn 0.9544 0.1752 -0.2416
vn 0.9647 0.1624 -0.2074
vn -0.1334 -0.4107 0.9020
vn 0.7426 -0.5564 -0.3728
vn -0.0439 0.2482 -0.9677
vn -0.8635 0.2995 0.4058
vn 0.5840 -0.7099 0.3936
vn 0.2032 -0.5229 0.8278
vn -0.8528 0.3235 0.4101
vn -0.8792 0.3603 -0.3117
vn 0.7846 -0.4994 -0.3676
vn 0.7643 -0.5278 -0.3704
vn -0.5146 0.5322 -0.6723
vn 0.7662 -0.6085 0.2065
vn -0.7830 0.5583 -0.2742
vn 0.9179 -0.2130 -0.3347
vn -0.0802 0.2008 -0.9763
vn 0.4215 0.5098 0.7499
vn 0.6953 -0.6824 0.2258
vn -0.7826 0.4516 0.4284
vn -0.4788 -0.2625 -0.8378
vn 0.7809 -0.5840 0.2217
vn 0.7064 -0.5999 -0.3756
vn 0.7506 -0.4403 -0.4927
vn 0.8187 -0.5742 -0.0004
vn 0.7530 -0.5430 -0.3717
vn 0.2466 0.5262 0.8138
vn -0.8374 0.5412 0.0761
vn 0.5302 -0.7792 -0.3343
vn 0.2508 0.6127 0.7494
vn 0.6306 -0.6450 -0.4316
vn 0.6595 -0.5936 -0.4612
vn -0.7497 -0.1364 -0.6475
vn 0.9975 0.0657 0.0265
vn 0.7779 0.4580 0.4303
vn -0.4180 -0.6695 -0.6140
vn -0.3933 0.8580 0.3304
vn 0.9850 -0.0944 0.1447
vn -0.7825 -0.1731 -0.5982
vn -0.8420 0.5365 0.0561
vn -0.6897 0.5768 0.4377
vn -0.7309 0.6333 -0.2543
vn 0.1437 -0.0480 0.9885
vn -0.7669 0.4755 0.4309
vn 0.0591 0.0039 -0.9982
vn 0.9440 -0.2361 0.2303
vn 0.9451 -0.2333 0.2286
vn -0.6921 0.6809 -0.2397
vn 0.7760 -0.1755 -0.6058
vn 0.7741 -0.1976 -0.6015
vn -0.0323 -0.2553 0.9663
vn 0.7719 -0.2173 -0.5974
vn 0.0533 0.1671 0.9845
vn -0.1717 -0.7309 0.6605
vn 0.2522 0.1957 0.9477
vn -0.5140 -0.3624 -0.7775
vn -0.8521 -0.5128 0.1041
vn 0.4835 0.1105 0.8684
vn -0.4841 -0.8272 -0.2853
vn -0.5547 0.2687 0.7874
vn 0.3917 0.3263 0.8603
vn -0.3100 0.4482 0.8385
vn 0.2690 0.4710 0.8401
vn 0.0634 -0.9979 -0.0113
vn -0.5876 0.2877 0.7563
vn 0.1268 -0.9918 0.0143
vn -0.0077 -0.9799 -0.1995
vn -0.8552 -0.5099 0.0927
vn 0.5303 -0.2845 0.7987
vn -0.4704 0.1796 0.8640
vn -0.2937 -0.5138 0.8061
vn 0.3600 0.3260 -0.8742
vn -0.4355 -0.0398 -0.8993
vn -0.9390 -0.3416 -0.0401
vn 0.9566 0.2853 0.0587
vn 0.4931 0.0773 0.8665
vn -0.4293 0.0261 -0.9028
vn -0.9917 -0.1285 -0.0089
vn 0.4990 -0.0601 -0.8645
vn 0.9997 -0.0258 0.0015
vn 0.3824 -0.0708 0.9213
vn -0.3622 -0.1494 0.9200
vn -0.3633 -0.1654 0.9169
vn 0.9961 0.0859 -0.0189
vn -0.3594 -0.0498 0.9318
vn 0.2620 0.0178 0.9649
vn 0.1370 0.3998 -0.9063
vn -0.0452 -0.9990 -0.0013
vn 0.4958 0.1146 -0.8609
vn -0.8373 0.5437 -0.0578
vn -0.2376 0.0446 0.9703
vn -0.3077 0.9509 -0.0344
vn -0.4056 0.6101 -0.6806
vn -0.0182 -0.9998 -0.0021
vn 0.0372 -0.9993 -0.0014
vn -0.2956 0.3938 -0.8704
vn -0.7221 0.6918 0.0028
vn -0.2736 0.3040 0.9126
vn 0.0149 -0.9999 0.0002
vn 0.9864 -0.1352 -0.0938
vn -0.9838 -0.0925 0.1535
vn -0.3064 -0.0442 -0.9509
vn 0.3704 -0.1339 -0.9192
vn 0.9406 -0.3172 -0.1213
vn -0.8937 -0.0372 -0.4471
vn -0.8463 -0.0920 -0.5247
vn 0.9659 -0.2001 -0.1644
vn 0.5928 0.7280 -0.3443
vn -0.2821 0.9594 -0.0062
vn -0.7521 -0.6382 -0.1647
vn -0.4840 0.3252 -0.8124
vn -0.8328 -0.5427 -0.1093
vn -0.3602 -0.0630 -0.9308
vn -0.4086 0.2422 -0.8800
vn -0.7938 -0.4371 -0.4229
vn -0.2346 0.9721 -0.0063
vn -0.1540 -0.9868 0.0507
vn 0.0383 0.9936 0.1058
vn 0.2630 0.9038 0.3376
vn 0.2064 0.9760 0.0691
vn -0.1979 -0.9102 -0.3638
vn -0.0699 -0.9383 -0.3386
vn 0.1147 0.9912 0.0657
vn -0.1960 -0.9806 0.0093
vn -0.1724 -0.9704 -0.1691
vn -0.1288 -0.9837 -0.1255
vn 0.1259 0.9917 -0.0240
vn 0.2195 -0.2064 0.9535
vn 0.6331 -0.2464 0.7338
vn 0.6852 0.0137 0.7282
vn 0.9951 -0.0954 -0.0256
vn 0.9764 -0.0422 -0.2118
vn -0.9884 0.1520 -0.0031
vn -0.9817 0.1861 -0.0408
vn 0.3489 -0.0733 0.9343
vn -0.7851 0.0132 0.6192
vn -0.3767 -0.1295 0.9172
vn -0.2881 -0.3614 0.8868
vn -0.4787 -0.2758 0.8335
vn -0.9239 0.0166 0.3822
vn -0.9847 0.1644 -0.0581
vn -0.9900 0.1410 0.0016
vn 0.9887 -0.1464 0.0327
vn 0.9883 -0.1499 -0.0269
vn 0.6954 -0.3404 0.6329
vn 0.3627 -0.4169 0.8334
vn 0.1335 -0.4696 0.8727
vn -0.1934 -0.9658 -0.1729
vn 0.2992 0.9532 0.0426
vn -0.0017 -0.0108 -0.9999
vn 0.0437 0.9249 0.3776
vn 0.1592 0.9450 0.2856
vn 0.1766 -0.9673 -0.1820
vn -0.0012 -0.0075 -1.0000
vn -0.0632 -0.9397 -0.3360
vn -0.2455 -0.9047 -0.3483
vn 0.1718 0.9778 0.1199
vn -0.6023 -0.4561 -0.6551
vn 0.1605 0.9870 -0.0055
vn -0.5111 -0.8255 -0.2397
vn 0.0560 0.9816 0.1826
vn 0.8486 -0.2801 0.4488
vn -0.3018 0.0109 0.9533
vn 0.1226 -0.7547 -0.6446
vn -0.7932 -0.1107 0.5988
vn -0.9589 0.1931 0.2078
vn 0.4415 0.8872 0.1339
vn 0.3060 0.9507 0.0510
vn 0.0525 -0.9601 -0.2746
vn -0.2023 -0.7955 -0.5711
vn -0.0692 -0.9963 -0.0501
vn 0.2820 0.9230 0.2619
vn 0.1068 0.9852 0.1341
vn 0.0141 -0.9988 -0.0464
vn -0.0989 0.9947 0.0288
vn 0.1055 0.9754 0.1938
vn 0.3411 0.9190 0.1979
vn -0.0521 -0.9969 0.0595
vn -0.3184 0.2552 -0.9130
vn -0.6751 0.2839 -0.6809
vn -0.9759 0.1404 -0.1674
vn -0.9916 0.1202 0.0483
vn -0.9738 0.0698 0.2166
vn 0.9953 -0.0915 -0.0312
vn 0.9930 -0.1111 -0.0406
vn 0.0042 0.0228 -0.9997
vn 0.7663 0.0380 -0.6414
vn 0.3591 0.1750 -0.9167
vn 0.2836 0.3565 -0.8902
vn 0.4873 0.2943 -0.8222
vn 0.9183 -0.0650 -0.3905
vn 0.9920 -0.1089 0.0636
vn 0.9924 -0.1086 0.0583
vn -0.9847 0.1584 0.0727
vn -0.9847 0.1583 0.0732
vn -0.7675 0.3166 -0.5575
vn -0.4104 0.4403 -0.7986
vn -0.1523 0.4098 -0.8994
vn -0.0821 0.9731 0.2154
vn -0.3167 -0.8349 -0.4502
vn -0.0613 0.0213 0.9979
vn 0.0085 -0.8611 -0.5083
vn -0.1432 -0.9536 -0.2647
vn 0.1307 0.9891 0.0679
vn -0.0844 0.0353 0.9958
vn 0.0943 0.9848 0.1457
vn 0.1475 0.9740 0.1719
vn -0.3640 -0.9303 -0.0456
vn 0.0551 0.9167 0.3959
vn -0.3144 -0.9468 0.0694
vn -0.0383 0.9918 0.1218
vn -0.1026 -0.9425 -0.3182
vn -0.8637 0.2903 -0.4119
vn -0.1779 0.0370 -0.9834
vn 0.1864 0.9114 0.3669
vn 0.8253 0.0690 -0.5604
vn 0.9826 -0.1840 -0.0268
vn 0.1172 -0.9603 -0.2530
vn -0.5447 -0.3062 -0.7807
vn 0.7483 -0.0850 0.6579
vn -0.1666 -0.9696 -0.1791
vn -0.0466 -0.9934 -0.1048
vn -0.7218 0.0702 0.6885
vn 0.7884 -0.2923 -0.5413
vn -0.9377 -0.0809 0.3379
vn -0.3535 -0.9182 0.1789
vn 0.1471 -0.0602 0.9873
vn 0.3784 -0.9148 0.1414
vn -0.1778 -0.9180 -0.3544
vn -0.0823 -0.9141 -0.3970
vn 0.0101 -0.9876 0.1566
vn -0.2706 -0.9567 -0.1067
vn -0.1316 -0.7961 -0.5907
vn 0.0443 -0.9478 -0.3158
vn -0.0975 -0.4550 0.8852
vn -0.9953 0.0932 -0.0257
vn -0.3289 0.3640 -0.8714
vn 0.0470 0.9966 0.0672
vn -0.7792 0.6158 0.1170
vn -0.4752 0.0399 -0.8790
vn -0.4638 -0.1495 0.8733
vn -0.4008 -0.9057 -0.1382
vn 0.8485 0.4979 0.1791
vn -0.9384 0.3057 0.1611
vn -0.9648 0.2602 0.0377
vn 0.5644 0.3886 0.7283
vn -0.2443 0.9682 0.0541
vn 0.3695 -0.5423 0.7546
vn 0.9836 0.1240 0.1312
vn 0.5121 0.4169 0.7510
vn 0.6617 -0.3124 0.6816
vn -0.9920 -0.0307 0.1221
vn 0.9891 0.0226 0.1456
vn 0.5877 0.1308 0.7985
vn -0.9553 0.2890 0.0625
vn -0.9596 -0.2771 0.0487
vn 0.9363 -0.3384 0.0943
vn 0.2784 0.9420 0.1873
vn -0.3654 -0.4722 0.8022
vn -0.0313 -0.4792 0.8772
vn -0.4897 0.2371 0.8391
vn -0.0191 0.1766 0.9841
vn -0.3644 -0.1132 0.9244
vn -0.0612 -0.2376 0.9694
vn -0.9319 -0.3357 0.1373
vn 0.0858 -0.9644 0.2502
vn 0.2629 0.9473 0.1829
vn -0.0041 1.0000 0.0065
vn -0.4822 0.3447 0.8054
vn 0.0432 0.4027 0.9143
vn 0.4783 0.1822 0.8591
vn 0.2062 -0.9484 0.2407
vn 0.4199 0.4131 0.8081
vn 0.3850 0.2612 0.8852
vn 0.0870 0.9882 -0.1260
vn 0.0642 0.4422 0.8946
vn 0.4126 0.5010 0.7608
vn 0.1421 -0.2981 0.9439
vn 0.2998 -0.9312 0.2075
vn 0.1768 -0.2772 0.9444
vn 0.4191 -0.8909 0.1750
vn 0.8762 0.3831 0.2923
vn 0.4357 0.4580 0.7748
vn 0.0960 0.9954 0.0065
vn 0.2672 0.9462 0.1827
vn 0.0968 -0.9634 0.2501
vn -0.9218 -0.3734 0.1038
vn 0.2632 0.9462 0.1882
vn -0.9432 -0.3288 0.0480
vn -0.9810 0.1806 -0.0712
vn 0.9646 -0.0761 0.2527
vn -0.8982 0.3232 -0.2979
vn 0.4483 -0.2873 0.8464
vn 0.9884 0.0517 0.1431
vn -0.3009 0.9522 0.0533
vn -0.9410 0.2998 0.1571
vn -0.9394 0.3404 0.0405
vn 0.0873 -0.0943 0.9917
vn 0.0214 -0.9839 0.1772
vn -0.6264 0.7759 0.0751
vn 0.5935 0.1635 0.7881
vn -0.9861 -0.1346 0.0972
vn -0.9943 -0.0140 0.1054
vn -0.9907 -0.0225 0.1339
vn -0.9988 0.0184 0.0464
vn -0.9920 0.0256 0.1238
vn -0.9932 -0.0291 0.1131
vn -0.1859 -0.1041 0.9770
vn 0.9215 -0.2146 -0.3236
vn -0.7061 -0.0158 0.7080
vn -0.0807 0.9500 -0.3015
vn 0.3881 -0.4766 -0.7888
vn -0.6527 0.7509 -0.1004
vn 0.6401 0.7181 0.2731
vn -0.4367 0.8942 0.0987
vn 0.6736 0.7383 0.0346
vn -0.5316 0.7890 0.3080
vn 0.6667 0.7012 0.2527
vn 0.8285 0.4874 0.2757
vn 0.7181 0.6959 0.0092
vn -0.8866 0.4399 0.1431
vn -0.5956 0.8018 -0.0487
vn -0.9830 -0.1148 -0.1434
vn 0.9890 0.0012 0.1477
vn 0.9965 0.0568 0.0613
vn 0.8684 -0.1517 0.4720
vn 0.1008 0.0398 0.9941
vn 0.2763 -0.0788 0.9578
vn -0.3140 -0.2195 0.9237
vn -0.9771 -0.1358 0.1638
vn -0.9792 -0.1259 -0.1593
vn 0.9629 -0.1295 0.2366
vn -0.1848 -0.3306 -0.9255
vn 0.1439 -0.9879 -0.0583
vn -0.9930 -0.0197 0.1163
vn -0.3093 0.1180 0.9436
vn -0.9813 -0.0839 0.1733
vn 0.5194 -0.2600 -0.8140
vn -0.4153 0.0310 -0.9091
vn 0.1023 0.0758 0.9919
vn -0.3198 0.1643 0.9331
vn 0.9877 -0.1017 0.1185
vn -0.3563 -0.1109 -0.9278
vn 0.9881 -0.1536 -0.0120
vn 0.3809 0.0680 -0.9221
vn 0.3399 -0.1326 0.9311
vn -0.4417 0.0368 0.8964
vn -0.9963 0.0801 0.0325
vn -0.2608 0.0322 0.9649
vn 0.9528 -0.0078 0.3034
vn 0.2238 -0.3600 0.9057
vn -0.3974 0.6826 0.6132
vn 0.1150 0.2598 0.9588
vn 0.6981 0.6943 0.1750
vn -0.9534 0.1485 0.2627
vn 0.7119 -0.4099 -0.5702
vn 0.8833 0.0175 -0.4686
vn 0.1799 -0.2178 -0.9593
vn 0.8165 -0.2077 0.5387
vn -0.9066 -0.0088 -0.4219
vn 0.7811 -0.3386 -0.5247
vn 0.7819 -0.0902 0.6168
vn 0.0336 -0.2218 -0.9745
vn -0.6230 0.5256 -0.5793
vn -0.8386 0.3461 0.4207
vn -0.0127 0.0322 0.9994
vn -0.4579 0.7242 0.5155
vn -0.8740 0.1158 -0.4720
vn 0.7814 -0.4267 -0.4554
vn 0.6237 -0.6702 -0.4023
vn 0.6346 -0.5133 0.5778
vn 0.1905 -0.3065 -0.9326
vn 0.0391 0.1604 0.9863
vn 0.8443 -0.2781 -0.4580
vn -0.9476 -0.0680 -0.3121
vn -0.0160 0.1115 0.9936
vn 0.7927 -0.0364 0.6085
vn 0.0481 -0.2707 -0.9615
vn -0.9829 0.0687 0.1711
vn -0.5820 0.0296 0.8126
vn 0.2877 -0.2756 0.9172
vn 0.4254 -0.1606 -0.8907
vn 0.9334 -0.3510 0.0738
vn -0.1771 -0.3028 -0.9365
vn 0.0188 -0.1921 -0.9812
vn 0.8448 0.0391 0.5337
vn 0.7858 -0.3165 -0.5314
vn -0.8451 0.0337 -0.5336
vn 0.1383 0.4601 0.8770
vn -0.9757 0.1964 0.0976
vn 0.8904 -0.2727 0.3644
vn -0.9856 -0.1171 0.1218
vn -0.0328 -0.9868 -0.1585
vn -0.0921 -0.9829 0.1595
vn 0.9513 -0.1923 0.2408
vn -0.9809 -0.1481 0.1259
vn 0.8699 0.0340 0.4920
vn 0.9716 0.0065 0.2364
vn 0.9577 -0.1782 0.2258
vn 0.8659 -0.1412 0.4799
vn 0.8759 -0.2164 0.4312
vn -0.7978 0.1229 -0.5903
vn -0.8175 0.0659 -0.5721
vn 0.7536 -0.3328 -0.5668
vn 0.7681 -0.3196 -0.5549
vn -0.9456 -0.1055 -0.3078
vn -0.9479 -0.0874 -0.3063
vn 0.8475 -0.2649 -0.4601
vn 0.8452 -0.2738 -0.4590
vn 0.6279 -0.6651 -0.4043
vn 0.6257 -0.6677 -0.4033
vn 0.7957 -0.3876 -0.4655
vn 0.7862 -0.4135 -0.4592
vn -0.8689 0.1488 -0.4722
vn -0.8690 0.1387 -0.4750
vn -0.6181 0.5278 -0.5826
vn -0.6196 0.5248 -0.5837
vn 0.7643 -0.4074 -0.5000
vn 0.7661 -0.3768 -0.5206
vn -0.8847 0.0632 -0.4619
vn -0.8996 0.0273 -0.4358
vn 0.7959 -0.1290 -0.5915
vn 0.8331 -0.0632 -0.5495
vn 0.9140 0.0068 0.4056
vn 0.9344 0.0010 0.3561
vn -0.2042 -0.1772 0.9628
vn -0.2205 -0.0199 0.9752
vn -0.2129 -0.1562 0.9645
vn -0.8589 -0.0848 0.5051
vn 0.9093 -0.2116 0.3582
vn 0.9401 -0.1836 0.2874
vn -0.6870 0.3785 0.6203
vn 0.8326 0.0073 0.5538
vn 0.8374 0.0210 0.5462
vn 0.7998 0.0109 0.6002
vn 0.7964 -0.0136 0.6046
vn -0.9193 0.0785 0.3857
vn 0.6387 -0.5074 0.5784
vn 0.6366 -0.5113 0.5773
vn -0.9443 0.2152 0.2490
vn -0.6306 0.7476 0.2083
vn -0.6170 0.6461 0.4493
vn 0.7842 -0.0957 0.6130
vn 0.7849 -0.0931 0.6126
vn 0.8508 -0.1250 0.5105
vn 0.8334 -0.1692 0.5261
vn 0.9067 -0.3234 -0.2709
vn 0.8314 -0.3685 -0.4160
vn -0.1473 0.7823 0.6053
vn -0.8927 0.2622 0.3666
vn -0.8726 0.1809 0.4537
vn -0.9332 0.1749 0.3139
vn -0.4354 0.2348 0.8691
vn 0.9674 0.0219 0.2524
vn 0.9790 0.0107 0.2035
vn -0.1903 -0.3949 -0.8988
vn 0.6255 -0.5362 0.5667
vn 0.1348 0.2501 0.9588
vn -0.8026 0.3207 -0.5030
vn 0.5063 -0.7791 -0.3698
vn -0.7799 0.3551 -0.5154
vn -0.7917 0.3376 -0.5092
vn -0.5447 0.4699 0.6946
vn 0.6721 -0.4890 0.5560
vn 0.6495 -0.5126 0.5616
vn -0.7904 0.5443 0.2811
vn 0.6983 -0.6913 -0.1857
vn -0.7201 0.6453 0.2549
vn 0.8913 -0.2967 0.3429
vn -0.0573 0.2391 0.9693
vn 0.4712 0.4389 -0.7651
vn 0.6200 -0.7580 -0.2027
vn -0.7319 0.5169 -0.4440
vn -0.5023 -0.1843 0.8448
vn 0.7064 -0.7026 -0.0857
vn 0.6407 -0.6580 0.3957
vn 0.8051 -0.4657 0.3674
vn 0.7544 -0.6561 0.0202
vn 0.6928 -0.6064 0.3901
vn 0.2988 0.4714 -0.8297
vn -0.7766 0.6228 -0.0948
vn 0.4466 -0.8192 0.3599
vn 0.3121 0.5591 -0.7681
vn 0.5606 -0.6931 0.4531
vn 0.5947 -0.6441 0.4810
vn -0.8622 0.1916 0.4690
vn 0.9990 -0.0250 -0.0364
vn 0.9695 -0.2011 -0.1399
vn -0.4845 -0.6024 0.6343
vn -0.3022 0.8833 -0.3583
vn -0.9019 0.0963 0.4212
vn -0.7816 0.6193 -0.0746
vn -0.6265 0.6313 -0.4571
vn -0.6605 0.7138 0.2327
vn 0.1363 -0.0942 -0.9862
vn -0.7139 0.5389 -0.4472
vn 0.0607 0.0295 0.9977
vn 0.9112 -0.3383 -0.2352
vn 0.9186 -0.3402 -0.2012
vn -0.6170 0.7566 0.2166
vn 0.8406 -0.2515 0.4796
vn 0.8303 -0.2762 0.4840
vn 0.1223 -0.5741 -0.8096
vn 0.8207 -0.2978 0.4876
vn 0.1019 -0.4083 -0.9071
vn 0.0101 -0.2021 -0.9793
vn 0.2697 0.1381 -0.9530
vn -0.5478 -0.2820 0.7877
vn -0.9011 -0.4243 -0.0893
vn 0.4910 0.0318 -0.8706
vn -0.5672 -0.7627 0.3107
vn -0.4943 0.3150 -0.8102
vn 0.4223 0.2561 -0.8695
vn -0.2431 0.4540 -0.8572
vn 0.3149 0.4162 -0.8530
vn -0.0001 -0.9991 0.0419
vn -0.5818 0.3213 -0.7472
vn 0.0888 -0.9955 -0.0317
vn -0.0377 -0.9861 0.1617
vn -0.9038 -0.4207 -0.0780
vn 0.4965 -0.3635 -0.7883
vn -0.4505 0.2000 -0.8701
vn -0.3466 -0.5175 -0.7823
vn 0.3521 0.3345 0.8742
vn -0.4344 -0.0502 0.8993
vn -0.9275 -0.3727 0.0289
vn 0.9495 0.3081 -0.0587
vn 0.4117 0.1255 -0.9026
vn -0.4298 0.0159 0.9028
vn -0.9883 -0.1522 0.0089
vn 0.5003 -0.0481 0.8645
vn 1.0000 -0.0019 -0.0015
vn 0.4966 -0.1185 -0.8598
vn -0.3790 -0.1475 -0.9136
vn -0.3474 -0.1798 -0.9203
vn 0.9927 0.1206 0.0014
vn -0.3581 -0.0584 -0.9318
vn 0.3840 -0.0618 -0.9213
vn -0.2780 0.1456 0.9495
vn -0.0212 -0.9998 0.0013
vn 0.4550 0.0918 0.8858
vn -0.8500 0.5235 0.0578
vn -0.1100 0.2742 -0.9554
vn -0.3544 0.9350 0.0130
vn -0.4201 0.6002 0.6806
vn -0.0057 -1.0000 0.0081
vn 0.0611 -0.9981 0.0014
vn -0.3050 0.3866 0.8704
vn -0.7385 0.6743 -0.0028
vn -0.3639 0.1896 -0.9119
vn 0.0234 -0.9997 0.0076
vn 0.9339 0.0487 0.3542
vn -0.9992 -0.0153 -0.0370
vn -0.4408 -0.1843 0.8785
vn 0.3208 -0.0856 0.9433
vn 0.9206 -0.1345 0.3667
vn -0.9582 -0.1662 0.2329
vn -0.8714 -0.1990 0.4484
vn 0.9682 -0.1920 0.1604
vn 0.1060 0.3646 0.9251
vn -0.2821 0.9594 0.0062
vn -0.7585 -0.6346 0.1481
vn -0.4840 0.3252 0.8124
vn -0.7683 -0.6000 0.2227
vn -0.3602 -0.0630 0.9308
vn -0.4842 0.3235 0.8130
vn -0.7938 -0.4371 0.4229
vn -0.2346 0.9721 0.0063
vn -0.0822 -0.9964 -0.0222
vn 0.0122 0.9934 -0.1141
vn 0.2019 0.8763 -0.4374
vn 0.1812 0.9805 -0.0764
vn -0.4462 -0.0704 0.8921
vn -0.0456 -0.9374 0.3454
vn 0.0949 0.9929 -0.0713
vn -0.1908 -0.9813 -0.0244
vn -0.1146 -0.9822 0.1491
vn -0.0639 -0.9878 0.1422
vn 0.1510 0.9882 0.0251
vn 0.3317 -0.2490 -0.9100
vn 0.6936 -0.2462 -0.6770
vn 0.9670 -0.1180 -0.2257
vn 0.9912 -0.1303 -0.0219
vn 0.9871 -0.0940 0.1298
vn -0.9915 0.1174 -0.0556
vn -0.9899 0.1281 -0.0609
vn 0.4206 -0.0929 -0.9025
vn -0.7806 -0.0020 -0.6250
vn -0.3717 -0.1365 -0.9183
vn -0.2723 -0.3684 -0.8889
vn -0.4667 -0.2893 -0.8358
vn -0.9225 -0.0107 -0.3858
vn -0.9889 0.1371 0.0576
vn -0.9930 0.1178 -0.0031
vn 0.9927 -0.1203 -0.0011
vn 0.9920 -0.1119 0.0584
vn 0.7234 -0.3414 -0.6001
vn 0.3878 -0.4503 -0.8042
vn 0.1366 -0.4268 -0.8940
vn -0.1745 -0.9723 0.1554
vn 0.2701 0.9054 -0.3275
vn -0.0015 -0.0110 0.9999
vn 0.0160 0.9229 -0.3848
vn 0.0999 0.9849 -0.1411
vn 0.1989 -0.9608 0.1933
vn -0.0010 -0.0077 1.0000
vn -0.0395 -0.9177 0.3952
vn -0.2066 -0.9143 0.3483
vn 0.2095 0.9729 -0.0975
vn -0.5557 -0.5201 0.6486
vn 0.1559 0.9876 0.0162
vn -0.1846 -0.9607 0.2071
vn 0.0373 0.9808 -0.1912
vn 0.8672 -0.2668 -0.4204
vn -0.2516 0.0045 -0.9678
vn 0.1382 -0.7456 0.6519
vn -0.7866 -0.1346 -0.6026
vn -0.9608 0.1736 -0.2160
vn 0.0144 0.9840 -0.1775
vn 0.3092 0.9503 -0.0372
vn 0.0698 -0.9588 0.2755
vn -0.2145 -0.8563 0.4699
vn -0.0504 -0.9975 0.0486
vn 0.1107 0.9783 -0.1751
vn 0.0913 0.9868 -0.1339
vn 0.1066 -0.9940 0.0236
vn -0.1094 0.9936 -0.0267
vn 0.0999 0.9804 -0.1697
vn 0.3077 0.9285 -0.2077
vn -0.0484 -0.9966 -0.0668
vn -0.3143 0.2531 0.9150
vn -0.6414 0.2714 0.7176
vn -0.7681 0.0098 0.6403
vn -0.9859 0.1660 -0.0219
vn -0.9816 0.1370 -0.1331
vn 0.9936 -0.1046 -0.0416
vn 0.9918 -0.0576 0.1138
vn -0.0807 0.0522 0.9954
vn 0.7617 0.0480 0.6462
vn 0.3544 0.1784 0.9179
vn 0.2766 0.3595 0.8912
vn 0.4802 0.3009 0.8239
vn 0.8760 0.0539 0.4792
vn 0.9909 -0.1112 -0.0762
vn 0.9941 -0.0916 -0.0585
vn -0.9923 0.1080 -0.0600
vn -0.9892 0.1196 -0.0842
vn -0.7761 0.2764 0.5668
vn -0.4284 0.4383 0.7902
vn -0.1850 0.4329 0.8823
vn -0.0948 0.9730 -0.2105
vn -0.2869 -0.9267 0.2428
vn 0.0971 0.0525 -0.9939
vn 0.0229 -0.8590 0.5115
vn -0.1318 -0.9603 0.2458
vn 0.1142 0.9912 -0.0674
vn -0.0843 0.0337 -0.9959
vn 0.0738 0.9892 -0.1269
vn 0.1286 0.9770 -0.1700
vn -0.2585 -0.9657 0.0250
vn 0.2034 0.9067 -0.3694
vn -0.1502 -0.9834 -0.1020
vn 0.1404 0.9874 -0.0736
vn -0.0912 -0.9576 0.2731
vn -0.8529 0.2115 0.4774
vn -0.1547 0.0396 0.9872
vn 0.1711 0.9139 -0.3681
vn 0.6857 0.2479 0.6843
vn 0.9851 -0.1690 0.0326
vn -0.7265 -0.5817 0.3659
vn -0.9416 -0.2456 0.2306
vn 0.7542 -0.0473 -0.6549
vn -0.1715 -0.9716 0.1630
vn -0.0380 -0.9936 0.1064
vn -0.7168 0.0581 -0.6949
vn 0.7510 -0.3730 0.5449
vn -0.7022 0.0813 -0.7073
vn -0.3740 -0.9030 -0.2113
vn 0.7627 -0.0744 -0.6424
vn 0.3915 -0.9091 -0.1424
vn -0.1624 -0.9199 0.3569
vn -0.2518 -0.9081 0.3345
vn 0.0233 -0.9873 -0.1574
vn -0.2709 -0.9614 -0.0485
vn -0.1190 -0.7958 0.5937
vn -0.1797 -0.9303 0.3199
vn -0.0881 -0.4527 -0.8873
vn -0.9800 0.1965 -0.0329
vn -0.2685 0.7644 0.5862
vn -0.1098 0.7838 -0.6112
vn -0.6237 0.7696 -0.1369
vn -0.1818 -0.9661 0.1831
vn -0.3406 -0.5498 -0.7627
vn -0.9069 -0.3906 0.1583
vn 0.8750 0.4573 -0.1588
vn -0.9424 0.2395 -0.2335
vn -0.9648 0.2602 -0.0377
vn 0.4332 0.2456 -0.8672
vn -0.1840 0.9746 -0.1276
vn 0.4494 -0.4926 -0.7452
vn 0.9840 0.1740 -0.0390
vn 0.4851 0.6406 -0.5952
vn 0.6617 -0.3124 -0.6816
vn -0.9910 -0.0030 -0.1337
vn 0.9891 0.0226 -0.1456
vn 0.5877 0.1308 -0.7985
vn -0.9553 0.2890 -0.0625
vn -0.9642 -0.2160 -0.1540
vn 0.5068 -0.6524 -0.5635
vn 0.2784 0.9420 -0.1873
vn -0.3654 -0.4722 -0.8022
vn -0.0354 -0.4818 -0.8756
vn -0.4897 0.2371 -0.8391
vn -0.0006 0.2042 -0.9789
vn -0.4285 -0.1373 -0.8931
vn -0.0171 -0.1880 -0.9820
vn -0.9344 -0.3227 -0.1510
vn 0.0858 -0.9644 -0.2502
vn 0.2629 0.9473 -0.1829
vn -0.0041 1.0000 -0.0065
vn -0.4637 0.3625 -0.8085
vn 0.0432 0.4027 -0.9143
vn 0.4394 0.1449 -0.8865
vn 0.2062 -0.9484 -0.2407
vn 0.4296 0.4212 -0.7988
vn 0.1393 0.3026 -0.9429
vn -0.5279 0.6575 -0.5376
vn 0.3233 0.3882 -0.8630
vn 0.4435 0.4762 -0.7593
vn 0.1421 -0.2981 -0.9439
vn 0.2998 -0.9312 -0.2075
vn 0.4191 -0.8909 -0.1750
vn 0.2000 0.6791 -0.7063
vn 0.4882 0.4452 -0.7506
vn 0.0960 0.9954 -0.0065
vn 0.2672 0.9462 -0.1827
vn 0.0968 -0.9634 -0.2501
vn -0.9293 -0.3358 -0.1536
vn 0.2632 0.9462 -0.1882
vn -0.9328 -0.2448 -0.2646
vn -0.9454 0.2836 -0.1604
vn 0.9890 0.0226 -0.1463
vn -0.8982 0.3232 0.2979
vn 0.7552 0.4755 -0.4512
vn 0.9931 0.1133 -0.0288
vn -0.2577 0.9580 -0.1258
vn -0.9367 0.3475 -0.0415
vn 0.0715 -0.2145 -0.9741
vn -0.0828 -0.9952 -0.0514
vn -0.7892 0.6001 -0.1309
vn 0.5935 0.1635 -0.7881
vn -0.9861 -0.1346 -0.0972
vn -0.9940 -0.0109 -0.1088
vn -0.9907 -0.0225 -0.1339
vn -0.9966 0.0329 -0.0757
vn -0.9852 0.1343 -0.1066
vn -0.9726 -0.0259 -0.2310
vn -0.1978 -0.1108 -0.9740
vn 0.9215 -0.2146 0.3236
vn -0.9536 0.0372 -0.2987
vn -0.0807 0.9500 0.3015
vn -0.6715 0.7407 0.0178
vn 0.7038 0.5553 -0.4431
vn -0.4832 0.8614 -0.1564
vn 0.6302 0.7740 -0.0612
vn -0.5266 0.7343 -0.4283
vn 0.1490 0.9750 -0.1649
vn 0.8223 0.4937 -0.2829
vn 0.5890 0.7326 -0.3411
vn -0.8928 0.3719 -0.2542
vn -0.6309 0.7758 -0.0099
vn -0.9793 -0.1884 0.0738
vn 0.9885 0.0362 -0.1469
vn 0.9969 0.0478 -0.0629
vn 0.8829 -0.1516 -0.4443
vn 0.3649 0.0626 -0.9289
vn 0.2829 -0.0824 -0.9556
vn -0.3058 -0.2173 -0.9270
vn -0.9763 -0.1471 -0.1585
vn -0.9808 -0.1270 0.1481
vn 0.8567 -0.1359 -0.4977
vn -0.7714 -0.6028 -0.2039
vn 0.3222 -0.6783 0.6604
vn -0.9288 0.3682 -0.0423
vn -0.4540 0.0849 -0.8870
vn -0.8990 0.4380 0.0002
vn 0.0826 -0.6786 0.7298
vn -0.2999 0.3025 0.9047
vn 0.1025 0.0293 -0.9943
vn -0.3445 0.3126 -0.8852
vn 0.6944 -0.7196 -0.0019
vn -0.3820 0.0298 0.9237
vn 0.9270 -0.3749 -0.0095
vn 0.4197 -0.0069 0.9076
vn 0.2761 -0.2910 -0.9160
vn -0.4347 0.0753 -0.8974
vn -0.9156 0.4005 -0.0345
vn -0.2587 -0.1460 -0.9548
vn 0.9616 0.0085 -0.2743
vn 0.2413 -0.4154 -0.8770
vn -0.4570 0.6307 -0.6273
vn 0.0952 0.2411 -0.9658
vn 0.6411 0.7515 -0.1557
vn -0.9105 -0.0638 -0.4087
vn 0.7377 -0.3092 0.6002
vn 0.8448 -0.0071 0.5350
vn 0.1916 -0.1875 0.9634
vn 0.8563 -0.1662 -0.4891
vn -0.9038 -0.1354 0.4060
vn 0.8664 -0.1323 0.4815
vn 0.8034 0.0152 -0.5952
vn 0.0765 -0.1383 0.9874
vn -0.6719 0.4860 0.5588
vn -0.7148 0.2403 -0.6567
vn -0.0034 0.0350 -0.9994
vn -0.4415 0.7722 -0.4569
vn -0.8977 -0.0659 0.4356
vn 0.8199 -0.3272 0.4699
vn 0.6807 -0.5939 0.4288
vn 0.6889 -0.4670 -0.5544
vn -0.1136 -0.3383 0.9341
vn 0.0295 0.1377 -0.9900
vn 0.8664 -0.1285 0.4825
vn -0.9307 -0.2173 0.2944
vn 0.0135 0.0549 -0.9984
vn 0.8799 0.0290 -0.4743
vn 0.0676 -0.2312 0.9705
vn -0.7738 0.6330 -0.0211
vn -0.4917 0.3374 -0.8028
vn 0.1029 -0.4138 -0.9045
vn 0.2566 -0.4088 0.8758
vn 0.5181 -0.8545 0.0381
vn -0.4290 -0.0573 0.9015
vn 0.0449 -0.1082 0.9931
vn 0.8411 0.1571 -0.5175
vn 0.7960 -0.1389 0.5891
vn -0.8620 -0.0907 0.4988
vn 0.0870 0.4471 -0.8903
vn -0.9364 0.3509 0.0021
vn -0.7308 0.6824 -0.0152
vn -0.5250 0.0172 -0.8509
vn -0.6212 0.7824 -0.0450
vn -0.9393 0.3429 -0.0067
vn -0.0643 0.9890 0.1336
vn -0.6570 -0.0194 -0.7537
vn -0.8314 -0.4147 0.3698
vn -0.9494 0.2527 -0.1864
vn 0.9292 -0.1875 -0.3186
vn -0.9912 0.0481 -0.1236
vn -0.0967 -0.9895 -0.1070
vn -0.2872 -0.7864 -0.5469
vn 0.8111 -0.3490 -0.4694
vn -0.9743 -0.1456 -0.1716
vn 0.8925 -0.0011 -0.4510
vn 0.9968 0.0478 -0.0634
vn 0.9884 0.0363 -0.1476
vn 0.8924 -0.1574 -0.4229
vn 0.9110 -0.1752 -0.3732
vn -0.8433 -0.0139 0.5373
vn -0.8519 -0.0574 0.5206
vn 0.7982 -0.1689 0.5783
vn 0.7956 -0.1559 0.5854
vn -0.9200 -0.2578 0.2953
vn -0.9273 -0.2379 0.2892
vn 0.8678 -0.1220 0.4817
vn 0.8667 -0.1254 0.4828
vn 0.6833 -0.5879 0.4330
vn 0.6821 -0.5908 0.4308
vn 0.8171 -0.3012 0.4915
vn 0.8229 -0.3142 0.4734
vn -0.8942 0.0042 0.4477
vn -0.8944 -0.0212 0.4467
vn -0.6686 0.4861 0.5628
vn -0.6706 0.4845 0.5617
vn 0.8639 -0.2159 0.4551
vn 0.8654 -0.1772 0.4688
vn -0.8987 -0.0582 0.4346
vn -0.9029 -0.0982 0.4185
vn 0.7748 -0.0224 0.6318
vn 0.7998 -0.0137 0.6001
vn 0.9271 0.0149 -0.3744
vn 0.9457 0.0099 -0.3250
vn -0.1853 -0.1643 -0.9688
vn -0.2216 -0.1073 -0.9692
vn -0.3896 -0.8814 -0.2673
vn -0.9725 -0.1731 -0.1555
vn 0.9698 0.0446 -0.2400
vn 0.9800 0.0405 -0.1948
vn -0.7170 0.2398 -0.6545
vn 0.8376 0.1201 -0.5330
vn 0.8391 0.1371 -0.5265
vn 0.8869 0.0910 -0.4530
vn 0.8837 0.0585 -0.4644
vn -0.9548 -0.0872 -0.2843
vn 0.6884 -0.4622 -0.5590
vn -0.9462 -0.0321 -0.3219
vn -0.6980 0.6821 -0.2181
vn -0.6958 0.5262 -0.4889
vn 0.8042 0.0100 -0.5943
vn 0.8044 0.0129 -0.5940
vn 0.8867 -0.0786 -0.4557
vn 0.8713 -0.1249 -0.4746
vn 0.9196 -0.2463 0.3061
vn 0.8494 -0.2780 0.4486
vn -0.1861 0.7294 -0.6583
vn -0.8798 0.0556 -0.4721
vn -0.9175 0.0420 -0.3956
vn -0.9572 -0.0351 -0.2873
vn -0.4099 0.8990 -0.1541
vn 0.9727 0.0434 -0.2281
vn 0.9812 0.0399 -0.1889
vn -0.1497 -0.3837 0.9112
vn 0.6790 -0.4859 -0.5503
vn 0.1097 0.2321 -0.9665
vn -0.8325 0.2512 0.4938
vn 0.7333 -0.6727 0.0987
vn -0.8136 0.2882 0.5050
vn -0.8235 0.2693 0.4994
vn -0.5894 0.3882 -0.7084
vn 0.7204 -0.4337 -0.5412
vn 0.7004 -0.4598 -0.5460
vn -0.8423 0.4497 -0.2971
vn 0.6180 -0.6699 0.4115
vn -0.2655 -0.3417 -0.9015
vn 0.7194 -0.6811 0.1366
vn 0.7756 -0.6220 0.1069
vn 0.6862 -0.5382 -0.4892
vn 0.8499 -0.3907 -0.3536
vn 0.3045 0.5620 0.7690
vn 0.1829 -0.8154 -0.5492
vn -0.5242 0.5639 0.6381
vn 0.4017 -0.7281 -0.5554
vn 0.3601 -0.6914 -0.6264
vn -0.8766 0.0857 -0.4735
vn 0.9961 0.0805 0.0356
vn -0.3972 -0.7232 -0.5650
vn -0.4969 0.8251 0.2690
vn 0.3800 0.3153 0.8696
vn -0.9062 -0.0117 -0.4226
vn -0.2101 0.8444 0.4927
vn -0.7567 0.6532 0.0276
vn -0.6420 0.4609 -0.6126
vn 0.9642 -0.1786 0.1959
vn -0.6802 0.3859 0.6232
vn 0.0440 0.0387 -0.9983
vn 0.9411 -0.2338 0.2444
vn 0.9487 -0.2361 0.2105
vn -0.5375 0.5609 -0.6297
vn 0.8631 -0.1777 -0.4727
vn 0.8554 -0.2034 -0.4763
vn 0.1800 -0.5321 0.8273
vn 0.8481 -0.2260 -0.4792
vn 0.1423 -0.3664 0.9195
vn 0.0294 -0.1686 0.9852
vn -0.8161 -0.5730 0.0750
vn 0.5136 0.0642 0.8556
vn -0.4931 -0.8028 -0.3353
vn -0.5259 0.2874 0.8005
vn 0.4574 0.2970 0.8382
vn -0.2906 0.4533 0.8427
vn 0.2683 0.4737 0.8388
vn 0.1041 -0.9945 -0.0100
vn -0.6134 0.2825 0.7375
vn 0.1920 -0.9794 0.0633
vn 0.0656 -0.9893 -0.1302
vn -0.8283 -0.5590 0.0384
vn 0.5437 -0.3838 0.7464
vn -0.4273 -0.6497 0.6288
vn -0.0104 -0.9622 0.2722
vn -0.5103 -0.4901 0.7067
vn -0.6917 -0.6792 0.2454
vn -0.3771 -0.8917 0.2502
vn -0.2803 -0.5796 0.7652
vn -0.4258 -0.6480 0.6315
vn -0.1397 -0.7728 0.6191
vn -0.2431 -0.4289 0.8700
vn -0.3037 -0.5207 0.7979
vn 0.5351 0.2441 -0.8088
vn -0.4292 -0.0429 -0.9022
vn -0.9362 -0.3504 -0.0289
vn 0.9512 0.3068 0.0318
vn 0.4146 0.1156 0.9026
vn -0.2662 -0.0525 -0.9625
vn -0.9920 -0.1265 -0.0036
vn 0.4546 -0.0356 -0.8900
vn 0.9997 -0.0240 -0.0021
vn 0.4936 -0.1304 0.8598
vn -0.3824 -0.1384 0.9136
vn -0.3516 -0.1714 0.9203
vn 0.9953 0.0968 -0.0014
vn 0.0195 0.1956 0.9805
vn 0.3824 -0.0710 0.9213
vn -0.2744 0.1522 -0.9495
vn -0.0509 -0.9987 0.0016
vn 0.4570 0.0809 -0.8858
vn -0.8468 0.5278 -0.0660
vn -0.1034 0.2767 0.9554
vn -0.3319 0.9432 -0.0130
vn -0.1774 0.8046 -0.5667
vn -0.0296 -0.9995 -0.0081
vn 0.0315 -0.9995 -0.0063
vn -0.0567 0.6250 -0.7786
vn -0.7331 0.6799 -0.0163
vn -0.3592 0.1983 0.9119
vn -0.0006 -1.0000 -0.0076
vn 0.9423 0.0170 -0.3343
vn -0.9993 -0.0157 0.0347
vn -0.4471 -0.1722 -0.8778
vn 0.3229 -0.0855 -0.9425
vn 0.9275 -0.1504 -0.3422
vn -0.9576 -0.1579 -0.2409
vn -0.8664 -0.1922 -0.4608
vn 0.0912 0.3752 -0.9225
vn -0.7585 -0.6346 -0.1481
vn -0.4624 0.3466 -0.8161
vn -0.7683 -0.6000 -0.2227
vn -0.4293 -0.1007 -0.8975
vn -0.4842 0.3235 -0.8130
vn -0.1853 0.9812 -0.0548
vn -0.1070 -0.9937 0.0339
vn -0.0089 0.9341 0.3569
vn 0.2437 0.8680 0.4326
vn 0.2295 0.9547 0.1892
vn -0.4560 -0.0269 -0.8896
vn 0.1355 -0.8098 -0.5708
vn 0.0301 0.9965 0.0782
vn -0.2213 -0.9752 -0.0035
vn -0.1634 -0.9856 0.0443
vn -0.0264 -0.8585 -0.5122
vn -0.0337 -0.9922 -0.1199
vn -0.1385 -0.9891 0.0509
vn -0.3073 -0.9365 -0.1690
vn -0.1433 -0.9896 0.0112
vn -0.1892 -0.9764 -0.1039
vn -0.1436 -0.8660 0.4790
vn -0.0046 -0.9920 -0.1261
vn -0.1421 -0.9814 -0.1290
vn -0.0871 -0.9874 -0.1320
vn 0.1015 0.9947 -0.0157
vn 0.3357 -0.2585 0.9058
vn 0.6974 -0.2637 0.6664
vn 0.9608 -0.1604 0.2262
vn 0.9946 -0.1034 -0.0040
vn 0.9947 -0.1001 0.0223
vn -0.9894 0.1329 0.0593
vn -0.9875 0.1447 0.0618
vn 0.4174 -0.1006 0.9031
vn -0.6498 0.0187 0.7598
vn -0.2721 -0.1221 0.9545
vn -0.2746 -0.3435 0.8981
vn -0.4762 -0.2720 0.8362
vn -0.8947 0.0774 0.4400
vn -0.9867 0.1484 -0.0660
vn -0.9915 0.1298 -0.0047
vn 0.9874 -0.1562 0.0255
vn 0.9892 -0.1445 -0.0240
vn 0.7078 -0.3567 0.6098
vn 0.3742 -0.4676 0.8008
vn 0.1220 -0.4357 0.8918
vn -0.2528 -0.9500 -0.1835
vn 0.3301 0.8907 0.3126
vn -0.0021 -0.0105 -0.9999
vn 0.0452 0.9009 0.4317
vn 0.1151 0.9817 0.1517
vn -0.1056 -0.9785 -0.1770
vn -0.0010 -0.0077 -1.0000
vn -0.0672 -0.9188 -0.3890
vn -0.2367 -0.8893 -0.3913
vn 0.2366 0.9626 0.1317
vn -0.5905 -0.4680 -0.6575
vn 0.1914 0.9815 0.0090
vn -0.2320 -0.9463 -0.2252
vn 0.0596 0.9843 0.1661
vn 0.8495 -0.2855 0.4436
vn 0.7011 0.0102 0.7130
vn 0.3824 -0.6750 -0.6310
vn -0.7759 -0.0992 0.6230
vn -0.9057 0.2295 0.3563
vn 0.0424 0.9853 0.1657
vn 0.3252 0.9448 0.0399
vn 0.0854 -0.8668 -0.4913
vn -0.2277 -0.8524 -0.4706
vn -0.1535 -0.9289 -0.3370
vn 0.1492 0.9738 0.1714
vn 0.0689 0.9848 0.1591
vn 0.0896 -0.9956 -0.0266
vn -0.0594 0.9967 0.0560
vn 0.1125 0.9934 0.0238
vn 0.1608 0.9503 0.2666
vn 0.3741 0.9036 0.2089
vn 0.1304 0.9909 0.0321
vn -0.1319 0.9723 0.1930
vn 0.1282 0.9908 0.0428
vn 0.1110 0.9811 0.1582
vn 0.1125 0.9874 0.1116
vn 0.4406 0.8930 0.0919
vn 0.1265 0.9779 0.1666
vn 0.3223 0.9236 0.2077
vn 0.0262 -0.9987 0.0430
vn -0.2206 0.2793 -0.9345
vn -0.6404 0.2722 -0.7182
vn -0.7671 0.0097 -0.6415
vn -0.9894 0.1449 -0.0056
vn -0.9901 0.1170 0.0772
vn 0.9919 -0.1206 0.0411
vn 0.9909 -0.0738 -0.1127
vn -0.0803 0.0539 -0.9953
vn 0.6983 0.0269 -0.7153
vn 0.2851 0.1619 -0.9447
vn 0.2643 0.3431 -0.9013
vn 0.5001 0.3032 -0.8112
vn 0.8781 0.0392 -0.4769
vn 0.9889 -0.1280 0.0758
vn 0.9921 -0.1130 0.0541
vn -0.9889 0.1392 0.0517
vn -0.9836 0.1665 0.0686
vn -0.5562 0.4564 -0.6945
vn -0.4277 0.4600 -0.7781
vn -0.1800 0.4408 -0.8793
vn -0.0763 0.9729 0.2185
vn -0.3081 -0.9169 -0.2536
vn 0.0960 0.0483 0.9942
vn 0.0046 -0.8216 -0.5701
vn -0.3339 -0.9082 -0.2525
vn 0.3153 0.9415 0.1189
vn -0.0178 0.0088 0.9998
vn 0.0878 0.9881 0.1265
vn 0.1564 0.9765 0.1483
vn -0.2923 -0.9558 -0.0306
vn 0.2528 0.9133 0.3194
vn -0.1670 -0.9798 0.1102
vn 0.1429 0.9868 0.0761
vn -0.1147 -0.9522 -0.2831
vn -0.8375 0.2537 -0.4839
vn -0.7543 0.0072 -0.6564
vn 0.1992 0.9070 0.3709
vn 0.6919 0.2372 -0.6819
vn 0.9259 -0.2335 -0.2971
vn -0.7374 -0.5685 -0.3647
vn -0.9438 -0.2314 -0.2358
vn 0.8908 -0.2928 0.3473
vn -0.1674 -0.9723 -0.1634
vn -0.0480 -0.9825 -0.1797
vn 0.0177 -0.1036 0.9945
vn 0.3706 -0.3317 -0.8675
vn -0.7069 0.0939 0.7011
vn -0.2945 -0.9316 0.2131
vn 0.7313 -0.0335 0.6812
vn 0.1158 -0.9473 0.2986
vn -0.3109 -0.9053 -0.2894
vn -0.1191 -0.9078 -0.4022
vn 0.0890 -0.9956 -0.0281
vn -0.2538 -0.9663 0.0424
vn -0.1882 -0.7990 -0.5712
vn -0.0832 -0.9275 -0.3644
vn -0.0974 -0.4486 0.8884
vn -0.9823 0.1853 0.0292
vn -0.0327 0.9981 0.0528
vn -0.1840 0.4190 0.8891
vn -0.6949 0.7163 0.0636
vn -0.4038 0.1900 -0.8949
vn -0.0102 -0.9854 -0.1702
vn -0.8710 -0.4634 -0.1633
vn -0.5496 -0.8225 -0.1465
vn -0.9424 0.2395 0.2335
vn -0.9697 0.2349 0.0668
vn 0.4332 0.2456 0.8672
vn -0.1840 0.9746 0.1276
vn 0.4494 -0.4926 0.7452
vn 0.9840 0.1740 0.0390
vn 0.4851 0.6406 0.5952
vn 0.6925 -0.3806 0.6129
vn -0.9910 -0.0030 0.1337
vn 0.6178 0.5091 0.5993
vn 0.7173 -0.0532 0.6947
vn -0.9707 0.1662 0.1734
vn -0.9642 -0.2160 0.1540
vn 0.5068 -0.6524 0.5635
vn 0.2943 0.9417 0.1628
vn -0.6238 -0.1794 0.7607
vn -0.0354 -0.4818 0.8756
vn -0.4174 0.1691 0.8929
vn -0.0006 0.2042 0.9789
vn -0.4285 -0.1373 0.8931
vn -0.0171 -0.1880 0.9820
vn -0.9344 -0.3227 0.1510
vn 0.0754 -0.9731 0.2176
vn 0.2582 0.9475 0.1885
vn -0.1019 0.9770 0.1875
vn -0.4637 0.3625 0.8085
vn 0.0041 0.4617 0.8870
vn 0.4394 0.1449 0.8865
vn 0.0352 -0.9982 0.0490
vn 0.4296 0.4212 0.7988
vn 0.1393 0.3026 0.9429
vn -0.5279 0.6575 0.5376
vn 0.3300 0.3753 0.8662
vn 0.4436 0.4752 0.7599
vn -0.1002 -0.1570 0.9825
vn 0.1723 -0.9850 0.0075
vn 0.2883 -0.9551 -0.0689
vn 0.2136 0.6709 0.7101
vn 0.4882 0.4452 0.7506
vn -0.0036 0.9820 0.1888
vn 0.2637 0.9461 0.1882
vn 0.0885 -0.9723 0.2163
vn -0.9293 -0.3358 0.1536
vn 0.2746 0.9475 0.1636
vn -0.9328 -0.2448 0.2646
vn -0.9454 0.2836 0.1604
vn 0.9890 0.0226 0.1463
vn -0.8797 0.4744 0.0335
vn 0.7552 0.4755 0.4512
vn 0.9931 0.1133 0.0288
vn -0.2577 0.9580 0.1258
vn -0.9367 0.3475 0.0415
vn 0.0715 -0.2145 0.9741
vn -0.0828 -0.9952 0.0514
vn -0.7892 0.6001 0.1309
vn 0.9622 -0.0328 0.2704
vn -0.9847 -0.0650 0.1616
vn -0.9940 -0.0109 0.1088
vn -0.9903 0.0020 0.1389
vn -0.9966 0.0329 0.0757
vn -0.9852 0.1343 0.1066
vn -0.9726 -0.0259 0.2310
vn -0.1978 -0.1108 0.9740
vn 0.9857 -0.1159 -0.1220
vn -0.9536 0.0372 0.2987
vn 0.2056 0.2275 -0.9518
vn -0.7022 0.7077 0.0773
vn 0.7029 0.5720 0.4228
vn -0.5172 0.8416 0.1559
vn 0.6296 0.7768 0.0135
vn -0.4931 0.7813 0.3827
vn 0.1830 0.9776 0.1037
vn 0.8249 0.4016 0.3978
vn 0.5902 0.7359 0.3320
vn -0.8794 0.4089 0.2438
vn -0.5795 0.8144 0.0287
vn -0.8834 -0.4214 -0.2052
vn 0.9690 0.1669 0.1824
vn 0.9665 0.1483 0.2094
vn 0.8750 -0.2999 0.3801
vn 0.3512 0.2128 0.9118
vn 0.3172 -0.1383 0.9382
vn -0.2039 -0.0741 0.9762
vn -0.9820 -0.1296 0.1377
vn -0.9795 -0.1245 -0.1582
vn 0.9686 -0.1537 0.1955
vn -0.5132 -0.8475 0.1359
vn 0.5335 -0.3583 -0.7661
vn -0.9994 -0.0281 -0.0192
vn -0.4495 -0.0150 0.8931
vn -0.9797 -0.0645 0.1900
vn 0.3882 -0.4959 -0.7768
vn -0.2381 -0.5564 -0.7961
vn 0.3330 0.1777 0.9260
vn -0.5790 -0.0766 0.8117
vn 0.9696 -0.2420 0.0366
vn -0.3747 0.0016 -0.9272
vn 0.9961 -0.0885 0.0031
vn 0.4166 -0.0667 -0.9066
vn 0.3517 -0.0969 0.9311
vn -0.4314 0.0720 0.8993
vn -0.9998 -0.0198 0.0022
vn -0.2655 -0.0743 0.9612
vn 0.9303 0.1746 0.3227
vn -0.0925 -0.6692 0.7373
vn -0.8191 0.5027 0.2764
vn -0.0054 0.1754 0.9845
vn 0.1116 0.7867 0.6072
vn -0.9161 0.1050 0.3870
vn 0.5407 0.8342 -0.1083
vn 0.7539 -0.6300 -0.1864
vn 0.1648 -0.3584 -0.9189
vn 0.8232 -0.2585 0.5055
vn -0.9366 0.0505 -0.3469
vn 0.8414 -0.2949 -0.4529
vn 0.7808 -0.0900 0.6182
vn 0.0696 -0.1903 -0.9793
vn -0.6262 0.5289 -0.5728
vn -0.6595 0.5145 0.5481
vn -0.0102 0.0522 0.9986
vn -0.4103 0.8177 0.4037
vn -0.8777 0.1432 -0.4573
vn 0.7774 -0.4140 -0.4735
vn 0.6178 -0.6698 -0.4118
vn 0.6362 -0.5196 0.5703
vn -0.1419 -0.3422 -0.9288
vn 0.0753 0.1705 0.9825
vn 0.8307 -0.2778 -0.4824
vn -0.9188 -0.1045 -0.3806
vn 0.0129 0.0826 0.9965
vn 0.8634 -0.0948 0.4956
vn 0.1154 -0.3273 -0.9379
vn -0.9884 0.1490 0.0294
vn -0.4196 0.1545 0.8945
vn 0.3282 -0.2581 0.9086
vn 0.3664 -0.2111 -0.9062
vn 0.9145 -0.4046 0.0054
vn -0.3459 -0.0432 -0.9373
vn 0.0425 -0.1665 -0.9851
vn 0.8065 0.0475 0.5893
vn 0.7822 -0.3193 -0.5351
vn -0.8805 0.1027 -0.4627
vn 0.1078 0.4400 0.8915
vn -0.9359 0.3503 -0.0375
vn -0.9156 0.3345 -0.2232
vn -0.8714 0.0788 0.4841
vn -0.3101 0.0369 -0.9500
vn -0.0779 0.6754 0.7333
vn -0.5486 0.0298 0.8356
vn -0.7575 0.6451 0.1001
vn -0.9547 0.2964 0.0280
vn -0.4163 -0.1977 -0.8875
vn 0.9135 -0.0162 0.4065
vn -0.9842 -0.0915 0.1515
vn 0.0825 -0.9423 0.3246
vn -0.2236 -0.9715 -0.0784
vn 0.9192 -0.1756 0.3524
vn -0.9792 -0.1374 0.1495
vn 0.9116 -0.1476 0.3838
vn 0.9962 0.0573 0.0653
vn 0.9895 0.0007 0.1448
vn 0.8670 -0.0032 0.4984
vn 0.8865 -0.0092 0.4627
vn -0.8334 0.2136 -0.5097
vn -0.8615 0.1610 -0.4815
vn 0.7715 -0.3189 -0.5506
vn 0.7698 -0.3183 -0.5533
vn -0.9266 -0.1306 -0.3525
vn -0.9227 -0.1201 -0.3663
vn 0.8311 -0.2722 -0.4850
vn 0.8314 -0.2722 -0.4845
vn 0.6208 -0.6648 -0.4154
vn 0.6193 -0.6674 -0.4136
vn 0.7816 -0.3998 -0.4788
vn 0.7821 -0.3998 -0.4780
vn -0.8696 0.1537 -0.4693
vn -0.8706 0.1498 -0.4687
vn -0.6210 0.5307 -0.5769
vn -0.6238 0.5290 -0.5754
vn 0.8259 -0.3697 -0.4256
vn 0.8340 -0.3322 -0.4405
vn -0.9163 0.1360 -0.3766
vn -0.9293 0.0909 -0.3579
vn 0.7459 -0.2920 -0.5987
vn 0.7739 -0.3603 -0.5209
vn 0.8911 0.1707 0.4206
vn 0.9115 0.1731 0.3731
vn -0.1953 -0.1538 0.9686
vn -0.2293 -0.0584 0.9716
vn -0.4869 -0.8132 0.3189
vn -0.8755 -0.4330 -0.2144
vn 0.9666 0.0223 0.2554
vn 0.9799 0.0101 0.1994
vn -0.8591 0.2627 0.4392
vn 0.8072 0.0217 0.5898
vn 0.8087 0.0323 0.5873
vn 0.8800 -0.0379 0.4735
vn 0.8717 -0.0676 0.4854
vn -0.9606 0.0851 0.2646
vn 0.6410 -0.5176 0.5667
vn 0.6383 -0.5184 0.5690
vn -0.9347 0.1747 0.3094
vn -0.3147 0.7677 0.5583
vn -0.4877 0.7396 0.4638
vn 0.7783 -0.0944 0.6208
vn 0.7797 -0.0921 0.6194
vn 0.8631 -0.1811 0.4715
vn 0.8427 -0.2217 0.4907
vn 0.7447 0.6485 0.1577
vn 0.6671 0.7436 0.0451
vn -0.6606 0.5337 0.5280
vn -0.8683 0.2115 0.4487
vn -0.9063 0.2010 0.3719
vn -0.9582 0.0997 0.2680
vn -0.3683 0.9275 0.0641
vn 0.9470 0.1762 0.2685
vn 0.9590 0.1689 0.2277
vn -0.1769 -0.4231 -0.8887
vn 0.6811 -0.6186 0.3916
vn -0.0163 0.2822 0.9592
vn -0.8282 0.3748 -0.4167
vn 0.6590 -0.7483 -0.0759
vn 0.1463 -0.5673 -0.8104
vn -0.8150 0.3974 -0.4217
vn -0.8364 0.4597 0.2985
vn 0.7288 -0.5664 0.3847
vn 0.7057 -0.5926 0.3883
vn -0.4553 0.6040 0.6541
vn 0.5442 -0.7434 -0.3888
vn -0.2982 -0.2833 0.9115
vn 0.6442 -0.7563 -0.1135
vn 0.7154 -0.6690 -0.2016
vn 0.6272 -0.5910 0.5074
vn 0.7014 -0.5002 0.5078
vn 0.3602 0.5024 -0.7860
vn 0.0978 -0.8121 0.5752
vn -0.4636 0.5949 -0.6567
vn 0.3245 -0.7479 0.5790
vn 0.2871 -0.7048 0.6487
vn -0.7588 -0.0369 0.6502
vn 0.9989 -0.0395 -0.0268
vn 0.8207 0.3605 -0.4433
vn -0.4696 -0.6595 0.5870
vn -0.4086 0.8634 -0.2960
vn 0.4094 0.2461 -0.8785
vn -0.7953 -0.0714 0.6020
vn -0.1218 0.8456 -0.5198
vn -0.6845 0.7273 -0.0497
vn -0.5896 0.5446 0.5965
vn 0.9400 -0.2843 -0.1884
vn -0.6373 0.4347 -0.6364
vn 0.0493 0.0657 0.9966
vn 0.9139 -0.3405 -0.2210
vn 0.9153 -0.3377 -0.2194
vn -0.4751 0.6336 0.6106
vn 0.7545 -0.2360 0.6124
vn 0.7502 -0.2579 0.6088
vn -0.0603 -0.2812 -0.9577
vn 0.7460 -0.2775 0.6054
vn 0.0689 0.1292 -0.9892
vn -0.2480 -0.7297 -0.6372
vn -0.8715 -0.4869 -0.0582
vn 0.5161 -0.0170 -0.8563
vn -0.5736 -0.7359 0.3598
vn -0.5249 0.2999 -0.7966
vn 0.4845 0.2209 -0.8464
vn -0.2629 0.4511 -0.8528
vn 0.3153 0.4134 -0.8542
vn -0.0409 -0.9982 0.0432
vn -0.5556 0.3232 -0.7661
vn 0.0227 -0.9996 0.0175
vn -0.1094 -0.9669 0.2306
vn -0.8821 -0.4706 -0.0220
vn 0.4996 -0.4619 -0.7328
vn -0.3241 -0.6030 -0.7289
vn -0.4684 -0.8551 -0.2223
vn -0.3366 -0.5963 -0.7288
vn -0.4936 -0.6213 -0.6086
vn -0.1111 -0.9640 -0.2414
vn -0.5597 -0.4565 -0.6916
vn -0.7591 -0.6109 -0.2249
vn -0.3560 -0.5735 -0.7378
vn -0.2936 -0.4340 -0.8518
vn -0.4954 -0.5359 -0.6837
vn 0.5291 0.2568 0.8088
vn -0.4281 -0.0532 0.9022
vn -0.9305 -0.3640 0.0401
vn 0.9436 0.3295 -0.0318
vn 0.4911 0.0891 -0.8665
vn -0.2648 -0.0588 0.9625
vn -0.9886 -0.1502 0.0036
vn 0.4553 -0.0247 0.8900
vn 1.0000 -0.0001 0.0021
vn 0.3840 -0.0616 -0.9213
vn -0.3585 -0.1580 -0.9200
vn -0.3592 -0.1741 -0.9169
vn 0.9938 0.1097 0.0189
vn 0.0148 0.1961 -0.9805
vn 0.2615 0.0240 -0.9649
vn 0.1274 0.4030 0.9063
vn -0.0270 -0.9996 -0.0016
vn 0.4929 0.1264 0.8609
vn -0.8592 0.5074 0.0660
vn -0.2386 0.0389 -0.9703
vn -0.3303 0.9432 0.0344
vn -0.1966 0.8001 0.5667
vn 0.0057 -1.0000 0.0021
vn 0.0554 -0.9984 0.0063
vn -0.0717 0.6234 0.7786
vn -0.7492 0.6621 0.0163
vn -0.2808 0.2973 -0.9126
vn 0.0388 -0.9992 -0.0002
vn 0.9891 -0.1137 0.0939
vn -0.9817 -0.0965 -0.1644
vn -0.3153 -0.0714 0.9463
vn 0.3704 -0.1331 0.9193
vn 0.9401 -0.3185 0.1215
vn -0.9005 -0.0523 0.4318
vn -0.8528 -0.0996 0.5127
vn 0.5921 0.7337 0.3334
vn -0.7521 -0.6382 0.1647
vn -0.4624 0.3466 0.8161
vn -0.8328 -0.5427 0.1093
vn -0.4293 -0.1007 0.8975
vn -0.4086 0.2422 0.8800
vn -0.1853 0.9812 0.0548
vn -0.1310 -0.9906 -0.0399
vn -0.0330 0.9302 -0.3656
vn 0.2189 0.9125 -0.3457
vn 0.2046 0.9587 -0.1978
vn -0.1521 -0.9177 0.3671
vn 0.1529 -0.8027 0.5764
vn 0.0012 0.9964 -0.0853
vn -0.2021 -0.9792 -0.0190
vn -0.1282 -0.9915 -0.0235
vn -0.1521 -0.9384 0.3102
vn -0.2540 -0.9554 0.1508
vn -0.1172 -0.9928 -0.0255
vn -0.0097 -0.9914 0.1305
vn -0.1195 -0.9920 -0.0400
vn -0.0982 -0.9862 0.1334
vn -0.1279 -0.9890 -0.0746
vn -0.3554 -0.9305 0.0890
vn -0.1183 -0.9824 0.1445
vn -0.1038 -0.9853 0.1359
vn 0.0832 0.9965 0.0018
vn 0.2193 -0.2008 -0.9548
vn 0.6118 -0.2259 -0.7581
vn 0.7286 0.0318 -0.6842
vn 0.9935 -0.1037 0.0465
vn 0.9917 -0.1284 -0.0028
vn -0.9908 0.1351 0.0032
vn -0.9850 0.1682 0.0394
vn 0.3464 -0.0652 -0.9358
vn -0.6437 0.0061 -0.7653
vn -0.2627 -0.1262 -0.9566
vn -0.2593 -0.3498 -0.9002
vn -0.4637 -0.2845 -0.8391
vn -0.8935 0.0523 -0.4461
vn -0.9901 0.1252 0.0636
vn -0.9940 0.1094 0.0018
vn 0.9935 -0.1141 -0.0056
vn 0.9919 -0.1129 0.0589
vn 0.7092 -0.3243 -0.6259
vn 0.3742 -0.4023 -0.8356
vn 0.1488 -0.4591 -0.8758
vn -0.2066 -0.9652 0.1603
vn 0.2439 0.9646 -0.1006
vn -0.0021 -0.0106 0.9999
vn 0.0182 0.8995 -0.4366
vn 0.1373 0.9589 -0.2483
vn -0.0826 -0.9788 0.1875
vn -0.0012 -0.0076 1.0000
vn -0.0348 -0.9393 0.3413
vn -0.1975 -0.8965 0.3966
vn 0.1388 0.9865 -0.0870
vn -0.5639 -0.5131 0.6471
vn 0.1390 0.9900 0.0238
vn -0.4504 -0.8665 0.2150
vn 0.0419 0.9843 -0.1717
vn 0.8645 -0.2531 -0.4342
vn 0.7318 0.0311 -0.6808
vn 0.3945 -0.6598 0.6395
vn -0.7686 -0.1220 -0.6280
vn -0.9080 0.2099 -0.3627
vn 0.4256 0.8935 -0.1430
vn 0.2907 0.9556 -0.0478
vn 0.1010 -0.8635 0.4942
vn -0.1892 -0.7967 0.5740
vn -0.1362 -0.9312 0.3381
vn 0.2510 0.9268 -0.2792
vn 0.0527 0.9858 -0.1596
vn 0.0271 -0.9986 0.0445
vn -0.0720 0.9961 -0.0517
vn 0.0963 0.9948 -0.0317
vn -0.0206 0.8475 -0.5303
vn -0.1472 0.9701 -0.1928
vn 0.1108 0.9931 -0.0397
vn 0.3641 0.9121 -0.1884
vn 0.1089 0.9937 -0.0276
vn 0.1663 0.9754 -0.1450
vn 0.0964 0.9931 -0.0662
vn -0.1607 0.9819 -0.1003
vn 0.1071 0.9779 -0.1793
vn 0.3258 0.9244 -0.1982
vn 0.0395 -0.9981 -0.0482
vn -0.2236 0.2763 0.9347
vn -0.6676 0.2802 0.6898
vn -0.9730 0.1409 0.1830
vn -0.9843 0.1767 0.0003
vn -0.9848 0.1609 -0.0657
vn 0.9966 -0.0769 0.0280
vn 0.9946 -0.0952 0.0405
vn 0.0038 0.0227 0.9997
vn 0.6956 0.0363 0.7175
vn 0.2812 0.1645 0.9455
vn 0.2571 0.3454 0.9026
vn 0.4929 0.3100 0.8130
vn 0.9183 -0.0494 0.3927
vn 0.9937 -0.0918 -0.0637
vn 0.9939 -0.0949 -0.0554
vn -0.9900 0.1203 -0.0732
vn -0.9904 0.1135 -0.0783
vn -0.5718 0.4273 0.7003
vn -0.4172 0.4261 0.8027
vn -0.1582 0.4040 0.9010
vn -0.0923 0.9730 -0.2117
vn -0.2978 -0.8418 0.4503
vn -0.0611 0.0194 -0.9979
vn 0.0183 -0.8191 0.5733
vn -0.2984 -0.9256 0.2327
vn 0.2997 0.9466 -0.1189
vn -0.0177 0.0085 -0.9998
vn 0.0791 0.9866 -0.1427
vn 0.1376 0.9797 -0.1455
vn -0.3245 -0.9451 0.0387
vn 0.0392 0.9082 -0.4167
vn -0.2783 -0.9582 -0.0658
vn -0.0563 0.9909 -0.1223
vn -0.0786 -0.9470 0.3115
vn -0.8770 0.2428 0.4146
vn -0.7618 0.0086 0.6478
vn 0.1839 0.9097 -0.3722
vn 0.8224 0.0827 0.5629
vn 0.9292 -0.2181 0.2983
vn 0.1338 -0.9582 0.2531
vn -0.5378 -0.3140 0.7824
vn 0.9075 -0.2629 -0.3277
vn -0.1706 -0.9688 0.1798
vn -0.0395 -0.9827 0.1810
vn 0.0192 -0.1023 -0.9946
vn 0.3117 -0.3792 0.8713
vn -0.9338 -0.0994 -0.3436
vn -0.3833 -0.9005 -0.2056
vn 0.1338 -0.0722 -0.9884
vn 0.1298 -0.9445 -0.3018
vn -0.2963 -0.9095 0.2915
vn -0.1798 -0.9308 0.3183
vn 0.1017 -0.9944 0.0274
vn -0.2873 -0.9527 0.0989
vn -0.1745 -0.7996 0.5747
vn -0.0987 -0.9531 0.2862
vn -0.0881 -0.4544 -0.8864
vn -0.9921 0.1246 -0.0142
vn -0.0797 0.9968 -0.0055
vn 0.0431 0.9990 -0.0153
vn -0.6927 0.7079 -0.1384
vn -0.3960 -0.2983 0.8684
vn -0.1040 -0.9846 0.1402
vn -0.8730 -0.4607 0.1604
vn -0.7293 -0.6635 0.1670
vt 0.825514 0.625000
vt 0.807478 0.612660
vt 0.807478 0.612660
vt 0.570211 0.165793
vt 0.625000 0.206585
vt 0.570211 0.206585
vt 0.625000 0.483614
vt 0.570211 0.550562
vt 0.570211 0.483614
vt 0.875000 0.584207
vt 0.833333 0.625000
vt 0.833333 0.573354
vt 0.433036 0.416667
vt 0.375000 0.483614
vt 0.375000 0.416667
vt 0.625000 0.587781
vt 0.570211 0.625000
vt 0.570211 0.587781
vt 0.491071 0.587781
vt 0.433036 0.625000
vt 0.433036 0.587781
vt 0.433036 0.483614
vt 0.491071 0.550562
vt 0.433036 0.550562
vt 0.471929 0.178411
vt 0.451739 0.193761
vt 0.452126 0.178587
vt 0.491071 0.625000
vt 0.491071 0.483614
vt 0.491071 0.165793
vt 0.491071 0.206585
vt 0.433036 0.165793
vt 0.375000 0.206585
vt 0.375000 0.165793
vt 0.375000 0.550562
vt 0.666667 0.625000
vt 0.625000 0.625000
vt 0.371068 0.267470
vt 0.433036 0.333333
vt 0.367136 0.328354
vt 0.491071 0.269959
vt 0.570211 0.333333
vt 0.491071 0.333333
vt 0.491071 0.416667
vt 0.433036 0.269959
vt 0.208333 0.584207
vt 0.166667 0.625000
vt 0.166667 0.584207
vt 0.291667 0.625000
vt 0.208333 0.625000
vt 0.666667 0.575140
vt 0.708333 0.625000
vt 0.708333 0.562500
vt 0.791667 0.625000
vt 0.625000 0.269959
vt 0.570211 0.269959
vt 0.625000 0.416667
vt 0.570211 0.416667
vt 0.573481 0.574528
vt 0.564281 0.599759
vt 0.374562 0.286335
vt 0.714414 0.598680
vt 0.695938 0.611840
vt 0.750000 0.573334
vt 0.789442 0.600320
vt 0.291667 0.500000
vt 0.000000 0.000000
vt 0.291667 0.562500
vt 0.555080 0.624989
vt 0.677462 0.625000
vt 0.708333 0.500000
vt 0.791667 0.562500
vt 0.666667 0.525281
vt 0.208333 0.543415
vt 0.166667 0.543415
vt 0.625000 0.550562
vt 0.433036 0.125000
vt 0.375000 0.125000
vt 0.570211 0.125000
vt 0.491071 0.125000
vt 0.875000 0.543415
vt 0.833333 0.521707
vt 0.625000 0.125000
vt 0.474728 0.176522
vt 0.475134 0.195832
vt 0.448930 0.195642
vt 0.433036 0.206585
vt 0.449340 0.176713
vt 0.472313 0.193935
vt 0.541667 0.375000
vt 0.555556 0.375000
vt 0.875000 0.625000
vt 0.625000 0.562500
vt 0.750000 0.500000
vt 0.625000 0.500000
vt 0.875000 0.562500
vt 0.569444 0.375000
vt 0.583333 0.375000
vt 0.611111 0.562500
vt 0.611111 0.625000
vt 0.375000 0.562500
vt 0.458333 0.625000
vt 0.375000 0.625000
vt 0.509688 0.562500
vt 0.541667 0.625000
vt 0.509688 0.625000
vt 0.375000 0.375000
vt 0.458333 0.500000
vt 0.375000 0.500000
vt 0.509688 0.375000
vt 0.541667 0.500000
vt 0.509688 0.500000
vt 0.541667 0.250000
vt 0.375000 0.187500
vt 0.458333 0.250000
vt 0.375000 0.250000
vt 0.142515 0.065776
vt 0.231258 0.106734
vt 0.375000 0.562500
vt 0.375000 0.187500
vt 0.375000 0.375000
vt 0.458333 0.375000
vt 0.375000 0.375000
vt 0.583333 0.250000
vt 0.569444 0.250000
vt 0.569444 0.562500
vt 0.583333 0.625000
vt 0.569444 0.625000
vt 0.597222 0.375000
vt 0.750000 0.500000
vt 0.597222 0.375000
vt 0.597222 0.500000
vt 0.583333 0.500000
vt 0.597222 0.500000
vt 0.555556 0.500000
vt 0.555555 0.500000
vt 0.583333 0.500000
vt 0.597222 0.500000
vt 0.569444 0.375000
vt 0.569444 0.375000
vt 0.541667 0.500000
vt 0.555556 0.500000
vt 0.555556 0.500000
vt 0.597222 0.375000
vt 0.597222 0.375000
vt 0.875000 0.500000
vt 0.583333 0.375000
vt 0.750000 0.437500
vt 0.569444 0.500000
vt 0.583333 0.562500
vt 0.458333 0.125000
vt 0.541667 0.562500
vt 0.611111 0.500000
vt 0.555555 0.562500
vt 0.555556 0.375000
vt 0.569444 0.500000
vt 0.569445 0.500000
vt 0.569444 0.500000
vt 0.555555 0.625000
vt 0.555556 0.250000
vt 0.597222 0.562500
vt 0.611111 0.500000
vt 0.611111 0.500000
vt 0.611111 0.500000
vt 0.597222 0.375000
vt 0.597222 0.375000
vt 0.597222 0.250000
vt 0.597222 0.625000
vt 0.611111 0.500000
vt 0.611111 0.500000
vt 0.583333 0.500000
vt 0.583333 0.500000
vt 0.555555 0.500000
vt 0.555556 0.500000
vt 0.597222 0.375000
vt 0.555556 0.375000
vt 0.375000 0.250000
vt 0.458333 0.562500
vt 0.333807 0.154065
vt 0.791667 0.500000
vt 0.125000 0.543415
vt 0.125000 0.584207
vt 0.125000 0.625000
vt 0.777778 1.000000
vt 0.722222 1.000000
vt 0.888889 0.951094
vt 0.944444 0.951094
vt -0.000000 0.951094
vt 0.055555 0.951094
vt 0.861111 0.951094
vt 0.861111 0.951094
vt 0.111111 1.000000
vt 0.055555 1.000000
vt 0.944444 1.000000
vt 0.888889 1.000000
vt 0.777778 0.951094
vt 0.833333 0.951094
vt 0.277778 1.000000
vt 0.222222 1.000000
vt 0.833333 1.000000
vt 0.722222 0.951094
vt 0.055555 0.500000
vt 0.111111 0.500000
vt 0.111111 0.951094
vt 0.138889 0.500000
vt 0.138889 0.951094
vt 0.166666 0.500000
vt 0.222222 0.951094
vt 0.222222 0.500000
vt 0.277778 0.951094
vt 0.277778 0.500000
vt 0.777778 0.500000
vt 0.833333 0.500000
vt 0.861111 0.500000
vt 0.888889 0.500000
vt 0.944444 0.500000
vt 1.000000 0.951094
vt 1.000000 0.500000
vt 1.000000 1.000000
vt 0.861111 1.000000
vt 0.166666 1.000000
vt 0.138889 1.000000
vt -0.000000 1.000000
vt 0.166666 0.951094
vt 0.861111 1.000000
vt 0.138889 1.000000
vt -0.000000 0.500000
vt 0.722222 0.500000
vt 0.458333 0.187500
vt 0.625000 0.165793
vt 0.625000 0.333333
vt 0.437500 0.312500
vt 0.625000 0.250000
vt 0.611111 0.250000
s 0
usemtl Material.001
f 63/4/2 13/5/2 24/6/2
f 57/10/4 417/11/4 422/12/4
f 76/30/12 24/6/12 77/31/12
f 79/32/13 12/33/13 58/34/13
f 49/22/29 86/13/29 87/22/29
f 31/77/46 58/34/46 16/78/46
f 27/79/47 76/30/47 23/80/47
f 23/80/49 74/30/49 72/80/49
f 13/81/52 422/12/52 416/82/52
f 17/83/53 63/4/53 27/79/53
f 72/80/54 75/32/54 73/77/54
f 79/32/55 74/30/55 76/30/55
f 80/84/57 77/31/57 81/85/57
f 82/86/58 77/31/58 78/87/58
f 83/88/59 78/87/59 79/32/59
f 83/88/60 76/30/60 80/84/60
f 20/89/61 80/84/61 81/85/61
f 20/89/62 82/86/62 28/26/62
f 28/26/63 83/88/63 64/27/63
f 64/27/64 80/84/64 61/25/64
f 84/44/65 87/22/65 86/13/65
f 47/29/66 87/22/66 85/29/66
f 41/44/67 86/13/67 45/13/67
f 41/44/68 85/29/68 84/44/68
f 205/101/82 129/102/82 123/103/82
f 409/104/83 128/105/83 405/106/83
f 130/107/84 127/108/84 120/109/84
f 407/110/85 126/111/85 404/112/85
f 407/110/86 125/113/86 133/90/86
f 209/114/87 137/115/87 135/116/87
f 412/117/88 138/67/88 411/118/88
f 123/103/89 211/119/89 205/101/89
f 212/120/90 145/107/90 213/121/90
f 213/121/91 141/109/91 211/119/91
f 209/114/92 142/116/92 212/120/92
f 135/116/93 132/122/93 130/107/93
f 142/116/94 148/116/94 150/116/94
f 145/107/95 149/109/95 141/109/95
f 145/107/96 150/116/96 151/107/96
f 130/107/97 146/109/97 147/107/97
f 135/116/98 147/107/98 148/116/98
f 141/109/99 146/109/99 120/109/99
f 192/123/100 156/116/100 157/107/100
f 195/109/101 152/109/101 194/109/101
f 195/109/102 157/107/102 155/109/102
f 194/109/103 153/107/103 196/107/103
f 196/107/104 154/116/104 197/116/104
f 193/116/105 154/116/105 156/116/105
f 199/130/110 169/95/110 168/94/110
f 268/131/112 168/94/112 190/94/112
f 189/111/115 178/90/115 177/111/115
f 186/137/116 263/138/116 269/134/116
f 245/139/117 173/98/117 229/140/117
f 202/141/118 228/142/118 243/143/118
f 271/134/119 170/133/119 260/134/119
f 201/90/120 171/111/120 202/141/120
f 273/144/122 162/94/122 199/130/122
f 187/95/123 174/94/123 190/94/123
f 241/139/125 179/98/125 233/97/125
f 239/136/126 177/111/126 232/136/126
f 228/142/131 189/111/131 239/136/131
f 229/140/132 191/98/132 241/139/132
f 169/95/133 190/94/133 168/94/133
f 170/133/134 269/134/134 260/134/134
f 171/111/135 188/90/135 189/111/135
f 148/116/136 193/116/136 150/116/136
f 148/116/137 196/107/137 197/116/137
f 147/107/138 194/109/138 196/107/138
f 151/107/139 195/109/139 149/109/139
f 149/109/140 194/109/140 146/109/140
f 150/116/141 192/123/141 151/107/141
f 166/90/142 202/141/142 165/111/142
f 257/134/143 203/133/143 271/134/143
f 165/111/144 243/143/144 224/136/144
f 225/97/145 200/147/145 245/139/145
f 162/94/146 198/95/146 199/130/146
f 136/78/149 212/120/149 143/78/149
f 144/107/150 211/119/150 140/103/150
f 143/78/151 213/121/151 144/107/151
f 205/101/152 141/109/152 120/109/152
f 139/151/153 209/114/153 136/78/153
f 404/112/154 208/152/154 409/104/154
f 127/108/155 205/101/155 120/109/155
f 166/90/159 246/155/159 201/90/159
f 226/91/160 245/139/160 246/155/160
f 223/156/161 203/133/161 164/133/161
f 224/136/162 244/157/162 223/156/162
f 172/90/163 242/155/163 188/90/163
f 230/155/164 241/139/164 242/155/164
f 170/133/165 240/158/165 186/137/165
f 227/149/166 239/136/166 240/158/166
f 240/158/169 176/133/169 186/137/169
f 240/158/170 232/136/170 231/149/170
f 188/90/171 234/155/171 178/90/171
f 242/155/172 233/97/172 234/155/172
f 244/157/175 170/133/175 203/133/175
f 243/143/176 227/149/176 244/157/176
f 201/90/177 230/155/177 172/90/177
f 246/155/178 229/140/178 230/155/178
f 216/160/183 133/90/183 125/113/183
f 167/98/189 273/144/189 200/147/189
f 163/95/190 272/162/190 198/95/190
f 256/163/191 271/134/191 272/162/191
f 259/162/192 187/95/192 169/95/192
f 260/134/193 270/164/193 259/162/193
f 261/145/194 191/98/194 173/98/194
f 268/131/197 179/98/197 191/98/197
f 198/95/200 259/162/200 169/95/200
f 272/162/201 260/134/201 259/162/201
f 270/164/202 175/95/202 187/95/202
f 269/134/203 262/162/203 270/164/203
f 261/145/207 199/130/207 168/94/207
f 273/144/208 173/98/208 200/147/208
f 264/129/209 190/94/209 174/94/209
f 328/95/269 357/94/269 327/94/269
f 352/90/280 370/90/280 307/90/280
f 384/109/294 393/109/294 390/109/294
f 127/108/310 409/104/310 207/178/310
f 410/67/311 408/67/311 412/117/311
f 132/122/312 406/179/312 407/110/312
f 132/122/313 404/112/313 127/108/313
f 207/178/314 405/106/314 129/102/314
f 134/67/315 412/117/315 406/179/315
f 406/179/316 411/118/316 125/113/316
f 13/5/321 419/56/321 24/6/321
f 77/31/323 420/45/323 78/87/323
f 77/31/324 419/56/324 418/41/324
f 78/87/325 414/38/325 12/33/325
f 154/116/446 376/116/446 156/116/446
f 153/107/447 374/116/447 154/116/447
f 153/107/448 372/109/448 373/107/448
f 152/109/449 375/109/449 372/109/449
f 377/107/450 155/109/450 157/107/450
f 376/116/451 157/107/451 156/116/451
f 134/67/452 210/229/452 139/151/452
f 139/151/453 210/229/453 410/67/453
f 593/4/455 558/5/455 587/230/455
f 417/11/457 587/10/457 924/12/457
f 604/30/465 564/6/465 593/4/465
f 557/33/466 607/32/466 588/34/466
f 580/22/482 614/13/482 577/13/482
f 588/34/499 31/77/499 16/78/499
f 604/30/500 27/79/500 23/80/500
f 23/80/502 602/30/502 604/30/502
f 924/12/505 558/81/505 919/82/505
f 593/4/506 17/83/506 27/79/506
f 603/32/507 72/80/507 73/77/507
f 602/30/508 607/32/508 604/30/508
f 605/31/510 608/84/510 609/85/510
f 610/86/511 605/31/511 609/85/511
f 611/88/512 606/87/512 610/86/512
f 604/30/513 611/88/513 608/84/513
f 562/89/514 608/84/514 591/25/514
f 610/86/515 562/89/515 566/26/515
f 611/88/516 566/26/516 594/27/516
f 608/84/517 594/27/517 591/25/517
f 615/22/518 612/44/518 614/13/518
f 578/29/519 615/22/519 580/22/519
f 614/13/520 573/44/520 577/13/520
f 573/44/521 613/29/521 578/29/521
f 716/101/535 129/102/535 718/178/535
f 914/104/536 128/105/536 719/152/536
f 643/109/537 650/122/537 648/107/537
f 913/110/538 646/111/538 651/90/538
f 913/110/539 645/113/539 912/179/539
f 720/114/540 654/115/540 721/229/540
f 917/117/541 138/67/541 408/67/541
f 722/119/542 123/103/542 716/101/542
f 657/107/543 723/120/543 724/121/543
f 655/109/544 724/121/544 722/119/544
f 720/114/545 656/116/545 653/116/545
f 648/107/546 654/115/546 653/116/546
f 656/116/547 660/116/547 653/116/547
f 661/109/548 657/107/548 655/109/548
f 657/107/549 662/116/549 656/116/549
f 648/107/550 658/109/550 643/109/550
f 653/116/551 659/107/551 648/107/551
f 658/109/552 655/109/552 643/109/552
f 703/123/553 668/116/553 704/116/553
f 664/109/554 706/109/554 705/109/554
f 706/109/555 669/107/555 703/123/555
f 707/107/556 664/109/556 705/109/556
f 708/116/557 665/107/557 707/107/557
f 704/116/558 666/116/558 708/116/558
f 710/130/563 680/95/563 709/95/563
f 679/94/565 775/131/565 701/94/565
f 700/111/568 689/90/568 699/90/568
f 770/138/569 697/137/569 776/134/569
f 754/139/570 684/98/570 711/147/570
f 737/142/571 713/141/571 752/143/571
f 778/134/572 681/133/572 714/133/572
f 682/111/573 712/90/573 713/141/573
f 710/130/575 765/166/575 780/144/575
f 685/94/576 698/95/576 701/94/576
f 750/139/578 690/98/578 702/98/578
f 748/136/579 688/111/579 700/111/579
f 737/142/584 700/111/584 682/111/584
f 738/140/585 702/98/585 684/98/585
f 701/94/586 680/95/586 679/94/586
f 776/134/587 681/133/587 767/134/587
f 682/111/588 699/90/588 683/90/588
f 704/116/589 660/116/589 662/116/589
f 660/116/590 707/107/590 659/107/590
f 659/107/591 705/109/591 658/109/591
f 706/109/592 663/107/592 661/109/592
f 705/109/593 661/109/593 658/109/593
f 663/107/594 704/116/594 662/116/594
f 713/141/595 677/90/595 676/111/595
f 764/134/596 714/133/596 675/133/596
f 752/143/597 676/111/597 733/136/597
f 734/97/598 711/147/598 678/98/598
f 673/94/599 709/95/599 674/95/599
f 136/78/602 723/120/602 720/114/602
f 140/103/603 724/121/603 144/107/603
f 144/107/604 723/120/604 143/78/604
f 655/109/605 716/101/605 643/109/605
f 720/114/606 139/151/606 136/78/606
f 911/112/607 719/152/607 646/111/607
f 716/101/608 647/108/608 643/109/608
f 677/90/612 755/155/612 735/91/612
f 735/91/613 754/139/613 734/97/613
f 714/133/614 732/156/614 675/133/614
f 753/157/615 733/136/615 732/156/615
f 683/90/616 751/155/616 739/155/616
f 739/155/617 750/139/617 738/140/617
f 697/137/618 736/149/618 681/133/618
f 736/149/619 748/136/619 737/142/619
f 687/133/622 749/158/622 697/137/622
f 749/158/623 741/136/623 748/136/623
f 699/90/624 743/155/624 751/155/624
f 751/155/625 742/97/625 750/139/625
f 681/133/628 753/157/628 714/133/628
f 736/149/629 752/143/629 753/157/629
f 712/90/630 739/155/630 755/155/630
f 755/155/631 738/140/631 754/139/631
f 651/90/636 727/160/636 645/113/636
f 678/98/642 780/144/642 765/166/642
f 674/95/643 779/162/643 763/163/643
f 763/163/644 778/134/644 764/134/644
f 698/95/645 766/162/645 680/95/645
f 777/164/646 767/134/646 766/162/646
f 702/98/647 768/145/647 684/98/647
f 690/98/650 775/131/650 702/98/650
f 709/95/653 766/162/653 779/162/653
f 779/162/654 767/134/654 778/134/654
f 686/95/655 777/164/655 698/95/655
f 769/162/656 776/134/656 777/164/656
f 710/130/660 768/145/660 679/94/660
f 684/98/661 780/144/661 711/147/661
f 685/94/662 775/131/662 771/129/662
f 864/94/721 835/95/721 834/94/721
f 877/90/732 859/90/732 814/90/732
f 891/109/746 900/109/746 894/109/746
f 647/108/762 914/104/762 911/112/762
f 915/67/763 408/67/763 139/67/763
f 650/122/764 912/179/764 652/67/764
f 650/122/765 911/112/765 913/110/765
f 718/178/766 405/106/766 914/104/766
f 652/67/767 917/117/767 915/67/767
f 912/179/768 916/118/768 917/117/768
f 921/56/773 558/5/773 564/6/773
f 922/45/775 605/31/775 606/87/775
f 605/31/776 921/56/776 564/6/776
f 918/38/777 606/87/777 557/33/777
f 666/116/898 883/116/898 881/116/898
f 881/116/899 665/107/899 666/116/899
f 665/107/900 879/109/900 664/109/900
f 664/109/901 882/109/901 667/109/901
f 667/109/902 884/107/902 669/107/902
f 668/116/903 884/107/903 883/116/903
f 139/151/904 721/229/904 652/67/904
f 139/151/905 915/67/905 721/229/905
f 63/4/907 57/230/907 13/5/907
f 57/10/909 17/92/909 417/11/909
f 76/30/917 63/4/917 24/6/917
f 79/32/918 78/87/918 12/33/918
f 49/22/934 45/13/934 86/13/934
f 31/77/950 79/32/950 58/34/950
f 27/79/951 63/4/951 76/30/951
f 23/80/953 76/30/953 74/30/953
f 13/81/956 57/10/956 422/12/956
f 17/83/907 57/230/907 63/4/907
f 72/80/957 74/30/957 75/32/957
f 79/32/958 75/32/958 74/30/958
f 80/84/960 76/30/960 77/31/960
f 82/86/961 81/85/961 77/31/961
f 83/88/962 82/86/962 78/87/962
f 83/88/963 79/32/963 76/30/963
f 20/89/964 61/25/964 80/84/964
f 20/89/965 81/85/965 82/86/965
f 28/26/966 82/86/966 83/88/966
f 64/27/967 83/88/967 80/84/967
f 84/44/968 85/29/968 87/22/968
f 47/29/969 49/22/969 87/22/969
f 41/44/970 84/44/970 86/13/970
f 41/44/971 47/29/971 85/29/971
f 205/101/984 207/178/984 129/102/984
f 409/104/985 208/152/985 128/105/985
f 130/107/986 132/122/986 127/108/986
f 407/110/987 133/90/987 126/111/987
f 407/110/988 406/179/988 125/113/988
f 209/114/989 210/229/989 137/115/989
f 412/117/990 408/67/990 138/67/990
f 123/103/991 140/103/991 211/119/991
f 212/120/992 142/116/992 145/107/992
f 213/121/993 145/107/993 141/109/993
f 209/114/994 135/116/994 142/116/994
f 135/116/995 137/115/995 132/122/995
f 142/116/996 135/116/996 148/116/996
f 145/107/997 151/107/997 149/109/997
f 145/107/998 142/116/998 150/116/998
f 130/107/999 120/109/999 146/109/999
f 135/116/1000 130/107/1000 147/107/1000
f 141/109/1001 149/109/1001 146/109/1001
f 192/123/1002 193/116/1002 156/116/1002
f 195/109/1003 155/109/1003 152/109/1003
f 195/109/1004 192/123/1004 157/107/1004
f 194/109/1005 152/109/1005 153/107/1005
f 196/107/1006 153/107/1006 154/116/1006
f 193/116/1007 197/116/1007 154/116/1007
f 199/130/1012 198/95/1012 169/95/1012
f 268/131/1014 261/145/1014 168/94/1014
f 189/111/1017 188/90/1017 178/90/1017
f 186/137/1018 176/133/1018 263/138/1018
f 245/139/1019 200/147/1019 173/98/1019
f 202/141/1020 171/111/1020 228/142/1020
f 271/134/1021 203/133/1021 170/133/1021
f 201/90/1022 172/90/1022 171/111/1022
f 273/144/1024 258/166/1024 162/94/1024
f 187/95/1025 175/95/1025 174/94/1025
f 241/139/1027 191/98/1027 179/98/1027
f 239/136/1028 189/111/1028 177/111/1028
f 228/142/1033 171/111/1033 189/111/1033
f 229/140/1034 173/98/1034 191/98/1034
f 169/95/1035 187/95/1035 190/94/1035
f 170/133/1036 186/137/1036 269/134/1036
f 171/111/1037 172/90/1037 188/90/1037
f 148/116/1038 197/116/1038 193/116/1038
f 148/116/1039 147/107/1039 196/107/1039
f 147/107/1040 146/109/1040 194/109/1040
f 151/107/1041 192/123/1041 195/109/1041
f 149/109/1042 195/109/1042 194/109/1042
f 150/116/1043 193/116/1043 192/123/1043
f 166/90/1044 201/90/1044 202/141/1044
f 257/134/1045 164/133/1045 203/133/1045
f 165/111/1046 202/141/1046 243/143/1046
f 225/97/1047 167/98/1047 200/147/1047
f 162/94/1048 163/95/1048 198/95/1048
f 136/78/1059 209/114/1059 212/120/1059
f 144/107/1060 213/121/1060 211/119/1060
f 143/78/1061 212/120/1061 213/121/1061
f 205/101/1062 211/119/1062 141/109/1062
f 139/151/1063 210/229/1063 209/114/1063
f 404/112/1064 126/111/1064 208/152/1064
f 127/108/1065 207/178/1065 205/101/1065
f 166/90/1069 226/91/1069 246/155/1069
f 226/91/1070 225/97/1070 245/139/1070
f 223/156/1071 244/157/1071 203/133/1071
f 224/136/1072 243/143/1072 244/157/1072
f 172/90/1073 230/155/1073 242/155/1073
f 230/155/1074 229/140/1074 241/139/1074
f 170/133/1075 227/149/1075 240/158/1075
f 227/149/1076 228/142/1076 239/136/1076
f 240/158/1079 231/149/1079 176/133/1079
f 240/158/1080 239/136/1080 232/136/1080
f 188/90/1081 242/155/1081 234/155/1081
f 242/155/1082 241/139/1082 233/97/1082
f 244/157/1085 227/149/1085 170/133/1085
f 243/143/1086 228/142/1086 227/149/1086
f 201/90/1087 246/155/1087 230/155/1087
f 246/155/1088 245/139/1088 229/140/1088
f 216/160/1093 222/155/1093 133/90/1093
f 167/98/1099 258/166/1099 273/144/1099
f 163/95/1100 256/163/1100 272/162/1100
f 256/163/1101 257/134/1101 271/134/1101
f 259/162/1102 270/164/1102 187/95/1102
f 260/134/1103 269/134/1103 270/164/1103
f 261/145/1104 268/131/1104 191/98/1104
f 268/131/1106 264/129/1106 179/98/1106
f 198/95/1109 272/162/1109 259/162/1109
f 272/162/1110 271/134/1110 260/134/1110
f 270/164/1111 262/162/1111 175/95/1111
f 269/134/1112 263/138/1112 262/162/1112
f 261/145/1116 273/144/1116 199/130/1116
f 273/144/1117 261/145/1117 173/98/1117
f 264/129/1118 268/131/1118 190/94/1118
f 328/95/1167 358/95/1167 357/94/1167
f 352/90/280 355/90/280 370/90/280
f 384/109/1200 387/109/1200 393/109/1200
f 127/108/1216 404/112/1216 409/104/1216
f 410/67/1217 139/67/1217 408/67/1217
f 132/122/1218 134/67/1218 406/179/1218
f 132/122/1219 407/110/1219 404/112/1219
f 207/178/1220 409/104/1220 405/106/1220
f 134/67/1221 410/67/1221 412/117/1221
f 406/179/1222 412/117/1222 411/118/1222
f 13/5/1225 416/55/1225 419/56/1225
f 77/31/1227 418/41/1227 420/45/1227
f 77/31/1228 24/6/1228 419/56/1228
f 78/87/921 420/45/921 414/38/921
f 154/116/1367 374/116/1367 376/116/1367
f 153/107/1368 373/107/1368 374/116/1368
f 153/107/1369 152/109/1369 372/109/1369
f 152/109/1370 155/109/1370 375/109/1370
f 377/107/1371 375/109/1371 155/109/1371
f 376/116/1372 377/107/1372 157/107/1372
f 139/151/1373 410/67/1373 134/67/1373
f 134/67/1374 137/115/1374 210/229/1374
f 593/4/1376 564/6/1376 558/5/1376
f 417/11/1378 17/92/1378 587/10/1378
f 604/30/1386 605/31/1386 564/6/1386
f 557/33/1387 606/87/1387 607/32/1387
f 580/22/1403 615/22/1403 614/13/1403
f 588/34/1419 607/32/1419 31/77/1419
f 604/30/1420 593/4/1420 27/79/1420
f 23/80/1422 72/80/1422 602/30/1422
f 924/12/1425 587/10/1425 558/81/1425
f 593/4/455 587/230/455 17/83/455
f 603/32/1426 602/30/1426 72/80/1426
f 602/30/1427 603/32/1427 607/32/1427
f 605/31/1429 604/30/1429 608/84/1429
f 610/86/1430 606/87/1430 605/31/1430
f 611/88/1431 607/32/1431 606/87/1431
f 604/30/1432 607/32/1432 611/88/1432
f 562/89/1433 609/85/1433 608/84/1433
f 610/86/1434 609/85/1434 562/89/1434
f 611/88/1435 610/86/1435 566/26/1435
f 608/84/1436 611/88/1436 594/27/1436
f 615/22/1437 613/29/1437 612/44/1437
f 578/29/1438 613/29/1438 615/22/1438
f 614/13/1439 612/44/1439 573/44/1439
f 573/44/1440 612/44/1440 613/29/1440
f 716/101/1453 123/103/1453 129/102/1453
f 914/104/1454 405/106/1454 128/105/1454
f 643/109/1455 647/108/1455 650/122/1455
f 913/110/1456 911/112/1456 646/111/1456
f 913/110/1457 651/90/1457 645/113/1457
f 720/114/1458 653/116/1458 654/115/1458
f 917/117/1459 916/118/1459 138/67/1459
f 722/119/1460 140/103/1460 123/103/1460
f 657/107/1461 656/116/1461 723/120/1461
f 655/109/1462 657/107/1462 724/121/1462
f 720/114/1463 723/120/1463 656/116/1463
f 648/107/1464 650/122/1464 654/115/1464
f 656/116/1465 662/116/1465 660/116/1465
f 661/109/1466 663/107/1466 657/107/1466
f 657/107/1467 663/107/1467 662/116/1467
f 648/107/1468 659/107/1468 658/109/1468
f 653/116/1469 660/116/1469 659/107/1469
f 658/109/1470 661/109/1470 655/109/1470
f 703/123/1471 669/107/1471 668/116/1471
f 664/109/1472 667/109/1472 706/109/1472
f 706/109/1473 667/109/1473 669/107/1473
f 707/107/1474 665/107/1474 664/109/1474
f 708/116/1475 666/116/1475 665/107/1475
f 704/116/1476 668/116/1476 666/116/1476
f 710/130/1481 679/94/1481 680/95/1481
f 679/94/1483 768/145/1483 775/131/1483
f 700/111/1486 688/111/1486 689/90/1486
f 770/138/1487 687/133/1487 697/137/1487
f 754/139/1488 738/140/1488 684/98/1488
f 737/142/1489 682/111/1489 713/141/1489
f 778/134/1490 767/134/1490 681/133/1490
f 682/111/1491 683/90/1491 712/90/1491
f 710/130/1493 673/94/1493 765/166/1493
f 685/94/1494 686/95/1494 698/95/1494
f 750/139/1496 742/97/1496 690/98/1496
f 748/136/1497 741/136/1497 688/111/1497
f 737/142/1502 748/136/1502 700/111/1502
f 738/140/1503 750/139/1503 702/98/1503
f 701/94/1504 698/95/1504 680/95/1504
f 776/134/1505 697/137/1505 681/133/1505
f 682/111/1506 700/111/1506 699/90/1506
f 704/116/1507 708/116/1507 660/116/1507
f 660/116/1508 708/116/1508 707/107/1508
f 659/107/1509 707/107/1509 705/109/1509
f 706/109/1510 703/123/1510 663/107/1510
f 705/109/1511 706/109/1511 661/109/1511
f 663/107/1512 703/123/1512 704/116/1512
f 713/141/1513 712/90/1513 677/90/1513
f 764/134/1514 778/134/1514 714/133/1514
f 752/143/1515 713/141/1515 676/111/1515
f 734/97/1516 754/139/1516 711/147/1516
f 673/94/1517 710/130/1517 709/95/1517
f 136/78/1528 143/78/1528 723/120/1528
f 140/103/1529 722/119/1529 724/121/1529
f 144/107/1530 724/121/1530 723/120/1530
f 655/109/1531 722/119/1531 716/101/1531
f 720/114/1532 721/229/1532 139/151/1532
f 911/112/1533 914/104/1533 719/152/1533
f 716/101/1534 718/178/1534 647/108/1534
f 677/90/1538 712/90/1538 755/155/1538
f 735/91/1539 755/155/1539 754/139/1539
f 714/133/1540 753/157/1540 732/156/1540
f 753/157/1541 752/143/1541 733/136/1541
f 683/90/1542 699/90/1542 751/155/1542
f 739/155/1543 751/155/1543 750/139/1543
f 697/137/1544 749/158/1544 736/149/1544
f 736/149/1545 749/158/1545 748/136/1545
f 687/133/1548 740/149/1548 749/158/1548
f 749/158/1549 740/149/1549 741/136/1549
f 699/90/1550 689/90/1550 743/155/1550
f 751/155/1551 743/155/1551 742/97/1551
f 681/133/1554 736/149/1554 753/157/1554
f 736/149/1555 737/142/1555 752/143/1555
f 712/90/1556 683/90/1556 739/155/1556
f 755/155/1557 739/155/1557 738/140/1557
f 651/90/1562 731/155/1562 727/160/1562
f 678/98/1568 711/147/1568 780/144/1568
f 674/95/1569 709/95/1569 779/162/1569
f 763/163/1570 779/162/1570 778/134/1570
f 698/95/1571 777/164/1571 766/162/1571
f 777/164/1572 776/134/1572 767/134/1572
f 702/98/1573 775/131/1573 768/145/1573
f 690/98/1576 771/129/1576 775/131/1576
f 709/95/1579 680/95/1579 766/162/1579
f 779/162/1580 766/162/1580 767/134/1580
f 686/95/1581 769/162/1581 777/164/1581
f 769/162/1582 770/138/1582 776/134/1582
f 710/130/1586 780/144/1586 768/145/1586
f 684/98/1587 768/145/1587 780/144/1587
f 685/94/1588 701/94/1588 775/131/1588
f 864/94/1638 865/95/1638 835/95/1638
f 877/90/732 862/90/732 859/90/732
f 891/109/1671 897/109/1671 900/109/1671
f 647/108/1687 718/178/1687 914/104/1687
f 915/67/1688 917/117/1688 408/67/1688
f 650/122/1689 913/110/1689 912/179/1689
f 650/122/1690 647/108/1690 911/112/1690
f 718/178/1691 129/102/1691 405/106/1691
f 652/67/1692 912/179/1692 917/117/1692
f 912/179/1693 645/113/1693 916/118/1693
f 921/56/1696 919/55/1696 558/5/1696
f 922/45/1698 920/41/1698 605/31/1698
f 605/31/1699 920/41/1699 921/56/1699
f 918/38/469 922/45/469 606/87/469
f 666/116/1838 668/116/1838 883/116/1838
f 881/116/1839 880/107/1839 665/107/1839
f 665/107/1840 880/107/1840 879/109/1840
f 664/109/1841 879/109/1841 882/109/1841
f 667/109/1842 882/109/1842 884/107/1842
f 668/116/1843 669/107/1843 884/107/1843
f 652/67/1844 915/67/1844 139/151/1844
f 721/229/1845 654/115/1845 652/67/1845
usemtl Material.003
f 61/25/9 28/26/9 64/27/9
f 31/77/56 75/32/56 79/32/56
f 566/26/462 591/25/462 594/27/462
f 603/32/509 31/77/509 607/32/509
f 61/25/914 20/89/914 28/26/914
f 31/77/959 73/77/959 75/32/959
f 566/26/1383 562/89/1383 591/25/1383
f 603/32/1428 73/77/1428 31/77/1428
usemtl Material.005
f 6/1/1 56/2/1 54/3/1
f 18/7/3 25/8/3 48/9/3
f 45/13/5 50/14/5 32/15/5
f 59/16/6 26/17/6 62/18/6
f 60/19/7 30/20/7 65/21/7
f 49/22/8 21/23/8 29/24/8
f 60/19/10 26/17/10 22/28/10
f 47/29/11 25/8/11 21/23/11
f 49/22/14 14/35/14 50/14/14
f 59/16/15 46/36/15 19/37/15
f 414/38/16 44/39/16 33/40/16
f 44/39/17 32/15/17 33/40/17
f 418/41/18 42/42/18 40/43/18
f 42/42/19 41/44/19 40/43/19
f 418/41/20 44/39/20 420/45/20
f 40/43/21 45/13/21 44/39/21
f 66/46/22 415/47/22 421/48/22
f 66/46/23 38/49/23 39/50/23
f 70/51/24 37/52/24 46/36/24
f 68/53/25 36/54/25 37/52/25
f 416/55/26 42/42/26 419/56/26
f 42/42/27 35/57/27 43/58/27
f 43/58/28 47/29/28 41/44/28
f 35/57/30 48/9/30 43/58/30
f 52/59/31 65/21/31 71/60/31
f 51/61/32 29/24/32 52/59/32
f 8/62/33 71/60/33 55/63/33
f 9/64/34 52/59/34 8/62/34
f 10/65/35 51/61/35 9/64/35
f 56/2/36 32/66/36 10/65/36
f 50/67/37 10/65/37 32/66/37
f 11/1/38 67/68/38 56/2/38
f 55/63/39 53/69/39 7/70/39
f 71/60/40 30/20/40 53/69/40
f 35/71/41 69/72/41 68/53/41
f 18/73/42 68/53/42 70/51/42
f 33/74/43 67/68/43 66/46/43
f 33/74/44 421/48/44 414/75/44
f 15/76/45 70/51/45 59/16/45
f 25/8/48 60/19/48 21/23/48
f 21/23/50 65/21/50 29/24/50
f 15/76/51 62/18/51 25/8/51
f 117/3/70 102/92/70 108/1/70
f 116/63/71 103/37/71 115/93/71
f 104/94/72 105/65/72 107/64/72
f 101/95/73 107/64/73 109/62/73
f 105/65/74 112/64/74 107/64/74
f 107/64/75 111/62/75 109/62/75
f 55/63/76 106/70/76 116/63/76
f 109/62/77 115/93/77 101/95/77
f 117/3/78 113/65/78 105/65/78
f 105/65/79 114/96/79 117/3/79
f 221/97/80 167/98/80 225/97/80
f 274/99/81 124/37/81 253/100/81
f 158/124/106 221/97/106 215/125/106
f 247/126/107 160/127/107 219/128/107
f 126/111/108 166/90/108 165/111/108
f 131/94/111 163/95/111 162/94/111
f 252/132/113 164/133/113 257/134/113
f 218/135/114 165/111/114 224/136/114
f 255/145/124 119/146/124 131/94/124
f 204/148/147 215/125/147 125/113/147
f 217/149/148 214/150/148 247/126/148
f 121/95/156 274/99/156 251/153/156
f 126/111/157 248/154/157 208/152/157
f 218/135/158 247/126/158 248/154/158
f 159/133/179 223/156/179 164/133/179
f 217/149/180 224/136/180 223/156/180
f 208/152/181 220/159/181 128/105/181
f 248/154/182 219/128/182 220/159/182
f 215/125/184 222/155/184 216/160/184
f 222/155/185 166/90/185 133/90/185
f 222/155/186 225/97/186 226/91/186
f 252/132/187 214/150/187 159/133/187
f 251/153/188 275/161/188 252/132/188
f 162/94/199 255/145/199 131/94/199
f 121/95/204 256/163/204 163/95/204
f 251/153/205 257/134/205 256/163/205
f 161/98/206 258/166/206 167/98/206
f 250/167/210 161/98/210 158/124/210
f 214/150/211 254/168/211 160/127/211
f 275/161/212 253/100/212 254/168/212
f 124/37/317 206/93/317 103/67/317
f 8/62/318 116/63/318 109/62/318
f 416/82/319 69/72/319 34/180/319
f 422/12/326 36/54/326 69/72/326
f 586/2/454 6/1/454 584/3/454
f 565/8/456 561/7/456 579/9/456
f 581/14/458 577/13/458 568/15/458
f 26/17/459 589/16/459 592/18/459
f 30/20/460 590/19/460 595/21/460
f 580/22/461 563/23/461 578/29/461
f 590/19/463 26/17/463 592/18/463
f 578/29/464 565/8/464 579/9/464
f 559/35/467 580/22/467 581/14/467
f 589/16/468 46/36/468 600/51/468
f 918/38/469 576/39/469 922/45/469
f 568/15/470 576/39/470 569/40/470
f 920/41/471 574/42/471 921/56/471
f 573/44/472 574/42/472 572/43/472
f 576/39/473 920/41/473 922/45/473
f 577/13/474 572/43/474 576/39/474
f 415/47/475 596/46/475 923/48/475
f 596/46/476 38/49/476 597/68/476
f 600/51/477 37/52/477 598/53/477
f 598/53/478 36/54/478 599/72/478
f 574/42/479 919/55/479 921/56/479
f 574/42/480 571/57/480 570/231/480
f 578/29/481 575/58/481 573/44/481
f 579/9/483 571/57/483 575/58/483
f 595/21/484 583/59/484 601/60/484
f 567/24/485 582/61/485 583/59/485
f 601/60/486 554/62/486 585/63/486
f 583/59/487 555/64/487 554/62/487
f 556/65/488 582/61/488 581/67/488
f 586/2/489 568/66/489 597/68/489
f 581/67/490 568/66/490 556/65/490
f 11/1/491 597/68/491 38/49/491
f 53/69/492 585/63/492 7/70/492
f 30/20/493 601/60/493 53/69/493
f 571/71/494 599/72/494 570/180/494
f 561/73/495 598/53/495 571/71/495
f 569/74/496 597/68/496 568/66/496
f 923/48/497 569/74/497 918/75/497
f 560/76/498 600/51/498 561/73/498
f 590/19/501 565/8/501 563/23/501
f 595/21/503 563/23/503 567/24/503
f 592/18/504 560/76/504 565/8/504
f 640/3/523 102/92/523 637/96/523
f 103/37/524 639/63/524 638/93/524
f 630/94/525 631/65/525 628/146/525
f 633/62/526 630/94/526 629/95/526
f 635/64/527 631/65/527 632/64/527
f 634/62/528 632/64/528 633/62/528
f 585/63/529 106/70/529 7/70/529
f 638/93/530 633/62/530 629/95/530
f 636/65/531 640/3/531 631/65/531
f 631/65/532 637/96/532 628/146/532
f 730/97/533 678/98/533 672/98/533
f 781/99/534 124/37/534 717/93/534
f 730/97/559 670/124/559 726/125/559
f 756/126/560 160/127/560 725/150/560
f 646/111/561 677/90/561 651/90/561
f 649/94/564 674/95/564 644/95/564
f 761/132/566 675/133/566 671/133/566
f 729/135/567 676/111/567 646/111/567
f 642/146/577 762/145/577 649/94/577
f 413/232/600 727/160/600 642/233/600
f 728/149/601 725/150/601 671/133/601
f 781/99/609 644/95/609 760/153/609
f 646/111/610 757/154/610 729/135/610
f 729/135/611 756/126/611 728/149/611
f 671/133/632 732/156/632 728/149/632
f 728/149/633 733/136/633 729/135/633
f 719/152/634 220/159/634 757/154/634
f 757/154/635 219/128/635 756/126/635
f 731/155/637 726/125/637 727/160/637
f 677/90/638 731/155/638 651/90/638
f 735/91/639 730/97/639 731/155/639
f 725/150/640 761/132/640 671/133/640
f 782/161/641 760/153/641 761/132/641
f 673/94/652 762/145/652 765/166/652
f 644/95/657 763/163/657 760/153/657
f 760/153/658 764/134/658 761/132/658
f 672/98/659 765/166/659 762/145/659
f 672/98/663 759/167/663 670/124/663
f 725/150/664 254/168/664 782/161/664
f 782/161/665 253/100/665 781/99/665
f 124/37/769 103/67/769 717/93/769
f 554/62/770 639/63/770 585/63/770
f 599/72/771 919/82/771 570/180/771
f 36/54/778 924/12/778 599/72/778
f 6/1/906 11/1/906 56/2/906
f 18/7/908 15/76/908 25/8/908
f 45/13/910 49/22/910 50/14/910
f 59/16/911 19/37/911 26/17/911
f 60/19/912 22/28/912 30/20/912
f 49/22/913 47/29/913 21/23/913
f 60/19/915 62/18/915 26/17/915
f 47/29/916 48/9/916 25/8/916
f 49/22/919 29/24/919 14/35/919
f 59/16/920 70/51/920 46/36/920
f 414/38/921 420/45/921 44/39/921
f 44/39/922 45/13/922 32/15/922
f 418/41/923 419/56/923 42/42/923
f 42/42/924 43/58/924 41/44/924
f 418/41/925 40/43/925 44/39/925
f 40/43/926 41/44/926 45/13/926
f 66/46/927 39/50/927 415/47/927
f 66/46/928 67/68/928 38/49/928
f 70/51/929 68/53/929 37/52/929
f 68/53/930 69/72/930 36/54/930
f 416/55/931 34/231/931 42/42/931
f 42/42/932 34/231/932 35/57/932
f 43/58/933 48/9/933 47/29/933
f 35/57/935 18/7/935 48/9/935
f 52/59/936 29/24/936 65/21/936
f 51/61/937 50/67/937 29/24/937
f 8/62/938 52/59/938 71/60/938
f 9/64/939 51/61/939 52/59/939
f 10/65/940 50/67/940 51/61/940
f 56/2/941 67/68/941 32/66/941
f 11/1/942 38/49/942 67/68/942
f 55/63/943 71/60/943 53/69/943
f 71/60/944 65/21/944 30/20/944
f 35/71/945 34/180/945 69/72/945
f 18/73/946 35/71/946 68/53/946
f 33/74/947 32/66/947 67/68/947
f 33/74/948 66/46/948 421/48/948
f 15/76/949 18/73/949 70/51/949
f 25/8/952 62/18/952 60/19/952
f 21/23/954 60/19/954 65/21/954
f 15/76/955 59/16/955 62/18/955
f 117/3/972 114/96/972 102/92/972
f 116/63/973 106/70/973 103/37/973
f 104/94/974 100/146/974 105/65/974
f 101/95/975 104/94/975 107/64/975
f 105/65/976 113/65/976 112/64/976
f 107/64/977 112/64/977 111/62/977
f 55/63/978 7/70/978 106/70/978
f 109/62/979 116/63/979 115/93/979
f 117/3/980 118/2/980 113/65/980
f 105/65/981 100/146/981 114/96/981
f 221/97/982 161/98/982 167/98/982
f 274/99/983 206/93/983 124/37/983
f 158/124/1008 161/98/1008 221/97/1008
f 247/126/1009 214/150/1009 160/127/1009
f 126/111/1010 133/90/1010 166/90/1010
f 131/94/1013 121/95/1013 163/95/1013
f 252/132/1015 159/133/1015 164/133/1015
f 218/135/1016 126/111/1016 165/111/1016
f 255/145/1026 250/167/1026 119/146/1026
f 413/232/1049 122/92/1049 204/148/1049
f 204/148/1050 119/233/1050 249/234/1050
f 250/167/1051 158/124/1051 215/125/1051
f 204/148/1052 249/234/1052 250/167/1052
f 138/67/1053 413/232/1053 204/148/1053
f 125/113/1054 411/118/1054 138/67/1054
f 215/125/1055 216/160/1055 125/113/1055
f 204/148/1056 250/167/1056 215/125/1056
f 125/113/1057 138/67/1057 204/148/1057
f 217/149/1058 159/133/1058 214/150/1058
f 121/95/1066 206/93/1066 274/99/1066
f 126/111/1067 218/135/1067 248/154/1067
f 218/135/1068 217/149/1068 247/126/1068
f 159/133/1089 217/149/1089 223/156/1089
f 217/149/1090 218/135/1090 224/136/1090
f 208/152/1091 248/154/1091 220/159/1091
f 248/154/1092 247/126/1092 219/128/1092
f 215/125/1094 221/97/1094 222/155/1094
f 222/155/1095 226/91/1095 166/90/1095
f 222/155/1096 221/97/1096 225/97/1096
f 252/132/1097 275/161/1097 214/150/1097
f 251/153/1098 274/99/1098 275/161/1098
f 162/94/1108 258/166/1108 255/145/1108
f 121/95/1113 251/153/1113 256/163/1113
f 251/153/1114 252/132/1114 257/134/1114
f 161/98/1115 255/145/1115 258/166/1115
f 250/167/1119 255/145/1119 161/98/1119
f 214/150/1120 275/161/1120 254/168/1120
f 275/161/1121 274/99/1121 253/100/1121
f 8/62/1223 55/63/1223 116/63/1223
f 416/82/4 422/12/4 69/72/4
f 422/12/1229 417/11/1229 36/54/1229
f 586/2/1375 11/1/1375 6/1/1375
f 565/8/1377 560/76/1377 561/7/1377
f 581/14/1379 580/22/1379 577/13/1379
f 26/17/1380 19/37/1380 589/16/1380
f 30/20/1381 22/28/1381 590/19/1381
f 580/22/1382 567/24/1382 563/23/1382
f 590/19/1384 22/28/1384 26/17/1384
f 578/29/1385 563/23/1385 565/8/1385
f 559/35/1388 567/24/1388 580/22/1388
f 589/16/1389 19/37/1389 46/36/1389
f 918/38/1390 569/40/1390 576/39/1390
f 568/15/1391 577/13/1391 576/39/1391
f 920/41/1392 572/43/1392 574/42/1392
f 573/44/1393 575/58/1393 574/42/1393
f 576/39/1394 572/43/1394 920/41/1394
f 577/13/1395 573/44/1395 572/43/1395
f 415/47/1396 39/50/1396 596/46/1396
f 596/46/1397 39/50/1397 38/49/1397
f 600/51/1398 46/36/1398 37/52/1398
f 598/53/1399 37/52/1399 36/54/1399
f 574/42/1400 570/231/1400 919/55/1400
f 574/42/1401 575/58/1401 571/57/1401
f 578/29/1402 579/9/1402 575/58/1402
f 579/9/1404 561/7/1404 571/57/1404
f 595/21/1405 567/24/1405 583/59/1405
f 567/24/1406 581/67/1406 582/61/1406
f 601/60/1407 583/59/1407 554/62/1407
f 583/59/1408 582/61/1408 555/64/1408
f 556/65/1409 555/64/1409 582/61/1409
f 586/2/1410 556/65/1410 568/66/1410
f 11/1/1411 586/2/1411 597/68/1411
f 53/69/1412 601/60/1412 585/63/1412
f 30/20/1413 595/21/1413 601/60/1413
f 571/71/1414 598/53/1414 599/72/1414
f 561/73/1415 600/51/1415 598/53/1415
f 569/74/1416 596/46/1416 597/68/1416
f 923/48/1417 596/46/1417 569/74/1417
f 560/76/1418 589/16/1418 600/51/1418
f 590/19/1421 592/18/1421 565/8/1421
f 595/21/1423 590/19/1423 563/23/1423
f 592/18/1424 589/16/1424 560/76/1424
f 640/3/1441 108/1/1441 102/92/1441
f 103/37/1442 106/70/1442 639/63/1442
f 630/94/1443 632/64/1443 631/65/1443
f 633/62/1444 632/64/1444 630/94/1444
f 635/64/1445 636/65/1445 631/65/1445
f 634/62/1446 635/64/1446 632/64/1446
f 585/63/1447 639/63/1447 106/70/1447
f 638/93/1448 639/63/1448 633/62/1448
f 636/65/1449 641/2/1449 640/3/1449
f 631/65/1450 640/3/1450 637/96/1450
f 730/97/1451 734/97/1451 678/98/1451
f 781/99/1452 253/100/1452 124/37/1452
f 730/97/1477 672/98/1477 670/124/1477
f 756/126/1478 219/128/1478 160/127/1478
f 646/111/1479 676/111/1479 677/90/1479
f 649/94/1482 673/94/1482 674/95/1482
f 761/132/1484 764/134/1484 675/133/1484
f 729/135/1485 733/136/1485 676/111/1485
f 642/146/1495 759/167/1495 762/145/1495
f 715/148/1518 122/92/1518 413/232/1518
f 413/232/1519 138/67/1519 916/118/1519
f 916/118/1520 645/113/1520 727/160/1520
f 727/160/1521 726/125/1521 670/124/1521
f 759/167/1522 758/234/1522 642/233/1522
f 727/160/1523 670/124/1523 759/167/1523
f 413/232/1524 916/118/1524 727/160/1524
f 642/233/1525 715/148/1525 413/232/1525
f 727/160/1526 759/167/1526 642/233/1526
f 728/149/1527 756/126/1527 725/150/1527
f 781/99/1535 717/93/1535 644/95/1535
f 646/111/1536 719/152/1536 757/154/1536
f 729/135/1537 757/154/1537 756/126/1537
f 671/133/1558 675/133/1558 732/156/1558
f 728/149/1559 732/156/1559 733/136/1559
f 719/152/1560 128/105/1560 220/159/1560
f 757/154/1561 220/159/1561 219/128/1561
f 731/155/1563 730/97/1563 726/125/1563
f 677/90/1564 735/91/1564 731/155/1564
f 735/91/1565 734/97/1565 730/97/1565
f 725/150/1566 782/161/1566 761/132/1566
f 782/161/1567 781/99/1567 760/153/1567
f 673/94/1578 649/94/1578 762/145/1578
f 644/95/1583 674/95/1583 763/163/1583
f 760/153/1584 763/163/1584 764/134/1584
f 672/98/1585 678/98/1585 765/166/1585
f 672/98/1589 762/145/1589 759/167/1589
f 725/150/1590 160/127/1590 254/168/1590
f 782/161/1591 254/168/1591 253/100/1591
f 554/62/1694 633/62/1694 639/63/1694
f 599/72/457 924/12/457 919/82/457
f 36/54/1700 417/11/1700 924/12/1700
usemtl Material.006
f 5/90/69 90/91/69 89/90/69
f 180/94/109 264/129/109 174/94/109
f 179/98/121 237/97/121 233/97/121
f 177/111/127 236/136/127 232/136/127
f 176/133/128 266/134/128 263/138/128
f 178/90/129 183/111/129 177/111/129
f 174/94/130 181/95/130 180/94/130
f 231/149/167 182/133/167 176/133/167
f 232/136/168 235/149/168 231/149/168
f 234/155/173 184/90/173 178/90/173
f 233/97/174 238/91/174 234/155/174
f 175/95/195 265/162/195 181/95/195
f 262/162/196 266/134/196 265/162/196
f 179/98/198 267/165/198 185/98/198
f 279/111/213 286/90/213 285/111/213
f 295/134/214 284/133/214 298/134/214
f 276/94/215 283/95/215 282/94/215
f 289/97/216 287/98/216 292/97/216
f 288/149/217 284/133/217 278/133/217
f 280/90/218 293/91/218 286/90/218
f 290/91/219 292/97/219 293/91/219
f 281/98/220 299/145/220 287/98/220
f 277/95/221 297/169/221 283/95/221
f 294/162/222 298/134/222 297/169/222
f 282/94/223 296/165/223 276/94/223
f 291/149/224 279/111/224 285/111/224
f 312/145/225 313/94/225 321/145/225
f 316/111/226 354/111/226 353/111/226
f 301/95/227 313/94/227 300/94/227
f 303/111/228 307/90/228 354/111/228
f 306/149/229 316/111/229 323/149/229
f 308/97/230 318/91/230 309/91/230
f 305/98/230 324/97/230 308/97/230
f 353/111/231 355/90/231 352/90/231
f 302/133/232 323/149/232 320/133/232
f 310/169/233 314/95/233 301/95/233
f 311/134/234 320/133/234 319/134/234
f 353/111/235 371/111/235 369/111/235
f 311/134/236 325/169/236 310/169/236
f 305/98/225 321/145/225 322/98/225
f 339/90/237 330/111/237 340/111/237
f 317/90/238 307/90/238 304/90/238
f 341/170/239 328/95/239 342/95/239
f 343/155/240 331/90/240 339/90/240
f 344/134/241 338/169/241 341/170/241
f 345/171/242 333/134/242 344/134/242
f 347/98/243 326/145/243 335/98/243
f 345/171/244 336/149/244 334/172/244
f 348/149/245 329/173/245 336/149/245
f 342/95/246 327/94/246 350/94/246
f 347/98/247 337/97/247 351/97/247
f 340/111/248 329/173/248 349/174/248
f 346/175/249 327/94/249 326/145/249
f 351/97/250 332/176/250 343/155/250
f 324/97/251 343/155/251 318/91/251
f 313/94/252 346/175/252 321/145/252
f 316/111/253 349/174/253 315/174/253
f 322/98/254 351/97/254 324/97/254
f 314/95/255 350/94/255 313/94/255
f 323/149/256 349/174/256 348/149/256
f 320/133/257 348/149/257 345/171/257
f 321/145/258 347/98/258 322/98/258
f 319/134/259 345/171/259 344/134/259
f 325/169/260 344/134/260 341/170/260
f 317/90/261 343/155/261 339/90/261
f 314/95/262 341/170/262 342/95/262
f 316/111/263 339/90/263 340/111/263
f 371/111/264 355/90/264 369/111/264
f 354/111/265 370/90/265 371/111/265
f 316/111/266 352/90/266 317/90/266
f 327/94/267 356/145/267 326/145/267
f 329/173/268 366/149/268 336/149/268
f 337/97/270 365/98/270 367/97/270
f 330/111/271 359/173/271 329/173/271
f 332/176/272 367/97/272 362/176/272
f 330/111/273 361/90/273 360/111/273
f 328/95/274 368/169/274 358/95/274
f 331/90/275 362/176/275 361/90/275
f 338/169/276 363/134/276 368/169/276
f 333/134/277 364/172/277 363/134/277
f 326/145/278 365/98/278 335/98/278
f 336/149/279 364/172/279 334/172/279
f 358/95/281 366/149/281 362/176/281
f 553/90/522 618/91/522 616/91/522
f 691/94/562 771/129/562 774/165/562
f 746/97/574 690/98/574 742/97/574
f 745/136/580 688/111/580 741/136/580
f 773/134/581 687/133/581 770/138/581
f 694/111/582 689/90/582 688/111/582
f 685/94/583 692/95/583 686/95/583
f 693/133/620 740/149/620 687/133/620
f 744/149/621 741/136/621 740/149/621
f 695/90/626 743/155/626 689/90/626
f 747/91/627 742/97/627 743/155/627
f 692/95/648 769/162/648 686/95/648
f 772/162/649 770/138/649 769/162/649
f 690/98/651 774/165/651 771/129/651
f 786/111/666 793/90/666 787/90/666
f 802/134/667 791/133/667 785/133/667
f 783/94/668 790/95/668 784/95/668
f 796/97/669 794/98/669 788/98/669
f 791/133/670 795/149/670 785/133/670
f 787/90/671 800/91/671 797/91/671
f 797/91/672 799/97/672 796/97/672
f 788/98/673 806/145/673 803/165/673
f 784/95/674 804/169/674 801/162/674
f 801/162/675 805/134/675 802/134/675
f 789/94/676 803/165/676 806/145/676
f 786/111/677 798/149/677 792/111/677
f 820/94/678 819/145/678 828/145/678
f 823/111/679 861/111/679 810/111/679
f 820/94/680 808/95/680 807/94/680
f 810/111/681 814/90/681 811/90/681
f 823/111/682 813/149/682 830/149/682
f 825/91/683 815/97/683 816/91/683
f 831/97/683 812/98/683 815/97/683
f 862/90/684 860/111/684 859/90/684
f 809/133/685 830/149/685 813/149/685
f 821/95/686 817/169/686 808/95/686
f 818/134/687 827/133/687 809/133/687
f 860/111/688 878/111/688 861/111/688
f 832/169/689 818/134/689 817/169/689
f 812/98/678 828/145/678 819/145/678
f 837/111/690 846/90/690 847/111/690
f 814/90/691 824/90/691 811/90/691
f 835/95/692 848/170/692 849/95/692
f 838/90/693 850/155/693 846/90/693
f 845/169/694 851/134/694 848/170/694
f 840/134/695 852/171/695 851/134/695
f 854/98/696 833/145/696 853/175/696
f 852/171/697 843/149/697 855/149/697
f 855/149/698 836/173/698 856/174/698
f 834/94/699 849/95/699 857/94/699
f 844/97/700 854/98/700 858/97/700
f 836/173/698 847/111/698 856/174/698
f 853/175/701 834/94/701 857/94/701
f 839/176/702 858/97/702 850/155/702
f 850/155/703 831/97/703 825/91/703
f 853/175/704 820/94/704 828/145/704
f 856/174/705 823/111/705 822/174/705
f 858/97/706 829/98/706 831/97/706
f 857/94/707 821/95/707 820/94/707
f 830/149/708 856/174/708 822/174/708
f 827/133/709 855/149/709 830/149/709
f 854/98/710 828/145/710 829/98/710
f 826/134/711 852/171/711 827/133/711
f 832/169/712 851/134/712 826/134/712
f 824/90/713 850/155/713 825/91/713
f 821/95/714 848/170/714 832/169/714
f 823/111/715 846/90/715 824/90/715
f 878/111/716 862/90/716 877/90/716
f 861/111/717 877/90/717 814/90/717
f 859/90/718 823/111/718 824/90/718
f 863/145/719 834/94/719 833/145/719
f 873/149/720 836/173/720 843/149/720
f 844/97/722 872/98/722 842/98/722
f 866/173/723 837/111/723 836/173/723
f 839/176/724 874/97/724 844/97/724
f 837/111/725 868/90/725 838/90/725
f 835/95/726 875/169/726 845/169/726
f 838/90/727 869/176/727 839/176/727
f 845/169/728 870/134/728 840/134/728
f 840/134/729 871/172/729 841/172/729
f 872/98/730 833/145/730 842/98/730
f 871/172/731 843/149/731 841/172/731
f 863/145/733 867/111/733 870/134/733
f 5/90/69 88/91/69 90/91/69
f 180/94/1011 267/165/1011 264/129/1011
f 179/98/1023 185/98/1023 237/97/1023
f 177/111/1029 183/111/1029 236/136/1029
f 176/133/1030 182/133/1030 266/134/1030
f 178/90/1031 184/90/1031 183/111/1031
f 174/94/1032 175/95/1032 181/95/1032
f 231/149/1077 235/149/1077 182/133/1077
f 232/136/1078 236/136/1078 235/149/1078
f 234/155/1083 238/91/1083 184/90/1083
f 233/97/1084 237/97/1084 238/91/1084
f 175/95/1105 262/162/1105 265/162/1105
f 262/162/128 263/138/128 266/134/128
f 179/98/1107 264/129/1107 267/165/1107
f 279/111/1122 280/90/1122 286/90/1122
f 295/134/1123 278/133/1123 284/133/1123
f 276/94/1124 277/95/1124 283/95/1124
f 289/97/1125 281/98/1125 287/98/1125
f 288/149/1126 291/149/1126 284/133/1126
f 280/90/1127 290/91/1127 293/91/1127
f 290/91/1128 289/97/1128 292/97/1128
f 281/98/1129 296/165/1129 299/145/1129
f 277/95/1130 294/162/1130 297/169/1130
f 294/162/1131 295/134/1131 298/134/1131
f 282/94/1132 299/145/1132 296/165/1132
f 291/149/1133 288/149/1133 279/111/1133
f 312/145/225 300/94/225 313/94/225
f 316/111/226 303/111/226 354/111/226
f 301/95/1134 314/95/1134 313/94/1134
f 303/111/228 304/90/228 307/90/228
f 306/149/1135 303/111/1135 316/111/1135
f 308/97/230 324/97/230 318/91/230
f 305/98/230 322/98/230 324/97/230
f 353/111/231 369/111/231 355/90/231
f 302/133/1136 306/149/1136 323/149/1136
f 310/169/1137 325/169/1137 314/95/1137
f 311/134/1138 302/133/1138 320/133/1138
f 353/111/235 354/111/235 371/111/235
f 311/134/234 319/134/234 325/169/234
f 305/98/225 312/145/225 321/145/225
f 339/90/1139 331/90/1139 330/111/1139
f 317/90/238 352/90/238 307/90/238
f 341/170/1140 338/169/1140 328/95/1140
f 343/155/1141 332/176/1141 331/90/1141
f 344/134/1142 333/134/1142 338/169/1142
f 345/171/1143 334/172/1143 333/134/1143
f 347/98/1144 346/175/1144 326/145/1144
f 345/171/1145 348/149/1145 336/149/1145
f 348/149/248 349/174/248 329/173/248
f 342/95/1146 328/95/1146 327/94/1146
f 347/98/1147 335/98/1147 337/97/1147
f 340/111/1148 330/111/1148 329/173/1148
f 346/175/1149 350/94/1149 327/94/1149
f 351/97/1150 337/97/1150 332/176/1150
f 324/97/1151 351/97/1151 343/155/1151
f 313/94/1152 350/94/1152 346/175/1152
f 316/111/1153 340/111/1153 349/174/1153
f 322/98/1154 347/98/1154 351/97/1154
f 314/95/1155 342/95/1155 350/94/1155
f 323/149/1156 315/174/1156 349/174/1156
f 320/133/1157 323/149/1157 348/149/1157
f 321/145/1158 346/175/1158 347/98/1158
f 319/134/1159 320/133/1159 345/171/1159
f 325/169/1160 319/134/1160 344/134/1160
f 317/90/1161 318/91/1161 343/155/1161
f 314/95/1162 325/169/1162 341/170/1162
f 316/111/1163 317/90/1163 339/90/1163
f 371/111/1164 370/90/1164 355/90/1164
f 354/111/265 307/90/265 370/90/265
f 316/111/266 353/111/266 352/90/266
f 327/94/1165 357/94/1165 356/145/1165
f 329/173/1166 359/173/1166 366/149/1166
f 337/97/1168 335/98/1168 365/98/1168
f 330/111/1169 360/111/1169 359/173/1169
f 332/176/1170 337/97/1170 367/97/1170
f 330/111/1171 331/90/1171 361/90/1171
f 328/95/1172 338/169/1172 368/169/1172
f 331/90/1173 332/176/1173 362/176/1173
f 338/169/1174 333/134/1174 363/134/1174
f 333/134/1175 334/172/1175 364/172/1175
f 326/145/1176 356/145/1176 365/98/1176
f 336/149/1177 366/149/1177 364/172/1177
f 356/145/1178 357/94/1178 358/95/1178
f 358/95/1179 368/169/1179 363/134/1179
f 363/134/1180 364/172/1180 366/149/1180
f 366/149/1181 359/173/1181 360/111/1181
f 360/111/1182 361/90/1182 362/176/1182
f 362/176/1183 367/97/1183 365/98/1183
f 365/98/1184 356/145/1184 358/95/1184
f 358/95/1185 363/134/1185 366/149/1185
f 366/149/1186 360/111/1186 362/176/1186
f 362/176/1187 365/98/1187 358/95/1187
f 553/90/522 617/90/522 618/91/522
f 691/94/1480 685/94/1480 771/129/1480
f 746/97/1492 696/98/1492 690/98/1492
f 745/136/1498 694/111/1498 688/111/1498
f 773/134/1499 693/133/1499 687/133/1499
f 694/111/1500 695/90/1500 689/90/1500
f 685/94/1501 691/94/1501 692/95/1501
f 693/133/1546 744/149/1546 740/149/1546
f 744/149/1547 745/136/1547 741/136/1547
f 695/90/1552 747/91/1552 743/155/1552
f 747/91/1553 746/97/1553 742/97/1553
f 692/95/1574 772/162/1574 769/162/1574
f 772/162/1575 773/134/1575 770/138/1575
f 690/98/1577 696/98/1577 774/165/1577
f 786/111/1592 792/111/1592 793/90/1592
f 802/134/1593 805/134/1593 791/133/1593
f 783/94/1594 789/94/1594 790/95/1594
f 796/97/1595 799/97/1595 794/98/1595
f 791/133/1596 798/149/1596 795/149/1596
f 787/90/1597 793/90/1597 800/91/1597
f 797/91/1598 800/91/1598 799/97/1598
f 788/98/1599 794/98/1599 806/145/1599
f 784/95/1600 790/95/1600 804/169/1600
f 801/162/1601 804/169/1601 805/134/1601
f 789/94/1602 783/94/1602 803/165/1602
f 786/111/1603 795/149/1603 798/149/1603
f 820/94/678 807/94/678 819/145/678
f 823/111/679 860/111/679 861/111/679
f 820/94/1604 821/95/1604 808/95/1604
f 810/111/681 861/111/681 814/90/681
f 823/111/1605 810/111/1605 813/149/1605
f 825/91/683 831/97/683 815/97/683
f 831/97/683 829/98/683 812/98/683
f 862/90/684 876/111/684 860/111/684
f 809/133/1606 827/133/1606 830/149/1606
f 821/95/1607 832/169/1607 817/169/1607
f 818/134/1608 826/134/1608 827/133/1608
f 860/111/688 876/111/688 878/111/688
f 832/169/1608 826/134/1608 818/134/1608
f 812/98/678 829/98/678 828/145/678
f 837/111/1609 838/90/1609 846/90/1609
f 814/90/691 859/90/691 824/90/691
f 835/95/1610 845/169/1610 848/170/1610
f 838/90/1611 839/176/1611 850/155/1611
f 845/169/1612 840/134/1612 851/134/1612
f 840/134/1613 841/172/1613 852/171/1613
f 854/98/1614 842/98/1614 833/145/1614
f 852/171/1615 841/172/1615 843/149/1615
f 855/149/1616 843/149/1616 836/173/1616
f 834/94/1617 835/95/1617 849/95/1617
f 844/97/1618 842/98/1618 854/98/1618
f 836/173/1619 837/111/1619 847/111/1619
f 853/175/1620 833/145/1620 834/94/1620
f 839/176/1621 844/97/1621 858/97/1621
f 850/155/1622 858/97/1622 831/97/1622
f 853/175/1623 857/94/1623 820/94/1623
f 856/174/1624 847/111/1624 823/111/1624
f 858/97/1625 854/98/1625 829/98/1625
f 857/94/1626 849/95/1626 821/95/1626
f 830/149/1627 855/149/1627 856/174/1627
f 827/133/1628 852/171/1628 855/149/1628
f 854/98/1629 853/175/1629 828/145/1629
f 826/134/1630 851/134/1630 852/171/1630
f 832/169/1631 848/170/1631 851/134/1631
f 824/90/1632 846/90/1632 850/155/1632
f 821/95/1633 849/95/1633 848/170/1633
f 823/111/1634 847/111/1634 846/90/1634
f 878/111/1635 876/111/1635 862/90/1635
f 861/111/717 878/111/717 877/90/717
f 859/90/718 860/111/718 823/111/718
f 863/145/1636 864/94/1636 834/94/1636
f 873/149/1637 866/173/1637 836/173/1637
f 844/97/1639 874/97/1639 872/98/1639
f 866/173/1640 867/111/1640 837/111/1640
f 839/176/1641 869/176/1641 874/97/1641
f 837/111/1642 867/111/1642 868/90/1642
f 835/95/1643 865/95/1643 875/169/1643
f 838/90/1644 868/90/1644 869/176/1644
f 845/169/1645 875/169/1645 870/134/1645
f 840/134/1646 870/134/1646 871/172/1646
f 872/98/1647 863/145/1647 833/145/1647
f 871/172/1648 873/149/1648 843/149/1648
f 863/145/1649 872/98/1649 874/97/1649
f 869/176/1650 868/90/1650 867/111/1650
f 863/145/1651 874/97/1651 869/176/1651
f 865/95/1652 864/94/1652 863/145/1652
f 870/134/1653 875/169/1653 865/95/1653
f 873/149/1654 871/172/1654 870/134/1654
f 867/111/1655 866/173/1655 873/149/1655
f 863/145/1656 869/176/1656 867/111/1656
f 870/134/1657 865/95/1657 863/145/1657
f 867/111/1658 873/149/1658 870/134/1658
usemtl Material.007
f 12/181/320 421/48/320 58/182/320
f 58/182/322 415/47/322 16/183/322
f 557/181/772 923/48/772 918/75/772
f 588/182/774 415/47/774 923/48/774
f 12/181/1224 414/75/1224 421/48/1224
f 58/182/1226 421/48/1226 415/47/1226
f 557/181/1695 588/182/1695 923/48/1695
f 588/182/1697 16/183/1697 415/47/1697
usemtl Material.008
f 372/109/282 379/107/282 373/107/282
f 373/107/283 380/116/283 374/116/283
f 376/116/284 380/116/284 382/116/284
f 375/109/285 378/109/285 372/109/285
f 375/109/286 383/107/286 381/109/286
f 379/107/287 386/116/287 380/116/287
f 380/116/288 388/116/288 382/116/288
f 378/109/289 385/107/289 379/107/289
f 381/109/290 384/109/290 378/109/290
f 381/109/291 389/107/291 387/109/291
f 377/107/292 382/116/292 383/107/292
f 388/116/293 383/107/293 382/116/293
f 388/116/295 395/107/295 389/107/295
f 387/109/296 395/107/296 393/109/296
f 386/116/297 391/107/297 392/116/297
f 400/67/298 399/67/298 401/67/298
f 385/107/299 390/109/299 391/107/299
f 397/116/300 398/116/300 396/116/300
f 400/116/301 396/116/301 398/116/301
f 402/116/302 397/116/302 396/116/302
f 401/116/303 397/116/303 403/177/303
f 394/116/304 391/107/304 395/107/304
f 390/109/305 395/107/305 391/107/305
f 392/116/306 403/177/306 386/116/306
f 386/116/307 402/116/307 388/116/307
f 394/116/308 402/116/308 400/116/308
f 392/67/309 400/67/309 401/67/309
f 886/107/734 879/109/734 880/107/734
f 887/116/735 880/107/735 881/116/735
f 883/116/736 887/116/736 881/116/736
f 885/109/737 882/109/737 879/109/737
f 882/109/738 890/107/738 884/107/738
f 893/116/739 886/107/739 887/116/739
f 895/116/740 887/116/740 889/116/740
f 892/107/741 885/109/741 886/107/741
f 891/109/742 888/109/742 885/109/742
f 888/109/743 896/107/743 890/107/743
f 884/107/744 889/116/744 883/116/744
f 895/116/745 890/107/745 896/107/745
f 902/107/747 895/116/747 896/107/747
f 894/109/748 902/107/748 896/107/748
f 893/116/749 898/107/749 892/107/749
f 906/67/750 907/67/750 908/67/750
f 892/107/751 897/109/751 891/109/751
f 905/116/752 904/116/752 903/116/752
f 907/116/753 903/116/753 909/116/753
f 909/116/754 904/116/754 910/177/754
f 904/116/755 908/116/755 910/177/755
f 901/116/756 898/107/756 899/116/756
f 902/107/757 897/109/757 898/107/757
f 910/177/758 899/116/758 893/116/758
f 909/116/759 893/116/759 895/116/759
f 901/116/760 909/116/760 895/116/760
f 899/67/761 907/67/761 901/67/761
f 372/109/1188 378/109/1188 379/107/1188
f 373/107/1189 379/107/1189 380/116/1189
f 376/116/1190 374/116/1190 380/116/1190
f 375/109/1191 381/109/1191 378/109/1191
f 375/109/1192 377/107/1192 383/107/1192
f 379/107/1193 385/107/1193 386/116/1193
f 380/116/1194 386/116/1194 388/116/1194
f 378/109/1195 384/109/1195 385/107/1195
f 381/109/1196 387/109/1196 384/109/1196
f 381/109/1197 383/107/1197 389/107/1197
f 377/107/1198 376/116/1198 382/116/1198
f 388/116/1199 389/107/1199 383/107/1199
f 388/116/1201 394/116/1201 395/107/1201
f 387/109/1202 389/107/1202 395/107/1202
f 386/116/1203 385/107/1203 391/107/1203
f 400/67/1204 398/67/1204 399/67/1204
f 385/107/1205 384/109/1205 390/109/1205
f 397/116/1206 399/116/1206 398/116/1206
f 400/116/1207 402/116/1207 396/116/1207
f 402/116/1208 403/177/1208 397/116/1208
f 401/116/1209 399/116/1209 397/116/1209
f 394/116/1210 392/116/1210 391/107/1210
f 390/109/1211 393/109/1211 395/107/1211
f 392/116/1212 401/116/1212 403/177/1212
f 386/116/1213 403/177/1213 402/116/1213
f 394/116/1214 388/116/1214 402/116/1214
f 392/67/1215 394/67/1215 400/67/1215
f 886/107/1659 885/109/1659 879/109/1659
f 887/116/1660 886/107/1660 880/107/1660
f 883/116/1661 889/116/1661 887/116/1661
f 885/109/1662 888/109/1662 882/109/1662
f 882/109/1663 888/109/1663 890/107/1663
f 893/116/1664 892/107/1664 886/107/1664
f 895/116/1665 893/116/1665 887/116/1665
f 892/107/1666 891/109/1666 885/109/1666
f 891/109/1667 894/109/1667 888/109/1667
f 888/109/1668 894/109/1668 896/107/1668
f 884/107/1669 890/107/1669 889/116/1669
f 895/116/1670 889/116/1670 890/107/1670
f 902/107/1672 901/116/1672 895/116/1672
f 894/109/1673 900/109/1673 902/107/1673
f 893/116/1674 899/116/1674 898/107/1674
f 906/67/1675 905/67/1675 907/67/1675
f 892/107/1676 898/107/1676 897/109/1676
f 905/116/1677 906/116/1677 904/116/1677
f 907/116/1678 905/116/1678 903/116/1678
f 909/116/1679 903/116/1679 904/116/1679
f 904/116/1680 906/116/1680 908/116/1680
f 901/116/1681 902/107/1681 898/107/1681
f 902/107/1682 900/109/1682 897/109/1682
f 910/177/1683 908/116/1683 899/116/1683
f 909/116/1684 910/177/1684 893/116/1684
f 901/116/1685 907/116/1685 909/116/1685
f 899/67/1686 908/67/1686 907/67/1686
usemtl Material.002
f 432/184/327 462/185/327 434/185/327
f 465/186/328 439/187/328 438/186/328
f 440/188/329 477/189/329 455/189/329
f 487/190/330 438/186/330 485/191/330
f 449/192/331 473/193/331 451/193/331
f 456/194/332 428/195/332 426/194/332
f 463/196/333 437/197/333 436/196/333
f 467/198/334 445/199/334 443/198/334
f 426/194/335 445/199/335 449/192/335
f 430/200/336 461/184/336 432/184/336
f 469/201/337 436/196/337 435/201/337
f 450/202/338 440/188/338 455/189/338
f 448/203/339 455/189/339 454/204/339
f 478/205/340 454/204/340 480/206/340
f 446/207/341 452/208/341 444/209/341
f 444/209/342 441/210/342 442/211/342
f 431/212/343 435/201/343 436/196/343
f 429/213/344 436/196/344 437/197/344
f 483/214/345 437/197/345 485/191/345
f 427/215/346 439/187/346 425/216/346
f 425/216/347 440/217/347 423/218/347
f 466/187/348 457/219/348 458/217/348
f 465/186/349 456/194/349 466/187/349
f 464/197/350 486/220/350 487/190/350
f 463/196/351 460/200/351 464/197/351
f 469/201/352 461/184/352 463/196/352
f 468/210/353 470/199/353 467/198/353
f 474/208/354 471/221/354 470/199/354
f 482/206/355 472/192/355 481/222/355
f 476/204/356 473/193/356 472/192/356
f 477/189/357 457/223/357 473/193/357
f 470/199/358 447/221/358 445/199/358
f 455/189/359 476/204/359 454/204/359
f 468/67/360 443/67/360 441/67/360
f 466/187/361 440/217/361 439/187/361
f 480/206/362 475/224/362 453/224/362
f 486/220/363 430/200/363 484/225/363
f 462/67/364 435/67/364 434/67/364
f 424/223/365 456/194/365 426/194/365
f 473/193/366 424/223/366 451/193/366
f 453/224/367 474/208/367 452/208/367
f 479/226/368 472/192/368 449/192/368
f 452/208/369 468/210/369 441/210/369
f 447/221/370 481/222/370 479/226/370
f 454/204/371 482/206/371 480/206/371
f 475/224/372 481/222/372 471/221/372
f 478/205/373 453/224/373 446/207/373
f 459/195/374 484/225/374 428/195/374
f 487/190/375 459/195/375 465/186/375
f 483/214/376 438/186/376 427/215/376
f 437/197/377 487/190/377 485/191/377
f 504/187/379 530/186/379 503/186/379
f 505/188/380 542/189/380 523/188/380
f 503/186/381 552/190/381 550/191/381
f 501/196/384 529/197/384 528/196/384
f 501/196/388 534/201/388 500/201/388
f 520/189/389 488/227/389 515/202/389
f 513/203/390 520/189/390 515/202/390
f 543/205/391 519/204/391 513/203/391
f 517/208/392 511/207/392 509/209/392
f 506/210/393 509/209/393 507/211/393
f 496/212/394 500/201/394 498/228/394
f 494/213/395 501/196/395 496/212/395
f 548/214/396 502/197/396 494/213/396
f 504/187/397 492/215/397 490/216/397
f 505/217/398 490/216/398 488/218/398
f 520/189/410 541/204/410 542/189/410
f 506/67/411 532/67/411 533/67/411
f 505/217/412 531/187/412 504/187/412
f 518/224/413 547/206/413 545/206/413
f 500/67/415 527/67/415 499/67/415
f 518/224/418 539/208/418 540/224/418
f 517/208/420 533/210/420 539/208/420
f 519/204/422 547/206/422 541/204/422
f 518/224/424 543/205/424 511/207/424
f 503/186/427 548/214/427 492/215/427
f 502/197/428 552/190/428 529/197/428
f 429/213/429 548/214/429 494/213/429
f 443/67/430 506/67/430 441/67/430
f 423/227/431 515/202/431 488/227/431
f 423/218/432 490/216/432 425/216/432
f 433/228/433 500/201/433 435/201/433
f 446/207/434 543/205/434 478/205/434
f 434/67/435 500/67/435 499/67/435
f 448/203/436 543/205/436 513/203/436
f 442/211/437 506/210/437 507/211/437
f 427/215/438 548/214/438 483/214/438
f 429/213/439 496/212/439 431/212/439
f 444/209/440 507/211/440 509/209/440
f 425/216/441 492/215/441 427/215/441
f 450/202/442 513/203/442 515/202/442
f 431/212/443 498/228/443 433/228/443
f 446/207/444 509/209/444 511/207/444
f 443/198/445 499/185/445 508/198/445
f 934/184/779 964/185/779 963/184/779
f 941/187/780 967/186/780 940/186/780
f 942/188/781 979/189/781 960/188/781
f 940/186/782 989/190/782 987/191/782
f 951/192/783 975/193/783 974/192/783
f 930/195/784 958/194/784 928/194/784
f 939/197/785 965/196/785 938/196/785
f 947/199/786 969/198/786 945/198/786
f 953/193/787 934/184/787 930/195/787
f 932/200/788 963/184/788 962/200/788
f 938/196/789 971/201/789 937/201/789
f 952/202/790 942/188/790 925/227/790
f 950/203/791 957/189/791 952/202/791
f 980/205/792 956/204/792 950/203/792
f 954/208/793 948/207/793 946/209/793
f 943/210/794 946/209/794 944/211/794
f 933/212/795 937/201/795 935/228/795
f 931/213/796 938/196/796 933/212/796
f 985/214/797 939/197/797 931/213/797
f 941/187/798 929/215/798 927/216/798
f 942/217/799 927/216/799 925/218/799
f 959/219/800 968/187/800 960/217/800
f 958/194/801 967/186/801 968/187/801
f 988/220/802 966/197/802 989/190/802
f 962/200/803 965/196/803 966/197/803
f 963/184/804 971/201/804 965/196/804
f 970/210/805 972/199/805 976/208/805
f 976/208/806 973/221/806 977/224/806
f 984/206/807 974/192/807 978/204/807
f 978/204/808 975/193/808 979/189/808
f 979/189/809 959/223/809 960/188/809
f 949/221/810 972/199/810 947/199/810
f 957/189/811 978/204/811 979/189/811
f 945/67/812 970/67/812 943/67/812
f 942/217/813 968/187/813 941/187/813
f 982/206/814 977/224/814 984/206/814
f 932/200/815 988/220/815 986/225/815
f 937/67/816 964/67/816 936/67/816
f 926/223/817 958/194/817 959/223/817
f 926/223/818 975/193/818 953/193/818
f 955/224/819 976/208/819 977/224/819
f 981/226/820 974/192/820 983/222/820
f 954/208/821 970/210/821 976/208/821
f 949/221/822 983/222/822 973/221/822
f 956/204/823 984/206/823 978/204/823
f 977/224/824 983/222/824 984/206/824
f 955/224/825 980/205/825 948/207/825
f 986/225/826 961/195/826 930/195/826
f 961/195/827 989/190/827 967/186/827
f 940/186/828 985/214/828 929/215/828
f 939/197/829 989/190/829 966/197/829
f 1032/186/831 1006/187/831 1005/186/831
f 1007/188/832 1044/189/832 1022/189/832
f 1054/190/833 1005/186/833 1052/191/833
f 1003/196/836 1031/197/836 1004/197/836
f 1036/201/840 1003/196/840 1002/201/840
f 990/227/841 1022/189/841 1017/202/841
f 1015/203/842 1022/189/842 1021/204/842
f 1045/205/843 1021/204/843 1047/206/843
f 1013/207/844 1019/208/844 1011/209/844
f 1011/209/845 1008/210/845 1009/211/845
f 998/212/846 1002/201/846 1003/196/846
f 996/213/847 1003/196/847 1004/197/847
f 1050/214/848 1004/197/848 1052/191/848
f 994/215/849 1006/187/849 992/216/849
f 992/216/850 1007/217/850 990/218/850
f 1022/189/862 1043/204/862 1021/204/862
f 1008/67/863 1034/67/863 1010/67/863
f 1033/187/864 1007/217/864 1006/187/864
f 1049/206/865 1020/224/865 1047/206/865
f 1029/67/867 1002/67/867 1001/67/867
f 1020/224/870 1041/208/870 1019/208/870
f 1019/208/872 1035/210/872 1008/210/872
f 1021/204/874 1049/206/874 1047/206/874
f 1045/205/876 1020/224/876 1013/207/876
f 1050/214/879 1005/186/879 994/215/879
f 1004/197/880 1054/190/880 1052/191/880
f 931/213/881 1050/214/881 985/214/881
f 1008/67/882 945/67/882 943/67/882
f 925/227/883 1017/202/883 952/202/883
f 992/216/884 925/218/884 927/216/884
f 1002/201/885 935/228/885 937/201/885
f 1045/205/886 948/207/886 980/205/886
f 936/67/887 1002/67/887 937/67/887
f 950/203/888 1045/205/888 980/205/888
f 944/211/889 1008/210/889 943/210/889
f 1050/214/890 929/215/890 985/214/890
f 998/212/891 931/213/891 933/212/891
f 946/209/892 1009/211/892 944/211/892
f 994/215/893 927/216/893 929/215/893
f 952/202/894 1015/203/894 950/203/894
f 1000/228/895 933/212/895 935/228/895
f 948/207/896 1011/209/896 946/209/896
f 945/198/897 1001/185/897 936/185/897
f 432/184/1230 461/184/1230 462/185/1230
f 465/186/1231 466/187/1231 439/187/1231
f 440/188/1232 458/188/1232 477/189/1232
f 487/190/1233 465/186/1233 438/186/1233
f 449/192/1234 472/192/1234 473/193/1234
f 456/194/1235 459/195/1235 428/195/1235
f 463/196/1236 464/197/1236 437/197/1236
f 467/198/1237 470/199/1237 445/199/1237
f 451/193/1238 424/223/1238 426/194/1238
f 426/194/1239 428/195/1239 484/225/1239
f 484/225/1240 430/200/1240 432/184/1240
f 432/184/1241 434/185/1241 443/198/1241
f 445/199/1242 447/221/1242 479/226/1242
f 432/184/1243 443/198/1243 445/199/1243
f 426/194/1244 484/225/1244 432/184/1244
f 449/192/1245 451/193/1245 426/194/1245
f 445/199/1246 479/226/1246 449/192/1246
f 426/194/1247 432/184/1247 445/199/1247
f 430/200/1248 460/200/1248 461/184/1248
f 469/201/1249 463/196/1249 436/196/1249
f 450/202/1250 423/227/1250 440/188/1250
f 448/203/1251 450/202/1251 455/189/1251
f 478/205/1252 448/203/1252 454/204/1252
f 446/207/1253 453/224/1253 452/208/1253
f 444/209/1254 452/208/1254 441/210/1254
f 431/212/1255 433/228/1255 435/201/1255
f 429/213/1256 431/212/1256 436/196/1256
f 483/214/1257 429/213/1257 437/197/1257
f 427/215/1258 438/186/1258 439/187/1258
f 425/216/1259 439/187/1259 440/217/1259
f 466/187/1260 456/194/1260 457/219/1260
f 465/186/1261 459/195/1261 456/194/1261
f 464/197/1262 460/200/1262 486/220/1262
f 463/196/1263 461/184/1263 460/200/1263
f 469/201/1264 462/185/1264 461/184/1264
f 468/210/1265 474/208/1265 470/199/1265
f 474/208/1266 475/224/1266 471/221/1266
f 482/206/1267 476/204/1267 472/192/1267
f 476/204/1268 477/189/1268 473/193/1268
f 477/189/1269 458/188/1269 457/223/1269
f 470/199/1270 471/221/1270 447/221/1270
f 455/189/1271 477/189/1271 476/204/1271
f 468/67/1272 467/67/1272 443/67/1272
f 466/187/1273 458/217/1273 440/217/1273
f 480/206/1274 482/206/1274 475/224/1274
f 486/220/1275 460/200/1275 430/200/1275
f 462/67/1276 469/67/1276 435/67/1276
f 424/223/1277 457/223/1277 456/194/1277
f 473/193/1278 457/223/1278 424/223/1278
f 453/224/1279 475/224/1279 474/208/1279
f 479/226/1280 481/222/1280 472/192/1280
f 452/208/1281 474/208/1281 468/210/1281
f 447/221/1282 471/221/1282 481/222/1282
f 454/204/1283 476/204/1283 482/206/1283
f 475/224/1284 482/206/1284 481/222/1284
f 478/205/1285 480/206/1285 453/224/1285
f 459/195/1286 486/220/1286 484/225/1286
f 487/190/1287 486/220/1287 459/195/1287
f 483/214/1288 485/191/1288 438/186/1288
f 437/197/1289 464/197/1289 487/190/1289
f 504/187/1291 531/187/1291 530/186/1291
f 505/188/1292 520/189/1292 542/189/1292
f 503/186/1293 530/186/1293 552/190/1293
f 501/196/1296 502/197/1296 529/197/1296
f 501/196/1309 528/196/1309 534/201/1309
f 520/189/1310 505/188/1310 488/227/1310
f 513/203/1311 519/204/1311 520/189/1311
f 543/205/1312 545/206/1312 519/204/1312
f 517/208/1313 518/224/1313 511/207/1313
f 506/210/1314 517/208/1314 509/209/1314
f 496/212/1315 501/196/1315 500/201/1315
f 494/213/1316 502/197/1316 501/196/1316
f 548/214/1317 550/191/1317 502/197/1317
f 504/187/1318 503/186/1318 492/215/1318
f 505/217/1319 504/187/1319 490/216/1319
f 520/189/1331 519/204/1331 541/204/1331
f 506/67/1332 508/67/1332 532/67/1332
f 505/217/1333 523/217/1333 531/187/1333
f 518/224/1334 540/224/1334 547/206/1334
f 500/67/1336 534/67/1336 527/67/1336
f 518/224/1339 517/208/1339 539/208/1339
f 517/208/1341 506/210/1341 533/210/1341
f 519/204/1343 545/206/1343 547/206/1343
f 518/224/1345 545/206/1345 543/205/1345
f 503/186/1348 550/191/1348 548/214/1348
f 502/197/1349 550/191/1349 552/190/1349
f 429/213/1350 483/214/1350 548/214/1350
f 443/67/1351 508/67/1351 506/67/1351
f 423/227/1352 450/202/1352 515/202/1352
f 423/218/1353 488/218/1353 490/216/1353
f 433/228/1354 498/228/1354 500/201/1354
f 446/207/1355 511/207/1355 543/205/1355
f 434/67/1356 435/67/1356 500/67/1356
f 448/203/1357 478/205/1357 543/205/1357
f 442/211/1358 441/210/1358 506/210/1358
f 427/215/1359 492/215/1359 548/214/1359
f 429/213/1360 494/213/1360 496/212/1360
f 444/209/1361 442/211/1361 507/211/1361
f 425/216/1362 490/216/1362 492/215/1362
f 450/202/1363 448/203/1363 513/203/1363
f 431/212/1364 496/212/1364 498/228/1364
f 446/207/1365 444/209/1365 509/209/1365
f 443/198/1366 434/185/1366 499/185/1366
f 934/184/1701 936/185/1701 964/185/1701
f 941/187/1702 968/187/1702 967/186/1702
f 942/188/1703 957/189/1703 979/189/1703
f 940/186/1704 967/186/1704 989/190/1704
f 951/192/1705 953/193/1705 975/193/1705
f 930/195/1706 961/195/1706 958/194/1706
f 939/197/1707 966/197/1707 965/196/1707
f 947/199/1708 972/199/1708 969/198/1708
f 928/194/1709 926/223/1709 953/193/1709
f 953/193/1710 951/192/1710 981/226/1710
f 981/226/1711 949/221/1711 947/199/1711
f 947/199/1712 945/198/1712 936/185/1712
f 934/184/1713 932/200/1713 986/225/1713
f 947/199/1714 936/185/1714 934/184/1714
f 953/193/1715 981/226/1715 947/199/1715
f 930/195/1716 928/194/1716 953/193/1716
f 934/184/1717 986/225/1717 930/195/1717
f 953/193/1718 947/199/1718 934/184/1718
f 932/200/1719 934/184/1719 963/184/1719
f 938/196/1720 965/196/1720 971/201/1720
f 952/202/1721 957/189/1721 942/188/1721
f 950/203/1722 956/204/1722 957/189/1722
f 980/205/1723 982/206/1723 956/204/1723
f 954/208/1724 955/224/1724 948/207/1724
f 943/210/1725 954/208/1725 946/209/1725
f 933/212/1726 938/196/1726 937/201/1726
f 931/213/1727 939/197/1727 938/196/1727
f 985/214/1728 987/191/1728 939/197/1728
f 941/187/1729 940/186/1729 929/215/1729
f 942/217/1730 941/187/1730 927/216/1730
f 959/219/1731 958/194/1731 968/187/1731
f 958/194/1732 961/195/1732 967/186/1732
f 988/220/1733 962/200/1733 966/197/1733
f 962/200/1734 963/184/1734 965/196/1734
f 963/184/1735 964/185/1735 971/201/1735
f 970/210/1736 969/198/1736 972/199/1736
f 976/208/1737 972/199/1737 973/221/1737
f 984/206/1738 983/222/1738 974/192/1738
f 978/204/1739 974/192/1739 975/193/1739
f 979/189/1740 975/193/1740 959/223/1740
f 949/221/1741 973/221/1741 972/199/1741
f 957/189/1742 956/204/1742 978/204/1742
f 945/67/1743 969/67/1743 970/67/1743
f 942/217/1744 960/217/1744 968/187/1744
f 982/206/1745 955/224/1745 977/224/1745
f 932/200/1746 962/200/1746 988/220/1746
f 937/67/1747 971/67/1747 964/67/1747
f 926/223/1748 928/194/1748 958/194/1748
f 926/223/1749 959/223/1749 975/193/1749
f 955/224/1750 954/208/1750 976/208/1750
f 981/226/1751 951/192/1751 974/192/1751
f 954/208/1752 943/210/1752 970/210/1752
f 949/221/1753 981/226/1753 983/222/1753
f 956/204/1754 982/206/1754 984/206/1754
f 977/224/1755 973/221/1755 983/222/1755
f 955/224/1756 982/206/1756 980/205/1756
f 986/225/1757 988/220/1757 961/195/1757
f 961/195/1758 988/220/1758 989/190/1758
f 940/186/1759 987/191/1759 985/214/1759
f 939/197/1760 987/191/1760 989/190/1760
f 1032/186/1762 1033/187/1762 1006/187/1762
f 1007/188/1763 1025/188/1763 1044/189/1763
f 1054/190/1764 1032/186/1764 1005/186/1764
f 1003/196/1767 1030/196/1767 1031/197/1767
f 1036/201/1780 1030/196/1780 1003/196/1780
f 990/227/1781 1007/188/1781 1022/189/1781
f 1015/203/1782 1017/202/1782 1022/189/1782
f 1045/205/1783 1015/203/1783 1021/204/1783
f 1013/207/1784 1020/224/1784 1019/208/1784
f 1011/209/1785 1019/208/1785 1008/210/1785
f 998/212/1786 1000/228/1786 1002/201/1786
f 996/213/1787 998/212/1787 1003/196/1787
f 1050/214/1788 996/213/1788 1004/197/1788
f 994/215/1789 1005/186/1789 1006/187/1789
f 992/216/1790 1006/187/1790 1007/217/1790
f 1022/189/1802 1044/189/1802 1043/204/1802
f 1008/67/1803 1035/67/1803 1034/67/1803
f 1033/187/1804 1025/217/1804 1007/217/1804
f 1049/206/1805 1042/224/1805 1020/224/1805
f 1029/67/1807 1036/67/1807 1002/67/1807
f 1020/224/1810 1042/224/1810 1041/208/1810
f 1019/208/1812 1041/208/1812 1035/210/1812
f 1021/204/1814 1043/204/1814 1049/206/1814
f 1045/205/1816 1047/206/1816 1020/224/1816
f 1050/214/1819 1052/191/1819 1005/186/1819
f 1004/197/1820 1031/197/1820 1054/190/1820
f 931/213/1821 996/213/1821 1050/214/1821
f 1008/67/1822 1010/67/1822 945/67/1822
f 925/227/1823 990/227/1823 1017/202/1823
f 992/216/1824 990/218/1824 925/218/1824
f 1002/201/1825 1000/228/1825 935/228/1825
f 1045/205/1826 1013/207/1826 948/207/1826
f 936/67/1827 1001/67/1827 1002/67/1827
f 950/203/1828 1015/203/1828 1045/205/1828
f 944/211/1829 1009/211/1829 1008/210/1829
f 1050/214/1830 994/215/1830 929/215/1830
f 998/212/1831 996/213/1831 931/213/1831
f 946/209/1832 1011/209/1832 1009/211/1832
f 994/215/1833 992/216/1833 927/216/1833
f 952/202/1834 1017/202/1834 1015/203/1834
f 1000/228/1835 998/212/1835 933/212/1835
f 948/207/1836 1013/207/1836 1011/209/1836
f 945/198/1837 1010/198/1837 1001/185/1837
usemtl Material.004
f 497/184/378 527/185/378 526/184/378
f 514/192/382 538/193/382 537/192/382
f 493/195/383 521/194/383 491/194/383
f 510/199/385 532/198/385 508/198/385
f 516/193/386 497/184/386 493/195/386
f 495/200/387 526/184/387 525/200/387
f 522/219/399 531/187/399 523/217/399
f 521/194/400 530/186/400 531/187/400
f 552/190/401 525/200/401 529/197/401
f 529/197/402 526/184/402 528/196/402
f 526/184/403 534/201/403 528/196/403
f 533/210/404 535/199/404 539/208/404
f 535/199/405 540/224/405 539/208/405
f 546/222/406 541/204/406 547/206/406
f 541/204/407 538/193/407 542/189/407
f 542/189/408 522/223/408 523/188/408
f 512/221/409 535/199/409 510/199/409
f 495/200/414 551/220/414 549/225/414
f 489/223/416 521/194/416 522/223/416
f 489/223/417 538/193/417 516/193/417
f 544/226/419 537/192/419 546/222/419
f 512/221/421 546/222/421 536/221/421
f 540/224/423 546/222/423 547/206/423
f 549/225/425 524/195/425 493/195/425
f 530/186/426 551/220/426 552/190/426
f 999/184/830 1029/185/830 1001/185/830
f 1016/192/834 1040/193/834 1018/193/834
f 1023/194/835 995/195/835 993/194/835
f 1034/198/837 1012/199/837 1010/198/837
f 993/194/838 1012/199/838 1016/192/838
f 997/200/839 1028/184/839 999/184/839
f 1033/187/851 1024/219/851 1025/217/851
f 1032/186/852 1023/194/852 1033/187/852
f 1054/190/853 1027/200/853 1053/220/853
f 1031/197/854 1028/184/854 1027/200/854
f 1036/201/855 1028/184/855 1030/196/855
f 1035/210/856 1037/199/856 1034/198/856
f 1041/208/857 1038/221/857 1037/199/857
f 1043/204/858 1048/222/858 1049/206/858
f 1043/204/859 1040/193/859 1039/192/859
f 1044/189/860 1024/223/860 1040/193/860
f 1037/199/861 1014/221/861 1012/199/861
f 1053/220/866 997/200/866 1051/225/866
f 991/223/868 1023/194/868 993/194/868
f 1040/193/869 991/223/869 1018/193/869
f 1046/226/871 1039/192/871 1016/192/871
f 1014/221/873 1048/222/873 1046/226/873
f 1042/224/875 1048/222/875 1038/221/875
f 1026/195/877 1051/225/877 995/195/877
f 1032/186/878 1053/220/878 1026/195/878
f 497/184/1290 499/185/1290 527/185/1290
f 514/192/1294 516/193/1294 538/193/1294
f 493/195/1295 524/195/1295 521/194/1295
f 510/199/1297 535/199/1297 532/198/1297
f 491/194/1298 489/223/1298 516/193/1298
f 516/193/1299 514/192/1299 544/226/1299
f 544/226/1300 512/221/1300 510/199/1300
f 510/199/1301 508/198/1301 499/185/1301
f 497/184/1302 495/200/1302 549/225/1302
f 510/199/1303 499/185/1303 497/184/1303
f 516/193/1304 544/226/1304 510/199/1304
f 493/195/1305 491/194/1305 516/193/1305
f 497/184/1306 549/225/1306 493/195/1306
f 516/193/1307 510/199/1307 497/184/1307
f 495/200/1308 497/184/1308 526/184/1308
f 522/219/1320 521/194/1320 531/187/1320
f 521/194/1321 524/195/1321 530/186/1321
f 552/190/1322 551/220/1322 525/200/1322
f 529/197/1323 525/200/1323 526/184/1323
f 526/184/1324 527/185/1324 534/201/1324
f 533/210/1325 532/198/1325 535/199/1325
f 535/199/1326 536/221/1326 540/224/1326
f 546/222/1327 537/192/1327 541/204/1327
f 541/204/1328 537/192/1328 538/193/1328
f 542/189/1329 538/193/1329 522/223/1329
f 512/221/1330 536/221/1330 535/199/1330
f 495/200/1335 525/200/1335 551/220/1335
f 489/223/1337 491/194/1337 521/194/1337
f 489/223/1338 522/223/1338 538/193/1338
f 544/226/1340 514/192/1340 537/192/1340
f 512/221/1342 544/226/1342 546/222/1342
f 540/224/1344 536/221/1344 546/222/1344
f 549/225/1346 551/220/1346 524/195/1346
f 530/186/1347 524/195/1347 551/220/1347
f 999/184/1761 1028/184/1761 1029/185/1761
f 1016/192/1765 1039/192/1765 1040/193/1765
f 1023/194/1766 1026/195/1766 995/195/1766
f 1034/198/1768 1037/199/1768 1012/199/1768
f 1018/193/1769 991/223/1769 993/194/1769
f 993/194/1770 995/195/1770 1051/225/1770
f 1051/225/1771 997/200/1771 999/184/1771
f 999/184/1772 1001/185/1772 1010/198/1772
f 1012/199/1773 1014/221/1773 1046/226/1773
f 999/184/1774 1010/198/1774 1012/199/1774
f 993/194/1775 1051/225/1775 999/184/1775
f 1016/192/1776 1018/193/1776 993/194/1776
f 1012/199/1777 1046/226/1777 1016/192/1777
f 993/194/1778 999/184/1778 1012/199/1778
f 997/200/1779 1027/200/1779 1028/184/1779
f 1033/187/1791 1023/194/1791 1024/219/1791
f 1032/186/1792 1026/195/1792 1023/194/1792
f 1054/190/1793 1031/197/1793 1027/200/1793
f 1031/197/1794 1030/196/1794 1028/184/1794
f 1036/201/1795 1029/185/1795 1028/184/1795
f 1035/210/1796 1041/208/1796 1037/199/1796
f 1041/208/1797 1042/224/1797 1038/221/1797
f 1043/204/1798 1039/192/1798 1048/222/1798
f 1043/204/1799 1044/189/1799 1040/193/1799
f 1044/189/1800 1025/188/1800 1024/223/1800
f 1037/199/1801 1038/221/1801 1014/221/1801
f 1053/220/1806 1027/200/1806 997/200/1806
f 991/223/1808 1024/223/1808 1023/194/1808
f 1040/193/1809 1024/223/1809 991/223/1809
f 1046/226/1811 1048/222/1811 1039/192/1811
f 1014/221/1813 1038/221/1813 1048/222/1813
f 1042/224/1815 1049/206/1815 1048/222/1815
f 1026/195/1817 1053/220/1817 1051/225/1817
f 1032/186/1818 1054/190/1818 1053/220/1818
l 3 4
l 92 91
l 93 92
l 94 95
l 95 97
l 96 98
l 98 93
l 99 94
l 110 106
l 620 619
l 621 620
l 622 623
l 623 625
l 624 626
l 626 621
l 627 622
