# Blender 5.1.0
# www.blender.org
mtllib Tower.mtl
o Cylinder.007
v 0.387414 4.508040 -3.947662
v 0.000000 4.508040 -3.985819
v 0.759940 4.508040 -3.834658
v 1.103262 4.508040 -3.651148
v 1.404186 4.508040 -3.404186
v 1.651148 4.508040 -3.103262
v 1.834658 4.508040 -2.759940
v 1.947662 4.508040 -2.387414
v 1.985819 4.508040 -2.000000
v 0.629325 6.250000 -3.767767
v 1.947662 4.508040 -1.612586
v 0.629325 6.750000 -3.767767
v 1.834658 4.508040 -1.240060
v 0.740008 6.250000 -3.388926
v 1.651148 4.508040 -0.896738
v 0.740008 6.750000 -3.388926
v 1.404186 4.508040 -0.595814
v 0.822253 6.250000 -2.956709
v 0.822253 6.750000 -2.956709
v 1.103262 4.508040 -0.348852
v 0.759940 4.508040 -0.165342
v 0.872899 6.250000 -2.487726
v 0.387414 4.508040 -0.052338
v 0.872899 6.750000 -2.487726
v 0.000000 4.508040 -0.014181
v 0.890000 6.250000 -2.000000
v -0.387414 4.508040 -0.052338
v 0.890000 6.750000 -2.000000
v -0.759940 4.508040 -0.165342
v 0.872899 6.250000 -1.512274
v -1.103262 4.508040 -0.348852
v 0.872899 6.750000 -1.512274
v -1.404186 4.508040 -0.595814
v 0.822253 6.250000 -1.043291
v -1.651148 4.508040 -0.896738
v 0.822253 6.750000 -1.043291
v -1.834658 4.508040 -1.240060
v 0.740008 6.250000 -0.611074
v 0.740008 6.750000 -0.611074
v -1.947662 4.508040 -1.612586
v -1.985819 4.508040 -2.000000
v 0.629325 6.250000 -0.232233
v -1.947662 4.508040 -2.387414
v 0.629325 6.750000 -0.232233
v -1.834658 4.508040 -2.759940
v -1.651148 4.508040 -3.103262
v -1.404186 4.508040 -3.404186
v -1.103262 4.508040 -3.651148
v -0.759940 4.508040 -3.834658
v -0.387414 4.508040 -3.947662
v 1.985819 5.508232 -2.000000
v 1.985819 6.008328 -2.000000
v 1.985819 6.508424 -2.000000
v 1.985819 7.008520 -2.000000
v 1.985819 7.508616 -2.000000
v 1.985819 8.008712 -2.000000
v 1.985819 8.508808 -2.000000
v 1.985819 9.008904 -2.000000
v -1.834658 5.508232 -1.240060
v -0.629325 6.250000 -0.232233
v -1.834658 6.008328 -1.240060
v -0.629325 6.750000 -0.232233
v -1.834658 6.508424 -1.240060
v -0.740008 6.250000 -0.611074
v -0.740008 6.750000 -0.611074
v -1.834658 7.008520 -1.240060
v -0.822253 6.250000 -1.043291
v -1.834658 7.508616 -1.240060
v -0.822253 6.750000 -1.043291
v -1.834658 8.008712 -1.240060
v -1.834658 8.508808 -1.240060
v -0.872899 6.250000 -1.512274
v -0.872899 6.750000 -1.512274
v -1.834658 9.008904 -1.240060
v -0.890000 6.250000 -2.000000
v 1.947662 5.508232 -1.612586
v 1.947662 6.008328 -1.612586
v -0.890000 6.750000 -2.000000
v 1.947662 6.508424 -1.612586
v -0.872899 6.250000 -2.487726
v 1.947662 7.008520 -1.612586
v -0.872899 6.750000 -2.487726
v 1.947662 7.508616 -1.612586
v -0.822253 6.250000 -2.956709
v 1.947662 8.008712 -1.612586
v -0.822253 6.750000 -2.956709
v -0.740008 6.250000 -3.388926
v 1.947662 8.508808 -1.612586
v 1.947662 9.008904 -1.612586
v -0.740008 6.750000 -3.388926
v -0.629325 6.250000 -3.767767
v -1.947662 5.508232 -1.612586
v -1.947662 6.008328 -1.612586
v -0.629325 6.750000 -3.767767
v -1.947662 6.508424 -1.612586
v -1.947662 7.008520 -1.612586
v -1.947662 7.508616 -1.612586
v -1.947662 8.008712 -1.612586
v -1.947662 8.508808 -1.612586
v -1.947662 9.008904 -1.612586
v -0.007135 7.458901 -2.100758
v -0.387414 9.008904 -3.947662
v -0.013996 7.458901 -2.094912
v -0.759940 9.008904 -3.834658
v -0.020319 7.458901 -2.085419
v -1.103262 9.008904 -3.651148
v -0.025861 7.458901 -2.072643
v -1.404186 9.008904 -3.404186
v -1.651148 9.008904 -3.103262
v -0.030409 7.458901 -2.057075
v -0.033789 7.458901 -2.039314
v -1.834658 9.008904 -2.759940
v -0.035870 7.458901 -2.020042
v -1.947662 9.008904 -2.387414
v -0.036573 7.458901 -2.000000
v -1.985819 9.008904 -2.000000
v -1.651148 9.008904 -0.896738
v -0.035870 7.458901 -1.979958
v -0.033789 7.458901 -1.960686
v -1.404186 9.008904 -0.595814
v -0.030409 7.458901 -1.942925
v -1.103262 9.008904 -0.348852
v -0.025861 7.458901 -1.927357
v -0.759940 9.008904 -0.165342
v -0.020319 7.458901 -1.914581
v -0.387414 9.008904 -0.052338
v 0.000000 9.008904 -0.014181
v -0.013996 7.458901 -1.905088
v -0.007135 7.458901 -1.899242
v 0.387414 9.008904 -0.052338
v 0.759940 9.008904 -0.165342
v -0.000000 7.458901 -1.897268
v 0.007135 7.458901 -1.899242
v 1.103262 9.008904 -0.348852
v 0.013996 7.458901 -1.905088
v 1.404186 9.008904 -0.595814
v 1.651148 9.008904 -0.896738
v 0.020319 7.458901 -1.914581
v 1.834658 9.008904 -1.240060
v 0.025861 7.458901 -1.927357
v 0.030409 7.458901 -1.942925
v 1.947662 9.008904 -2.387414
v 0.033789 7.458901 -1.960686
v 1.834658 9.008904 -2.759940
v 1.651148 9.008904 -3.103262
v 0.035870 7.458901 -1.979958
v 0.036573 7.458901 -2.000000
v 1.404186 9.008904 -3.404186
v 0.035870 7.458901 -2.020042
v 1.103262 9.008904 -3.651148
v 0.033789 7.458901 -2.039314
v 0.759940 9.008904 -3.834658
v 0.000000 9.008904 -3.985819
v 0.030409 7.458901 -2.057075
v 0.387414 9.008904 -3.947662
v 0.025861 7.458901 -2.072643
v 0.020319 7.458901 -2.085419
v -1.651148 8.508808 -0.896738
v 0.013996 7.458901 -2.094912
v -1.651148 8.008712 -0.896738
v -1.651148 7.508616 -0.896738
v 0.007135 7.458901 -2.100758
v -0.000000 7.458901 -2.102732
v -1.651148 7.008520 -0.896738
v -1.651148 6.508424 -0.896738
v -1.651148 6.008328 -0.896738
v -1.651148 5.508232 -0.896738
v 1.947662 8.508808 -2.387414
v 1.947662 8.008712 -2.387414
v 1.947662 7.508616 -2.387414
v 1.947662 7.008520 -2.387414
v 1.947662 6.508424 -2.387414
v 1.947662 6.008328 -2.387414
v 1.947662 5.508232 -2.387414
v -1.404186 8.508808 -0.595814
v -1.404186 8.008712 -0.595814
v -1.404186 7.508616 -0.595814
v -1.404186 7.008520 -0.595814
v -1.404186 6.508424 -0.595814
v -1.404186 6.008328 -0.595814
v -1.404186 5.508232 -0.595814
v 1.834658 8.508808 -2.759940
v 1.834658 8.008712 -2.759940
v 1.834658 7.508616 -2.759940
v 1.834658 7.008520 -2.759940
v 1.834658 6.508424 -2.759940
v 1.834658 6.008328 -2.759940
v 1.834658 5.508232 -2.759940
v -1.103262 8.508808 -0.348852
v -1.103262 8.008712 -0.348852
v -1.103262 7.508616 -0.348852
v -1.103262 7.008520 -0.348852
v -1.103262 6.508424 -0.348852
v -1.103262 6.008328 -0.348852
v -1.103262 5.508232 -0.348852
v 1.651148 8.508808 -3.103262
v 1.651148 8.008712 -3.103262
v 1.651148 7.508616 -3.103262
v 1.651148 7.008520 -3.103262
v 1.651148 6.508424 -3.103262
v 1.651148 6.008328 -3.103262
v 1.651148 5.508232 -3.103262
v -0.759940 8.508808 -0.165342
v -0.759940 8.008712 -0.165342
v -0.759940 7.508616 -0.165342
v -0.759940 7.008520 -0.165342
v -0.759940 6.508424 -0.165342
v -0.759940 6.008328 -0.165342
v -0.759940 5.508232 -0.165342
v -0.387414 8.508808 -3.947662
v -0.387414 8.008712 -3.947662
v -0.387414 7.508616 -3.947662
v -0.387414 7.008520 -3.947662
v -0.387414 6.008328 -3.947662
v -0.387414 5.508232 -3.947662
v 1.404186 8.508808 -3.404186
v 1.404186 8.008712 -3.404186
v 1.404186 7.508616 -3.404186
v 1.404186 7.008520 -3.404186
v 1.404186 6.508424 -3.404186
v 1.404186 6.008328 -3.404186
v 1.404186 5.508232 -3.404186
v -0.387414 8.508808 -0.052338
v -0.387414 8.008712 -0.052338
v -0.387414 7.508616 -0.052338
v -0.387414 7.008520 -0.052338
v -0.387414 6.008328 -0.052338
v -0.387414 5.508232 -0.052338
v -0.759940 8.508808 -3.834658
v -0.759940 8.008712 -3.834658
v -0.759940 7.508616 -3.834658
v -0.759940 7.008520 -3.834658
v -0.759940 6.508424 -3.834658
v -0.759940 6.008328 -3.834658
v -0.759940 5.508232 -3.834658
v 1.103262 8.508808 -3.651148
v 1.103262 8.008712 -3.651148
v 1.103262 7.508616 -3.651148
v 1.103262 7.008520 -3.651148
v 1.103262 6.508424 -3.651148
v 1.103262 6.008328 -3.651148
v 1.103262 5.508232 -3.651148
v 0.000000 8.508808 -0.014181
v 0.000000 8.008712 -0.014181
v 0.000000 7.508616 -0.014181
v 0.000000 7.008520 -0.014181
v 0.000000 6.008328 -0.014181
v 0.000000 5.508232 -0.014181
v -1.103262 8.508808 -3.651148
v -1.103262 8.008712 -3.651148
v -1.103262 7.508616 -3.651148
v -1.103262 7.008520 -3.651148
v -1.103262 6.508424 -3.651148
v -1.103262 6.008328 -3.651148
v -1.103262 5.508232 -3.651148
v 0.759940 8.508808 -3.834658
v 0.759940 8.008712 -3.834658
v 0.759940 7.508616 -3.834658
v 0.759940 7.008520 -3.834658
v 0.759940 6.508424 -3.834658
v 0.759940 6.008328 -3.834658
v 0.759940 5.508232 -3.834658
v 0.387414 8.508808 -0.052338
v 0.387414 8.008712 -0.052338
v 0.387414 7.508616 -0.052338
v 0.387414 7.008520 -0.052338
v 0.387414 6.008328 -0.052338
v 0.387414 5.508232 -0.052338
v -1.404186 8.508808 -3.404186
v -1.404186 8.008712 -3.404186
v -1.404186 7.508616 -3.404186
v -1.404186 7.008520 -3.404186
v -1.404186 6.508424 -3.404186
v -1.404186 6.008328 -3.404186
v -1.404186 5.508232 -3.404186
v 0.387414 8.508808 -3.947662
v 0.387414 8.008712 -3.947662
v 0.387414 7.508616 -3.947662
v 0.387414 7.008520 -3.947662
v 0.387414 6.008328 -3.947662
v 0.387414 5.508232 -3.947662
v 0.000000 5.508232 -3.985819
v 0.000000 6.008327 -3.985819
v 0.000000 7.008519 -3.985819
v 0.000000 7.508615 -3.985819
v 0.000000 8.008711 -3.985819
v 0.000000 8.508807 -3.985819
v 0.759940 8.508808 -0.165342
v 0.759940 8.008712 -0.165342
v 0.759940 7.508616 -0.165342
v 0.759940 7.008520 -0.165342
v 0.759940 6.508424 -0.165342
v 0.759940 6.008328 -0.165342
v 0.759940 5.508232 -0.165342
v -1.651148 8.508808 -3.103262
v -1.651148 8.008712 -3.103262
v -1.651148 7.508616 -3.103262
v -1.651148 7.008520 -3.103262
v -1.651148 6.508424 -3.103262
v -1.651148 6.008328 -3.103262
v -1.651148 5.508232 -3.103262
v 1.103262 8.508808 -0.348852
v 1.103262 8.008712 -0.348852
v 1.103262 7.508616 -0.348852
v 1.103262 7.008520 -0.348852
v 1.103262 6.508424 -0.348852
v 1.103262 6.008328 -0.348852
v 1.103262 5.508232 -0.348852
v -1.834658 8.508808 -2.759940
v -1.834658 8.008712 -2.759940
v -1.834658 7.508616 -2.759940
v -1.834658 7.008520 -2.759940
v -1.834658 6.508424 -2.759940
v -1.834658 6.008328 -2.759940
v -1.834658 5.508232 -2.759940
v 1.404186 8.508808 -0.595814
v 1.404186 8.008712 -0.595814
v 1.404186 7.508616 -0.595814
v 1.404186 7.008520 -0.595814
v 1.404186 6.508424 -0.595814
v 1.404186 6.008328 -0.595814
v 1.404186 5.508232 -0.595814
v -1.947662 8.508808 -2.387414
v -1.947662 8.008712 -2.387414
v -1.947662 7.508616 -2.387414
v -1.947662 7.008520 -2.387414
v -1.947662 6.508424 -2.387414
v -1.947662 6.008328 -2.387414
v -1.947662 5.508232 -2.387414
v -1.985819 5.508232 -2.000000
v -1.985819 6.008327 -2.000000
v -1.985819 6.508423 -2.000000
v -1.985819 7.008519 -2.000000
v -1.985819 7.508615 -2.000000
v -1.985819 8.008711 -2.000000
v -1.985819 8.508807 -2.000000
v 1.651148 8.508808 -0.896738
v 1.651148 8.008712 -0.896738
v 1.651148 7.508616 -0.896738
v 1.651148 7.008520 -0.896738
v 1.651148 6.508424 -0.896738
v 1.651148 6.008328 -0.896738
v 1.651148 5.508232 -0.896738
v 1.834658 5.508232 -1.240060
v 1.834658 6.008327 -1.240060
v 1.834658 6.508423 -1.240060
v 1.834658 7.008519 -1.240060
v 1.834658 7.508615 -1.240060
v 1.834658 8.008711 -1.240060
v 1.834658 8.508807 -1.240060
v 2.585979 9.008904 -2.000000
v 2.585979 8.508808 -2.000000
v -2.389132 9.008904 -1.010389
v -2.389132 8.508808 -1.010389
v 2.536289 9.008904 -1.495501
v 2.536289 8.508808 -1.495501
v -2.536289 9.008904 -1.495501
v -2.536289 8.508808 -1.495501
v -0.000000 9.554502 -3.985819
v -0.387414 9.554502 -3.947662
v -0.759940 9.554502 -3.834658
v -1.103262 9.554502 -3.651148
v -1.404186 9.554502 -3.404186
v -1.651148 9.554502 -3.103262
v -1.834658 9.554502 -2.759940
v -1.947662 9.554502 -2.387414
v -1.985819 9.554502 -2.000000
v -1.947662 9.554502 -1.612586
v -1.834658 9.554502 -1.240060
v -1.651148 9.554502 -0.896738
v -1.404186 9.554502 -0.595814
v -1.103262 9.554502 -0.348852
v -0.759940 9.554502 -0.165342
v -0.387414 9.554502 -0.052338
v -0.000000 9.554502 -0.014181
v 0.387414 9.554502 -0.052338
v 0.759940 9.554502 -0.165342
v 1.103262 9.554502 -0.348852
v 1.404186 9.554502 -0.595814
v 1.651148 9.554502 -0.896738
v 1.834657 9.554502 -1.240060
v 1.947662 9.554502 -1.612586
v 1.985819 9.554502 -2.000000
v 1.947662 9.554502 -2.387414
v 1.834657 9.554502 -2.759940
v 1.651148 9.554502 -3.103262
v 1.404186 9.554502 -3.404186
v 1.103262 9.554502 -3.651148
v 0.759940 9.554502 -3.834658
v 0.387414 9.554502 -3.947662
v -2.150162 9.008904 -0.563307
v -2.150162 8.508808 -0.563307
v 2.536289 9.008904 -2.504499
v 2.536289 8.508808 -2.504499
v -1.828563 9.008904 -0.171437
v -1.828563 8.508808 -0.171437
v 2.389132 9.008904 -2.989611
v 2.389132 8.508808 -2.989611
v -1.436693 9.008904 0.150162
v -1.436693 8.508808 0.150162
v 2.150162 9.008904 -3.436693
v 2.150162 8.508808 -3.436693
v -0.989611 9.008904 0.389132
v -0.989611 8.508808 0.389132
v -0.504499 9.008904 -4.536289
v -0.504499 8.508808 -4.536289
v 1.828563 9.008904 -3.828563
v 1.828563 8.508808 -3.828563
v -0.504499 9.008904 0.536289
v -0.504499 8.508808 0.536289
v -0.989611 9.008904 -4.389132
v -0.989611 8.508808 -4.389132
v 1.436693 9.008904 -4.150163
v 1.436693 8.508808 -4.150163
v 0.000000 9.008904 0.585979
v 0.000000 8.508808 0.585979
v -1.436693 9.008904 -4.150163
v -1.436693 8.508808 -4.150163
v 0.989611 9.008904 -4.389132
v 0.989611 8.508808 -4.389132
v 0.504499 9.008904 0.536289
v 0.504499 8.508808 0.536289
v -1.828563 9.008904 -3.828563
v -1.828563 8.508808 -3.828563
v 0.504499 9.008904 -4.536289
v 0.504499 8.508808 -4.536289
v 0.000000 8.508807 -4.585979
v 0.000000 9.008904 -4.585979
v 0.989611 9.008904 0.389132
v 0.989611 8.508808 0.389132
v -2.150162 9.008904 -3.436693
v -2.150162 8.508808 -3.436693
v 1.436693 9.008904 0.150162
v 1.436693 8.508808 0.150162
v -2.389132 9.008904 -2.989611
v -2.389132 8.508808 -2.989611
v 1.828563 9.008904 -0.171437
v 1.828563 8.508808 -0.171437
v -2.536289 9.008904 -2.504499
v -2.536289 8.508808 -2.504499
v -2.585979 8.508807 -2.000000
v -2.585979 9.008904 -2.000000
v 2.150162 9.008904 -0.563307
v 2.150162 8.508808 -0.563307
v 2.389132 8.508807 -1.010389
v 2.389132 9.008904 -1.010389
v 0.989611 10.517234 -4.389132
v 0.759940 10.517234 -3.834658
v 2.536289 10.517234 -2.504499
v 1.947662 10.517234 -2.387414
v 1.985819 10.517234 -2.000000
v 2.585979 10.517234 -2.000000
v -2.536289 10.517234 -2.504499
v -1.947662 10.517234 -2.387414
v -1.834658 10.517234 -2.759940
v -2.389132 10.517234 -2.989611
v 1.436693 10.517234 -4.150163
v 1.103262 10.517234 -3.651148
v -2.389132 10.517234 -1.010389
v -1.834658 10.517234 -1.240060
v -1.947662 10.517234 -1.612586
v -2.536289 10.517234 -1.495501
v 1.436693 10.517234 0.150162
v 1.103262 10.517234 -0.348852
v 0.759940 10.517234 -0.165342
v 0.989611 10.517234 0.389132
v 1.828563 10.517234 -3.828563
v 1.404186 10.517234 -3.404186
v 1.651148 10.517234 -3.103262
v 2.150162 10.517234 -3.436693
v 2.389132 10.517234 -1.010389
v 1.834658 10.517234 -1.240060
v 1.651148 10.517234 -0.896738
v 2.150162 10.517234 -0.563307
v 1.404186 10.517234 -0.595814
v -1.651148 10.517234 -3.103262
v -1.404186 10.517234 -3.404186
v 0.387414 10.517234 -3.947662
v 0.387414 10.517234 -0.052338
v 0.000000 10.517234 -0.014181
v -1.103262 10.517234 -3.651148
v -0.759940 10.517234 -3.834658
v -0.387414 10.517234 -0.052338
v -0.759940 10.517234 -0.165342
v -0.387414 10.517234 -3.947662
v 0.000000 10.517234 -3.985819
v 1.834658 10.517234 -2.759940
v -1.103262 10.517234 -0.348852
v -1.404186 10.517234 -0.595814
v -1.651148 10.517234 -0.896738
v 1.947662 10.517234 -1.612586
v -1.985819 10.517234 -2.000000
v 1.828563 10.517234 -0.171437
v -2.150162 10.517234 -3.436693
v -1.828563 10.517234 -3.828563
v 0.504499 10.517234 -4.536289
v 0.504499 10.517234 0.536289
v 0.000000 10.517234 0.585979
v -1.436693 10.517234 -4.150163
v -0.989611 10.517234 -4.389132
v -0.504499 10.517234 0.536289
v -0.989611 10.517234 0.389132
v -0.504499 10.517234 -4.536289
v 0.000000 10.517234 -4.585979
v 2.389132 10.517234 -2.989611
v -1.436693 10.517234 0.150162
v -1.828563 10.517234 -0.171437
v -2.150162 10.517234 -0.563307
v 2.536289 10.517234 -1.495501
v -2.585979 10.517234 -2.000000
v 0.000000 6.250000 -3.985819
v 0.387414 6.250000 -3.947662
v 0.000000 6.902050 -3.985819
v 0.139647 6.894692 -3.972065
v 0.288637 6.862766 -3.957391
v 0.387414 6.826450 -3.947662
v 0.576120 6.250000 -0.109581
v 0.387414 6.250000 -0.052338
v 0.576120 6.508424 -0.109581
v 0.576120 6.750000 -0.109581
v 0.458187 6.804230 -0.073807
v 0.387414 6.826450 -0.052338
v 0.576120 6.250000 -3.890419
v 0.576120 6.508424 -3.890419
v 0.576120 6.750000 -3.890419
v 0.458187 6.804230 -3.926193
v 0.000000 6.250000 -0.014181
v 0.288637 6.862766 -0.042609
v 0.000000 6.902050 -0.014181
v 0.139647 6.894692 -0.027935
v -0.387414 6.250000 -0.052338
v -0.000000 6.902050 -0.014181
v -0.387414 6.826450 -0.052338
v -0.288637 6.862766 -0.042609
v -0.139647 6.894692 -0.027935
v -0.576120 6.250000 -3.890419
v -0.576120 6.508424 -3.890419
v -0.387414 6.250000 -3.947662
v -0.576120 6.750000 -3.890419
v -0.458187 6.804230 -3.926193
v -0.387414 6.826450 -3.947662
v -0.576120 6.250000 -0.109581
v -0.576120 6.508424 -0.109581
v -0.576120 6.750000 -0.109581
v -0.458187 6.804230 -0.073807
v -0.288637 6.862766 -3.957391
v -0.000000 6.902050 -3.985819
v -0.139647 6.894692 -3.972065
vn -0.0000 -1.0000 -0.0000
vn -0.9952 -0.0000 -0.0980
vn 0.9952 -0.0000 0.0980
vn -0.0000 1.0000 -0.0000
vn 0.7730 -0.0000 0.6344
vn -0.9569 -0.0000 -0.2903
vn 0.9569 -0.0000 0.2903
vn 0.6344 -0.0000 0.7730
vn 0.2903 -0.0000 -0.9569
vn -0.8819 -0.0000 -0.4714
vn 0.4714 -0.0000 0.8819
vn 0.8819 -0.0000 0.4714
vn 0.0980 -0.0000 -0.9952
vn -0.7730 -0.0000 -0.6344
vn -0.6344 -0.0000 0.7730
vn 0.2903 -0.0000 0.9569
vn -0.1951 -0.0000 -0.9808
vn -0.6344 -0.0000 -0.7730
vn 0.0980 -0.0000 0.9952
vn 0.4714 -0.0000 -0.8819
vn -0.4714 -0.0000 -0.8819
vn -0.0980 -0.0000 0.9952
vn 0.6344 -0.0000 -0.7730
vn -0.0000 -0.0000 -1.0000
vn -0.2903 -0.0000 -0.9569
vn -0.2903 -0.0000 0.9569
vn 0.7730 -0.0000 -0.6344
vn -0.9952 -0.0000 0.0980
vn -0.0980 -0.0000 -0.9952
vn -0.4714 -0.0000 0.8819
vn -0.9808 -0.0000 -0.1951
vn 0.8819 -0.0000 -0.4714
vn 0.9569 -0.0000 -0.2903
vn -0.7730 -0.0000 0.6344
vn 0.9952 -0.0000 -0.0980
vn -0.8819 -0.0000 0.4714
vn -0.9569 -0.0000 0.2903
vn -0.3827 -0.0000 -0.9239
vn 0.8315 -0.0000 0.5556
vn -0.8315 -0.0000 0.5556
vn -1.0000 -0.0000 -0.0000
vn -0.7071 -0.0000 -0.7071
vn 0.9808 -0.0000 -0.1951
vn 0.5556 -0.0000 -0.8315
vn 0.3827 -0.0000 0.9239
vn 1.0000 -0.0000 -0.0000
vn -0.9808 -0.0000 0.1951
vn 0.7071 -0.0000 -0.7071
vn 0.1951 -0.0000 0.9808
vn 0.7071 -0.0000 0.7071
vn 0.1951 -0.0000 -0.9808
vn 0.9239 -0.0000 0.3827
vn -0.9239 -0.0000 -0.3827
vn 0.8315 -0.0000 -0.5556
vn -0.1951 -0.0000 0.9808
vn 0.9239 -0.0000 -0.3827
vn -0.3827 -0.0000 0.9239
vn -0.5556 -0.0000 0.8315
vn -0.0000 -0.0000 1.0000
vn -0.5556 -0.0000 -0.8315
vn -0.7071 -0.0000 0.7071
vn 0.9808 -0.0000 0.1951
vn 0.5556 -0.0000 0.8315
vn -0.8315 -0.0000 -0.5556
vn -0.9239 -0.0000 0.3827
vn 0.3827 -0.0000 -0.9239
vn -0.9174 -0.0000 0.3980
vn -0.9599 -0.0000 0.2804
vn -0.9824 -0.0000 0.1869
vn -0.9942 -0.0000 0.1074
vn -0.9994 -0.0000 0.0350
vn -0.9994 -0.0000 -0.0350
vn -0.9942 -0.0000 -0.1074
vn -0.9824 -0.0000 -0.1869
vn -0.9599 -0.0000 -0.2804
vn -0.9174 -0.0000 -0.3980
vn 0.9174 -0.0000 -0.3980
vn 0.9599 -0.0000 -0.2804
vn 0.9824 -0.0000 -0.1869
vn 0.9942 -0.0000 -0.1074
vn 0.9994 -0.0000 -0.0350
vn 0.9994 -0.0000 0.0350
vn 0.9942 -0.0000 0.1074
vn 0.9824 -0.0000 0.1869
vn 0.9599 -0.0000 0.2804
vn 0.9174 -0.0000 0.3980
vn 0.6388 -0.7690 0.0224
vn -0.0782 -0.9560 -0.2827
vn -0.6227 -0.7796 0.0672
vn 0.4586 -0.8661 0.1989
vn 0.4586 -0.8661 -0.1989
vn -0.5891 -0.8003 -0.1121
vn -0.2270 -0.9368 0.2664
vn 0.6388 -0.7690 -0.0224
vn -0.2270 -0.9368 -0.2664
vn -0.5891 -0.8003 0.1121
vn 0.5355 -0.8299 0.1564
vn 0.3557 -0.9041 -0.2369
vn -0.6227 -0.7796 -0.0672
vn 0.0782 -0.9560 0.2827
vn -0.0782 -0.9560 0.2827
vn 0.6227 -0.7796 -0.0672
vn -0.3557 -0.9041 -0.2369
vn -0.5355 -0.8299 0.1564
vn 0.5891 -0.8003 0.1121
vn 0.2270 -0.9368 -0.2664
vn -0.6388 -0.7690 -0.0224
vn 0.2270 -0.9368 0.2664
vn 0.5891 -0.8003 -0.1121
vn -0.4586 -0.8661 -0.1989
vn -0.4586 -0.8661 0.1989
vn 0.6227 -0.7796 0.0672
vn 0.0782 -0.9560 -0.2827
vn -0.6388 -0.7690 0.0224
vn 0.3557 -0.9041 0.2369
vn 0.5355 -0.8299 -0.1564
vn -0.5355 -0.8299 -0.1564
vn -0.3557 -0.9041 0.2369
vt 0.116432 0.717052
vt 0.114891 0.709305
vt 0.114891 0.701405
vt 0.116432 0.693657
vt 0.119455 0.686359
vt 0.123844 0.679791
vt 0.129430 0.674205
vt 0.135998 0.669816
vt 0.143296 0.666793
vt 0.151044 0.665252
vt 0.158943 0.665252
vt 0.166691 0.666793
vt 0.173989 0.669816
vt 0.180558 0.674205
vt 0.186143 0.679791
vt 0.190532 0.686359
vt 0.193555 0.693657
vt 0.195096 0.701405
vt 0.195096 0.709305
vt 0.193555 0.717052
vt 0.190532 0.724350
vt 0.186143 0.730919
vt 0.180558 0.736504
vt 0.173989 0.740893
vt 0.166691 0.743916
vt 0.158943 0.745457
vt 0.151044 0.745457
vt 0.143296 0.743916
vt 0.135998 0.740893
vt 0.129430 0.736504
vt 0.123844 0.730919
vt 0.119455 0.724351
vt 0.689058 0.400593
vt 0.682125 0.400593
vt 0.682125 0.378268
vt 0.689058 0.378268
vt 0.084020 0.798585
vt 0.084020 0.805153
vt 0.071842 0.805153
vt 0.071842 0.798585
vt 0.682125 0.367105
vt 0.689058 0.367105
vt 0.682125 0.355942
vt 0.689058 0.355942
vt 0.682125 0.344779
vt 0.689058 0.344779
vt 0.682125 0.333616
vt 0.689058 0.333616
vt 0.682125 0.322453
vt 0.689058 0.322453
vt 0.682125 0.311290
vt 0.689058 0.311290
vt 0.889887 0.098665
vt 0.897786 0.098665
vt 0.898980 0.110785
vt 0.888693 0.110785
vt 0.707327 0.097838
vt 0.699427 0.097838
vt 0.699427 0.075512
vt 0.707327 0.075512
vt 0.699427 0.064349
vt 0.707327 0.064349
vt 0.699427 0.053187
vt 0.707327 0.053187
vt 0.699427 0.042024
vt 0.707327 0.042024
vt 0.699427 0.030861
vt 0.707327 0.030861
vt 0.699427 0.019698
vt 0.707327 0.019698
vt 0.699427 0.008535
vt 0.707327 0.008535
vt 0.620218 0.022196
vt 0.612470 0.020655
vt 0.613664 0.008535
vt 0.623753 0.010542
vt 0.696596 0.400593
vt 0.696596 0.378268
vt 0.696596 0.367105
vt 0.696596 0.355942
vt 0.696596 0.344779
vt 0.696596 0.333616
vt 0.696596 0.322453
vt 0.696596 0.311290
vt 0.084020 0.791287
vt 0.071842 0.791287
vt 0.715074 0.097838
vt 0.715074 0.075512
vt 0.715074 0.064349
vt 0.715074 0.053187
vt 0.715074 0.042024
vt 0.715074 0.030861
vt 0.715074 0.019698
vt 0.715074 0.008535
vt 0.748792 0.739753
vt 0.748792 0.749257
vt 0.715124 0.749257
vt 0.715124 0.739753
vt 0.704450 0.400593
vt 0.704450 0.378268
vt 0.704450 0.367105
vt 0.704450 0.355942
vt 0.704450 0.344779
vt 0.704450 0.333616
vt 0.704450 0.322453
vt 0.704450 0.311290
vt 0.568418 0.056808
vt 0.568418 0.064707
vt 0.556298 0.065901
vt 0.556298 0.055614
vt 0.722373 0.097838
vt 0.722373 0.075512
vt 0.722373 0.064349
vt 0.722373 0.053187
vt 0.722373 0.042024
vt 0.722373 0.030861
vt 0.722373 0.019698
vt 0.722373 0.008535
vt 0.084020 0.783539
vt 0.071842 0.783539
vt 0.324933 0.658101
vt 0.318365 0.658101
vt 0.318365 0.635775
vt 0.324933 0.635775
vt 0.318365 0.624612
vt 0.324933 0.624612
vt 0.318365 0.619218
vt 0.324933 0.619218
vt 0.318365 0.604663
vt 0.318365 0.602286
vt 0.324933 0.602286
vt 0.324933 0.606350
vt 0.323259 0.605540
vt 0.320733 0.604827
vt 0.318365 0.591124
vt 0.324933 0.591124
vt 0.318365 0.579961
vt 0.324933 0.579961
vt 0.318365 0.568798
vt 0.324933 0.568798
vt 0.569959 0.072455
vt 0.558305 0.075990
vt 0.712319 0.400593
vt 0.712319 0.378268
vt 0.712319 0.367105
vt 0.712319 0.355942
vt 0.712319 0.344779
vt 0.712319 0.333616
vt 0.712319 0.322453
vt 0.712319 0.311290
vt 0.783789 0.338288
vt 0.783789 0.348534
vt 0.750121 0.348534
vt 0.750121 0.338288
vt 0.728941 0.097838
vt 0.728941 0.075512
vt 0.728941 0.064349
vt 0.728941 0.058955
vt 0.725614 0.053187
vt 0.725614 0.058955
vt 0.728941 0.042024
vt 0.728941 0.046088
vt 0.727693 0.046584
vt 0.725614 0.047794
vt 0.725614 0.053187
vt 0.728941 0.030861
vt 0.728941 0.019698
vt 0.728941 0.008535
vt 0.084020 0.775639
vt 0.071842 0.775639
vt 0.332231 0.658101
vt 0.332231 0.635775
vt 0.332231 0.624612
vt 0.332231 0.613449
vt 0.328630 0.619218
vt 0.328630 0.613449
vt 0.324933 0.606350
vt 0.332231 0.602286
vt 0.328630 0.608057
vt 0.326320 0.606847
vt 0.332231 0.591124
vt 0.332231 0.579961
vt 0.332231 0.568798
vt 0.709474 0.279224
vt 0.700785 0.279224
vt 0.700785 0.245556
vt 0.709474 0.245556
vt 0.719899 0.400593
vt 0.719899 0.378268
vt 0.719899 0.367105
vt 0.719899 0.355942
vt 0.719899 0.344779
vt 0.719899 0.333616
vt 0.719899 0.322453
vt 0.719899 0.311290
vt 0.569959 0.049060
vt 0.558305 0.045525
vt 0.682125 0.506966
vt 0.676065 0.506966
vt 0.676065 0.484641
vt 0.682125 0.484641
vt 0.676065 0.473478
vt 0.682125 0.473478
vt 0.682125 0.468083
vt 0.676065 0.468083
vt 0.676065 0.455216
vt 0.676065 0.451152
vt 0.682125 0.451152
vt 0.682125 0.453529
vt 0.679941 0.453693
vt 0.677610 0.454405
vt 0.676065 0.439989
vt 0.682125 0.439989
vt 0.676065 0.428826
vt 0.682125 0.428826
vt 0.676065 0.417664
vt 0.682125 0.417664
vt 0.084020 0.767892
vt 0.071842 0.767892
vt 0.339979 0.658101
vt 0.339979 0.635775
vt 0.339979 0.624612
vt 0.339979 0.613449
vt 0.339979 0.602286
vt 0.339979 0.591124
vt 0.339979 0.579961
vt 0.339979 0.568798
vt 0.639670 0.086322
vt 0.644059 0.079753
vt 0.654799 0.085494
vt 0.649084 0.094047
vt 0.726899 0.400593
vt 0.726899 0.378268
vt 0.726899 0.367105
vt 0.726899 0.355942
vt 0.726899 0.344779
vt 0.726899 0.333616
vt 0.726899 0.322453
vt 0.726899 0.311290
vt 0.912192 0.008535
vt 0.920091 0.008535
vt 0.921285 0.020655
vt 0.910998 0.020655
vt 0.689058 0.506966
vt 0.689058 0.484641
vt 0.689058 0.473478
vt 0.689058 0.468083
vt 0.689058 0.451152
vt 0.689058 0.455216
vt 0.687291 0.454405
vt 0.684624 0.453693
vt 0.689058 0.439989
vt 0.689058 0.428826
vt 0.689058 0.417664
vt 0.084020 0.760593
vt 0.071842 0.760593
vt 0.347879 0.658101
vt 0.347879 0.635775
vt 0.347879 0.624612
vt 0.347879 0.613449
vt 0.347879 0.602286
vt 0.347879 0.591124
vt 0.347879 0.579961
vt 0.347879 0.568798
vt 0.608830 0.279048
vt 0.599415 0.279048
vt 0.599415 0.245380
vt 0.608830 0.245380
vt 0.733050 0.400593
vt 0.733050 0.378268
vt 0.733050 0.367105
vt 0.729934 0.355942
vt 0.729934 0.361710
vt 0.733050 0.361710
vt 0.733050 0.344779
vt 0.733050 0.348843
vt 0.731882 0.349339
vt 0.729934 0.350550
vt 0.733050 0.333616
vt 0.733050 0.322453
vt 0.733050 0.311290
vt 0.572982 0.041762
vt 0.562241 0.036021
vt 0.696596 0.506966
vt 0.696596 0.484641
vt 0.696596 0.473478
vt 0.692877 0.462315
vt 0.696596 0.462315
vt 0.692877 0.468083
vt 0.689058 0.455216
vt 0.696596 0.451152
vt 0.692877 0.456923
vt 0.690490 0.455712
vt 0.696596 0.439989
vt 0.696596 0.428826
vt 0.696596 0.417664
vt 0.084020 0.754025
vt 0.071842 0.754025
vt 0.355626 0.658101
vt 0.355626 0.635775
vt 0.355626 0.624612
vt 0.355626 0.613449
vt 0.355626 0.602286
vt 0.355626 0.591124
vt 0.355626 0.579961
vt 0.355626 0.568798
vt 0.694724 0.279224
vt 0.694724 0.245556
vt 0.312779 0.658101
vt 0.312779 0.635775
vt 0.312779 0.624612
vt 0.312779 0.619218
vt 0.312779 0.602286
vt 0.318365 0.604663
vt 0.316352 0.604827
vt 0.314203 0.605540
vt 0.312779 0.606350
vt 0.312779 0.591124
vt 0.312779 0.579961
vt 0.312779 0.568798
vt 0.604571 0.020655
vt 0.596823 0.022196
vt 0.593288 0.010542
vt 0.603377 0.008535
vt 0.704450 0.506966
vt 0.704450 0.484641
vt 0.704450 0.473478
vt 0.704450 0.462315
vt 0.704450 0.451152
vt 0.704450 0.439989
vt 0.704450 0.428826
vt 0.704450 0.417664
vt 0.726332 0.815822
vt 0.715124 0.815822
vt 0.715124 0.782154
vt 0.726332 0.782154
vt 0.362925 0.658101
vt 0.362925 0.635775
vt 0.362925 0.624612
vt 0.362925 0.613449
vt 0.362925 0.602286
vt 0.362925 0.591124
vt 0.362925 0.579961
vt 0.362925 0.568798
vt 0.762299 0.541432
vt 0.762299 0.547493
vt 0.750121 0.547493
vt 0.750121 0.541432
vt 0.712319 0.506966
vt 0.712319 0.484641
vt 0.712319 0.473478
vt 0.712319 0.462315
vt 0.712319 0.451152
vt 0.712319 0.439989
vt 0.712319 0.428826
vt 0.712319 0.417664
vt 0.596823 0.099319
vt 0.604571 0.100860
vt 0.603377 0.112980
vt 0.593288 0.110973
vt 0.369493 0.658101
vt 0.369493 0.635775
vt 0.369493 0.624612
vt 0.369493 0.613449
vt 0.369493 0.602286
vt 0.369493 0.591124
vt 0.369493 0.579961
vt 0.369493 0.568798
vt 0.860738 0.907673
vt 0.852838 0.907673
vt 0.851645 0.895554
vt 0.861931 0.895554
vt 0.719899 0.506966
vt 0.719899 0.484641
vt 0.719899 0.473478
vt 0.719899 0.462315
vt 0.719899 0.451152
vt 0.719899 0.439989
vt 0.719899 0.428826
vt 0.719899 0.417664
vt 0.577371 0.035194
vt 0.567956 0.027468
vt 0.375079 0.658101
vt 0.375079 0.635775
vt 0.375079 0.624612
vt 0.375079 0.613449
vt 0.375079 0.602286
vt 0.375079 0.591124
vt 0.375079 0.579961
vt 0.375079 0.568798
vt 0.762299 0.534499
vt 0.750121 0.534499
vt 0.726899 0.506966
vt 0.726899 0.484641
vt 0.726899 0.473478
vt 0.726899 0.462315
vt 0.726899 0.451152
vt 0.726899 0.439989
vt 0.726899 0.428826
vt 0.726899 0.417664
vt 0.516864 0.845348
vt 0.509566 0.845348
vt 0.509566 0.811680
vt 0.516864 0.811680
vt 0.684381 0.097838
vt 0.677813 0.097838
vt 0.677813 0.075512
vt 0.684381 0.075512
vt 0.677813 0.064349
vt 0.684381 0.064349
vt 0.677813 0.053187
vt 0.684381 0.053187
vt 0.677813 0.042024
vt 0.684381 0.042024
vt 0.677813 0.030861
vt 0.684381 0.030861
vt 0.677813 0.019698
vt 0.684381 0.019698
vt 0.677813 0.008535
vt 0.684381 0.008535
vt 0.620218 0.099319
vt 0.627516 0.096296
vt 0.633257 0.107037
vt 0.623753 0.110973
vt 0.733050 0.506966
vt 0.733050 0.484641
vt 0.733050 0.473478
vt 0.733050 0.462315
vt 0.733050 0.451152
vt 0.733050 0.439989
vt 0.733050 0.428826
vt 0.733050 0.417664
vt 0.762299 0.526961
vt 0.750121 0.526961
vt 0.691680 0.097838
vt 0.691680 0.075512
vt 0.691680 0.064349
vt 0.691680 0.053187
vt 0.691680 0.042024
vt 0.691680 0.030861
vt 0.691680 0.019698
vt 0.691680 0.008535
vt 0.812159 0.277074
vt 0.820058 0.277074
vt 0.821252 0.289194
vt 0.810965 0.289194
vt 0.676065 0.400593
vt 0.676065 0.378268
vt 0.676065 0.367105
vt 0.676065 0.355942
vt 0.676065 0.344779
vt 0.676065 0.333616
vt 0.676065 0.322453
vt 0.676065 0.311290
vt 0.644059 0.041762
vt 0.639670 0.035194
vt 0.649084 0.027468
vt 0.654799 0.036021
vt 0.920699 0.414689
vt 0.912799 0.414689
vt 0.911605 0.402569
vt 0.921892 0.402569
vt 0.627690 0.718429
vt 0.626149 0.726177
vt 0.623126 0.733475
vt 0.618737 0.740043
vt 0.613151 0.745629
vt 0.606583 0.750018
vt 0.599285 0.753041
vt 0.591537 0.754582
vt 0.583637 0.754582
vt 0.575890 0.753041
vt 0.568591 0.750018
vt 0.562023 0.745629
vt 0.556437 0.740043
vt 0.552049 0.733475
vt 0.549026 0.726177
vt 0.547485 0.718429
vt 0.547485 0.710530
vt 0.549026 0.702782
vt 0.552049 0.695484
vt 0.556437 0.688916
vt 0.562023 0.683330
vt 0.568591 0.678941
vt 0.575890 0.675918
vt 0.583637 0.674377
vt 0.591537 0.674377
vt 0.599285 0.675918
vt 0.606583 0.678941
vt 0.613151 0.683330
vt 0.618737 0.688916
vt 0.623126 0.695484
vt 0.626149 0.702782
vt 0.627690 0.710530
vt 0.529788 0.777689
vt 0.529788 0.786717
vt 0.518625 0.786717
vt 0.518625 0.777689
vt 0.793895 0.254482
vt 0.793895 0.264769
vt 0.782732 0.264769
vt 0.782732 0.254482
vt 0.529788 0.767873
vt 0.518625 0.767873
vt 0.793895 0.244392
vt 0.782732 0.244392
vt 0.529788 0.757645
vt 0.518625 0.757645
vt 0.793895 0.234889
vt 0.782732 0.234889
vt 0.759955 0.749257
vt 0.759955 0.757810
vt 0.748792 0.757810
vt 0.529788 0.747399
vt 0.518625 0.747399
vt 0.793895 0.226335
vt 0.782732 0.226335
vt 0.759955 0.739753
vt 0.529788 0.737528
vt 0.518625 0.737528
vt 0.794952 0.377606
vt 0.794952 0.385498
vt 0.783789 0.385498
vt 0.783789 0.377606
vt 0.759955 0.729663
vt 0.748792 0.729663
vt 0.529788 0.728412
vt 0.518625 0.728412
vt 0.794952 0.368578
vt 0.783789 0.368578
vt 0.759955 0.719376
vt 0.748792 0.719376
vt 0.529788 0.720402
vt 0.518625 0.720402
vt 0.794952 0.358762
vt 0.783789 0.358762
vt 0.759955 0.709287
vt 0.748792 0.709287
vt 0.759955 0.765084
vt 0.748792 0.765084
vt 0.794952 0.348534
vt 0.759955 0.699783
vt 0.748792 0.699783
vt 0.794952 0.338288
vt 0.759955 0.691230
vt 0.748792 0.691230
vt 0.794952 0.328417
vt 0.783789 0.328417
vt 0.759955 0.683956
vt 0.748792 0.683956
vt 0.794952 0.319301
vt 0.783789 0.319301
vt 0.793895 0.284362
vt 0.793895 0.292915
vt 0.782732 0.292915
vt 0.782732 0.284362
vt 0.794952 0.311290
vt 0.783789 0.311290
vt 0.793895 0.274858
vt 0.782732 0.274858
vt 0.529788 0.794610
vt 0.518625 0.794610
vt 0.572982 0.079753
vt 0.562241 0.085494
vt 0.715124 0.709287
vt 0.715124 0.699783
vt 0.084020 0.674655
vt 0.084020 0.680241
vt 0.071842 0.680241
vt 0.071842 0.674655
vt 0.634084 0.029608
vt 0.641810 0.020194
vt 0.458067 0.897858
vt 0.465966 0.897858
vt 0.467160 0.909978
vt 0.456873 0.909978
vt 0.634084 0.091907
vt 0.641810 0.101321
vt 0.084020 0.686810
vt 0.071842 0.686810
vt 0.080935 0.911155
vt 0.073035 0.911155
vt 0.071842 0.899035
vt 0.082129 0.899035
vt 0.577371 0.086322
vt 0.567956 0.094048
vt 0.821152 0.260003
vt 0.810965 0.260003
vt 0.810965 0.226335
vt 0.821152 0.226335
vt 0.084020 0.694108
vt 0.071842 0.694108
vt 0.612470 0.100860
vt 0.613664 0.112980
vt 0.084020 0.731369
vt 0.084020 0.736955
vt 0.071842 0.736955
vt 0.071842 0.731369
vt 0.844297 0.524175
vt 0.836429 0.524175
vt 0.836429 0.490507
vt 0.844297 0.490507
vt 0.589525 0.025219
vt 0.583784 0.014479
vt 0.084020 0.701855
vt 0.071842 0.701855
vt 0.548678 0.899203
vt 0.556578 0.899203
vt 0.557772 0.911322
vt 0.547485 0.911322
vt 0.791548 0.490507
vt 0.791548 0.496659
vt 0.779370 0.496659
vt 0.779370 0.490507
vt 0.582956 0.091907
vt 0.575230 0.101321
vt 0.576035 0.899203
vt 0.583935 0.899203
vt 0.585129 0.911322
vt 0.574842 0.911322
vt 0.084020 0.709755
vt 0.071842 0.709755
vt 0.791548 0.503659
vt 0.779370 0.503659
vt 0.603393 0.899203
vt 0.611292 0.899203
vt 0.612486 0.911322
vt 0.602199 0.911322
vt 0.647082 0.072455
vt 0.658736 0.075990
vt 0.084020 0.717503
vt 0.071842 0.717503
vt 0.791548 0.511239
vt 0.779370 0.511239
vt 0.589525 0.096296
vt 0.583784 0.107037
vt 0.920973 0.542019
vt 0.913073 0.542019
vt 0.911880 0.529899
vt 0.922167 0.529899
vt 0.084020 0.724801
vt 0.071842 0.724801
vt 0.791548 0.519107
vt 0.779370 0.519107
vt 0.559604 0.805320
vt 0.547485 0.805320
vt 0.547485 0.771652
vt 0.559604 0.771652
vt 0.648623 0.064707
vt 0.660743 0.065901
vt 0.791548 0.526961
vt 0.779370 0.526961
vt 0.814280 0.602119
vt 0.802986 0.602119
vt 0.802986 0.568451
vt 0.814280 0.568451
vt 0.121891 0.846934
vt 0.114891 0.846934
vt 0.114891 0.813266
vt 0.121891 0.813266
vt 0.791548 0.534499
vt 0.779370 0.534499
vt 0.914297 0.226335
vt 0.922196 0.226335
vt 0.923390 0.238455
vt 0.913103 0.238455
vt 0.791548 0.541432
vt 0.779370 0.541432
vt 0.648623 0.056808
vt 0.660743 0.055614
vt 0.494050 0.911958
vt 0.486151 0.911958
vt 0.484957 0.899838
vt 0.495244 0.899838
vt 0.791548 0.547493
vt 0.779370 0.547493
vt 0.627516 0.025219
vt 0.633257 0.014479
vt 0.521408 0.911958
vt 0.513508 0.911958
vt 0.512314 0.899838
vt 0.522601 0.899838
vt 0.762299 0.490507
vt 0.762299 0.496659
vt 0.750121 0.496659
vt 0.750121 0.490507
vt 0.822086 0.344958
vt 0.812022 0.344958
vt 0.812022 0.311290
vt 0.822086 0.311290
vt 0.647082 0.049060
vt 0.658736 0.045525
vt 0.123984 0.913544
vt 0.116085 0.913544
vt 0.114891 0.901424
vt 0.125178 0.901424
vt 0.762299 0.503659
vt 0.750121 0.503659
vt 0.484957 0.757645
vt 0.484957 0.747399
vt 0.582956 0.029608
vt 0.575230 0.020194
vt 0.762299 0.511239
vt 0.750121 0.511239
vt 0.617830 0.805320
vt 0.605865 0.805320
vt 0.605865 0.771652
vt 0.617830 0.771652
vt 0.762299 0.519107
vt 0.750121 0.519107
vt 0.017628 0.916036
vt 0.009729 0.916036
vt 0.008535 0.903916
vt 0.018822 0.903916
vt 0.037086 0.903916
vt 0.044986 0.903916
vt 0.046179 0.916036
vt 0.035892 0.916036
vt 0.311959 0.904435
vt 0.319859 0.904435
vt 0.321052 0.916555
vt 0.310765 0.916555
vt 0.347216 0.916604
vt 0.339316 0.916604
vt 0.338123 0.904484
vt 0.348410 0.904484
vt 0.224930 0.905850
vt 0.232830 0.905850
vt 0.234023 0.917970
vt 0.223736 0.917970
vt 0.277658 0.905882
vt 0.285558 0.905882
vt 0.286752 0.918002
vt 0.276465 0.918002
vt 0.741494 0.907768
vt 0.749393 0.907768
vt 0.750587 0.919887
vt 0.740300 0.919887
vt 0.923057 0.142170
vt 0.915158 0.142170
vt 0.913964 0.130050
vt 0.924251 0.130050
vt 0.919793 0.502627
vt 0.911894 0.502627
vt 0.910700 0.490507
vt 0.920987 0.490507
vt 0.925144 0.110785
vt 0.917244 0.110785
vt 0.916050 0.098665
vt 0.926337 0.098665
vt 0.917479 0.449401
vt 0.925378 0.449401
vt 0.926572 0.461521
vt 0.916285 0.461521
vt 0.714137 0.907813
vt 0.722036 0.907813
vt 0.723230 0.919933
vt 0.712943 0.919933
vt 0.918816 0.275944
vt 0.910917 0.275944
vt 0.909723 0.263824
vt 0.920010 0.263824
vt 0.919750 0.323410
vt 0.911851 0.323410
vt 0.910657 0.311290
vt 0.920944 0.311290
vt 0.870429 0.110785
vt 0.862530 0.110785
vt 0.861336 0.098665
vt 0.871623 0.098665
vt 0.919761 0.071393
vt 0.911862 0.071393
vt 0.910668 0.059273
vt 0.920955 0.059273
vt 0.367927 0.915431
vt 0.375827 0.915431
vt 0.377021 0.927550
vt 0.366734 0.927550
vt 0.677654 0.279224
vt 0.668240 0.279224
vt 0.668240 0.245556
vt 0.677654 0.245556
vt 0.588795 0.805320
vt 0.576675 0.805320
vt 0.576675 0.771652
vt 0.588795 0.771652
vt 0.839249 0.652857
vt 0.831350 0.652857
vt 0.831350 0.619189
vt 0.839249 0.619189
vt 0.844266 0.092942
vt 0.836728 0.092942
vt 0.836728 0.059273
vt 0.844266 0.059273
vt 0.816955 0.801659
vt 0.806215 0.801659
vt 0.806215 0.767991
vt 0.816955 0.767991
vt 0.684996 0.823980
vt 0.675582 0.823980
vt 0.675582 0.790312
vt 0.684996 0.790312
vt 0.120952 0.796196
vt 0.114891 0.796196
vt 0.114891 0.762528
vt 0.120952 0.762528
vt 0.129641 0.796196
vt 0.129641 0.762528
vt 0.750121 0.385498
vt 0.750121 0.377606
vt 0.492495 0.845348
vt 0.484957 0.845348
vt 0.484957 0.811680
vt 0.492495 0.811680
vt 0.188080 0.796196
vt 0.175960 0.796196
vt 0.175960 0.762528
vt 0.188080 0.762528
vt 0.840764 0.602119
vt 0.831350 0.602119
vt 0.831350 0.568451
vt 0.840764 0.568451
vt 0.715124 0.691230
vt 0.715124 0.683956
vt 0.789145 0.801659
vt 0.777025 0.801659
vt 0.777025 0.767991
vt 0.789145 0.767991
vt 0.845521 0.260003
vt 0.838223 0.260003
vt 0.838223 0.226335
vt 0.845521 0.226335
vt 0.750121 0.328417
vt 0.750121 0.319301
vt 0.846455 0.344958
vt 0.839156 0.344958
vt 0.839156 0.311290
vt 0.846455 0.311290
vt 0.484957 0.737528
vt 0.484957 0.728412
vt 0.819657 0.042203
vt 0.808917 0.042203
vt 0.808917 0.008535
vt 0.819657 0.008535
vt 0.264115 0.813891
vt 0.252461 0.813891
vt 0.252461 0.780223
vt 0.264115 0.780223
vt 0.749064 0.264769
vt 0.749064 0.254482
vt 0.049494 0.812009
vt 0.037571 0.812009
vt 0.037571 0.778341
vt 0.049494 0.778341
vt 0.353426 0.812525
vt 0.341772 0.812525
vt 0.341772 0.778857
vt 0.353426 0.778857
vt 0.715124 0.729663
vt 0.715124 0.719376
vt 0.841925 0.801659
vt 0.834026 0.801659
vt 0.834026 0.767991
vt 0.841925 0.767991
vt 0.484957 0.777689
vt 0.484957 0.767873
vt 0.754611 0.815822
vt 0.743403 0.815822
vt 0.743403 0.782154
vt 0.754611 0.782154
vt 0.819359 0.524175
vt 0.808618 0.524175
vt 0.808618 0.490507
vt 0.819359 0.490507
vt 0.324702 0.812525
vt 0.312779 0.812525
vt 0.312779 0.778857
vt 0.324702 0.778857
vt 0.614415 0.279048
vt 0.614415 0.245380
vt 0.643664 0.279048
vt 0.631486 0.279048
vt 0.631486 0.245380
vt 0.643664 0.245380
vt 0.846525 0.163718
vt 0.839227 0.163718
vt 0.839227 0.130050
vt 0.846525 0.130050
vt 0.749064 0.284362
vt 0.749064 0.274858
vt 0.823090 0.436237
vt 0.813026 0.436237
vt 0.813026 0.402569
vt 0.823090 0.402569
vt 0.814280 0.652857
vt 0.802986 0.652857
vt 0.802986 0.619189
vt 0.814280 0.619189
vt 0.020501 0.812009
vt 0.008535 0.812009
vt 0.008535 0.778341
vt 0.020501 0.778341
vt 0.484957 0.794610
vt 0.484957 0.786717
vt 0.750121 0.368578
vt 0.750121 0.358762
vt 0.819657 0.092942
vt 0.808917 0.092942
vt 0.808917 0.059273
vt 0.819657 0.059273
vt 0.844596 0.042203
vt 0.836728 0.042203
vt 0.836728 0.008535
vt 0.844596 0.008535
vt 0.235390 0.813891
vt 0.223736 0.813891
vt 0.223736 0.780223
vt 0.235390 0.780223
vt 0.158889 0.796196
vt 0.146711 0.796196
vt 0.146711 0.762528
vt 0.158889 0.762528
vt 0.662654 0.279224
vt 0.662654 0.245556
vt 0.749064 0.244392
vt 0.749064 0.234889
vt 0.822157 0.163718
vt 0.811970 0.163718
vt 0.811970 0.130050
vt 0.822157 0.130050
vt 0.145962 0.846934
vt 0.138962 0.846934
vt 0.138962 0.813266
vt 0.145962 0.813266
vt 0.715124 0.765084
vt 0.715124 0.757810
vt 0.292839 0.813891
vt 0.281185 0.813891
vt 0.281185 0.780223
vt 0.292839 0.780223
vt 0.875000 0.500000
vt 0.875000 1.000000
vt 0.887328 1.000000
vt 0.887328 0.758424
vt 0.887328 0.500000
vt 0.843750 0.500000
vt 0.843750 1.000000
vt 0.812500 0.500000
vt 0.812500 1.000000
vt 0.781250 0.500000
vt 0.781250 1.000000
vt 0.750000 0.500000
vt 0.750000 1.000000
vt 0.718750 0.500000
vt 0.718750 1.000000
vt 0.687500 0.500000
vt 0.687500 1.000000
vt 0.656250 0.500000
vt 0.656250 1.000000
vt 0.625000 0.500000
vt 0.625000 1.000000
vt 0.612672 0.500000
vt 0.612672 0.758424
vt 0.612672 1.000000
vt 0.387328 0.500000
vt 0.375000 0.500000
vt 0.375000 1.000000
vt 0.387328 1.000000
vt 0.387328 0.758424
vt 0.343750 0.500000
vt 0.343750 1.000000
vt 0.312500 0.500000
vt 0.312500 1.000000
vt 0.281250 0.500000
vt 0.281250 1.000000
vt 0.250000 0.500000
vt 0.250000 1.000000
vt 0.218750 0.500000
vt 0.218750 1.000000
vt 0.187500 0.500000
vt 0.187500 1.000000
vt 0.156250 0.500000
vt 0.156250 1.000000
vt 0.125000 0.500000
vt 0.125000 1.000000
vt 0.112672 0.758424
vt 0.112672 1.000000
vt 0.112672 0.500000
vt 0.905358 0.068520
vt 0.919706 0.080294
vt 0.949553 0.116663
vt 0.971731 0.158156
vt 0.985388 0.203178
vt 0.990000 0.250000
vt 0.985388 0.296822
vt 0.971731 0.341844
vt 0.949553 0.383337
vt 0.919706 0.419706
vt 0.905358 0.431480
vt 0.854471 0.436976
vt 0.750000 0.440639
vt 0.645529 0.436976
vt 0.594642 0.431480
vt 0.580294 0.419706
vt 0.550447 0.383337
vt 0.528269 0.341844
vt 0.514612 0.296822
vt 0.510000 0.250000
vt 0.514612 0.203178
vt 0.528269 0.158156
vt 0.550447 0.116663
vt 0.580294 0.080294
vt 0.594642 0.068520
vt 0.645529 0.063024
vt 0.750000 0.059361
vt 0.854471 0.063024
vt 0.500000 1.000000
vt 0.531250 1.000000
vt 0.093750 1.000000
vt 0.112672 1.000000
vt 0.406250 1.000000
vt 0.387328 1.000000
vt 0.968750 1.000000
vt 0.937500 1.000000
vt 0.562500 1.000000
vt 0.437500 1.000000
vt 0.419482 1.000000
vt 0.000000 1.000000
vt 0.031250 1.000000
vt 1.000000 1.000000
vt 0.593750 1.000000
vt 0.580518 1.000000
vt 0.468750 1.000000
vt 0.062500 1.000000
vt 0.906250 1.000000
vt 0.887328 1.000000
vt 0.080518 1.000000
vt 0.919482 1.000000
s 0
usemtl Material.008
f 50/1/1 2/2/1 1/3/1 3/4/1 4/5/1 5/6/1 6/7/1 7/8/1 8/9/1 9/10/1 11/11/1 13/12/1 15/13/1 17/14/1 20/15/1 21/16/1 23/17/1 25/18/1 27/19/1 29/20/1 31/21/1 33/22/1 35/23/1 37/24/1 40/25/1 41/26/1 43/27/1 45/28/1 46/29/1 47/30/1 48/31/1 49/32/1
f 43/33/2 41/34/2 330/35/2 329/36/2
f 89/37/3 58/38/3 383/39/3 382/40/3
f 329/36/2 330/35/2 331/41/2 328/42/2
f 328/42/2 331/41/2 332/43/2 327/44/2
f 327/44/2 332/43/2 333/45/2 326/46/2
f 326/46/2 333/45/2 334/47/2 325/48/2
f 325/48/2 334/47/2 335/49/2 324/50/2
f 324/50/2 335/49/2 336/51/2 323/52/2
f 153/53/4 155/54/4 425/55/4 428/56/4
f 17/57/5 15/58/5 343/59/5 322/60/5
f 322/60/5 343/59/5 342/61/5 321/62/5
f 321/62/5 342/61/5 341/63/5 320/64/5
f 320/64/5 341/63/5 340/65/5 319/66/5
f 319/66/5 340/65/5 339/67/5 318/68/5
f 318/68/5 339/67/5 338/69/5 317/70/5
f 317/70/5 338/69/5 337/71/5 316/72/5
f 350/73/1 88/74/1 356/75/1 445/76/1
f 45/77/6 43/33/6 329/36/6 315/78/6
f 315/78/6 329/36/6 328/42/6 314/79/6
f 314/79/6 328/42/6 327/44/6 313/80/6
f 313/80/6 327/44/6 326/46/6 312/81/6
f 312/81/6 326/46/6 325/48/6 311/82/6
f 311/82/6 325/48/6 324/50/6 310/83/6
f 310/83/6 324/50/6 323/52/6 309/84/6
f 139/85/7 89/37/7 382/40/7 381/86/7
f 20/87/8 17/57/8 322/60/8 308/88/8
f 308/88/8 322/60/8 321/62/8 307/89/8
f 307/89/8 321/62/8 320/64/8 306/90/8
f 306/90/8 320/64/8 319/66/8 305/91/8
f 305/91/8 319/66/8 318/68/8 304/92/8
f 304/92/8 318/68/8 317/70/8 303/93/8
f 303/93/8 317/70/8 316/72/8 302/94/8
f 419/95/9 425/96/9 496/97/9 447/98/9
f 46/99/10 45/77/10 315/78/10 301/100/10
f 301/100/10 315/78/10 314/79/10 300/101/10
f 300/101/10 314/79/10 313/80/10 299/102/10
f 299/102/10 313/80/10 312/81/10 298/103/10
f 298/103/10 312/81/10 311/82/10 297/104/10
f 297/104/10 311/82/10 310/83/10 296/105/10
f 296/105/10 310/83/10 309/84/10 295/106/10
f 276/107/1 287/108/1 427/109/1 426/110/1
f 21/111/11 20/87/11 308/88/11 294/112/11
f 294/112/11 308/88/11 307/89/11 293/113/11
f 293/113/11 307/89/11 306/90/11 292/114/11
f 292/114/11 306/90/11 305/91/11 291/115/11
f 291/115/11 305/91/11 304/92/11 290/116/11
f 290/116/11 304/92/11 303/93/11 289/117/11
f 289/117/11 303/93/11 302/94/11 288/118/11
f 137/119/12 139/85/12 381/86/12 380/120/12
f 1/121/13 2/122/13 282/123/13 281/124/13
f 281/124/13 282/123/13 283/125/13 280/126/13
f 280/126/13 283/125/13 511/127/13 512/128/13
f 513/129/13 284/130/13 279/131/13 516/132/13 515/133/13 514/134/13
f 279/131/13 284/130/13 285/135/13 278/136/13
f 278/136/13 285/135/13 286/137/13 277/138/13
f 277/138/13 286/137/13 287/139/13 276/140/13
f 287/108/1 210/141/1 406/142/1 427/109/1
f 47/143/14 46/99/14 301/100/14 275/144/14
f 275/144/14 301/100/14 300/101/14 274/145/14
f 274/145/14 300/101/14 299/102/14 273/146/14
f 273/146/14 299/102/14 298/103/14 272/147/14
f 272/147/14 298/103/14 297/104/14 271/148/14
f 271/148/14 297/104/14 296/105/14 270/149/14
f 270/149/14 296/105/14 295/106/14 269/150/14
f 395/151/15 399/152/15 506/153/15 507/154/15
f 23/155/16 21/111/16 294/112/16 268/156/16
f 268/156/16 294/112/16 293/113/16 267/157/16
f 518/158/16 267/157/16 293/113/16 292/114/16 519/159/16 517/160/16
f 292/114/16 291/115/16 266/161/16 522/162/16 521/163/16 520/164/16 519/165/16
f 266/161/16 291/115/16 290/116/16 265/166/16
f 265/166/16 290/116/16 289/117/16 264/167/16
f 264/167/16 289/117/16 288/118/16 263/168/16
f 136/169/5 137/119/5 380/120/5 379/170/5
f 3/171/9 1/121/9 281/124/9 262/172/9
f 262/172/9 281/124/9 280/126/9 261/173/9
f 260/174/9 261/173/9 280/126/9 512/128/9 523/175/9 524/176/9
f 516/177/9 279/131/9 259/178/9 260/174/9 524/176/9 525/179/9 526/180/9
f 259/178/9 279/131/9 278/136/9 258/181/9
f 258/181/9 278/136/9 277/138/9 257/182/9
f 257/182/9 277/138/9 276/140/9 256/183/9
f 393/184/17 142/185/17 450/186/17 449/187/17
f 48/188/18 47/143/18 275/144/18 255/189/18
f 255/189/18 275/144/18 274/145/18 254/190/18
f 254/190/18 274/145/18 273/146/18 253/191/18
f 253/191/18 273/146/18 272/147/18 252/192/18
f 252/192/18 272/147/18 271/148/18 251/193/18
f 251/193/18 271/148/18 270/149/18 250/194/18
f 250/194/18 270/149/18 269/150/18 249/195/18
f 256/196/1 276/107/1 426/110/1 420/197/1
f 25/198/19 23/199/19 268/200/19 248/201/19
f 248/201/19 268/200/19 267/202/19 247/203/19
f 527/204/19 247/203/19 267/202/19 518/205/19
f 522/206/19 266/207/19 246/208/19 529/209/19 530/210/19 528/211/19
f 246/208/19 266/207/19 265/212/19 245/213/19
f 245/213/19 265/212/19 264/214/19 244/215/19
f 244/215/19 264/214/19 263/216/19 243/217/19
f 134/218/8 136/169/8 379/170/8 378/219/8
f 4/220/20 3/171/20 262/172/20 242/221/20
f 242/221/20 262/172/20 261/173/20 241/222/20
f 241/222/20 261/173/20 260/174/20 240/223/20
f 240/223/20 260/174/20 259/178/20 239/224/20
f 239/224/20 259/178/20 258/181/20 238/225/20
f 238/225/20 258/181/20 257/182/20 237/226/20
f 237/226/20 257/182/20 256/183/20 236/227/20
f 175/228/1 189/229/1 400/230/1 396/231/1
f 49/232/21 48/188/21 255/189/21 235/233/21
f 235/233/21 255/189/21 254/190/21 234/234/21
f 234/234/21 254/190/21 253/191/21 233/235/21
f 233/235/21 253/191/21 252/192/21 232/236/21
f 232/236/21 252/192/21 251/193/21 231/237/21
f 231/237/21 251/193/21 250/194/21 230/238/21
f 230/238/21 250/194/21 249/195/21 229/239/21
f 152/240/4 150/241/4 413/242/4 419/243/4
f 27/244/22 25/198/22 248/201/22 228/245/22
f 228/245/22 248/201/22 247/203/22 227/246/22
f 531/247/22 227/246/22 247/203/22 527/204/22
f 529/209/22 246/208/22 226/248/22 533/249/22 534/250/22 535/251/22 532/209/22
f 226/248/22 246/208/22 245/213/22 225/252/22
f 225/252/22 245/213/22 244/215/22 224/253/22
f 224/253/22 244/215/22 243/217/22 223/254/22
f 131/255/11 134/218/11 378/219/11 377/256/11
f 5/257/23 4/220/23 242/221/23 222/258/23
f 222/258/23 242/221/23 241/222/23 221/259/23
f 221/259/23 241/222/23 240/223/23 220/260/23
f 220/260/23 240/223/23 239/224/23 219/261/23
f 219/261/23 239/224/23 238/225/23 218/262/23
f 218/262/23 238/225/23 237/226/23 217/263/23
f 217/263/23 237/226/23 236/227/23 216/264/23
f 116/265/24 442/266/24 510/267/24 492/268/24
f 50/269/25 49/232/25 235/233/25 215/270/25
f 215/270/25 235/233/25 234/234/25 214/271/25
f 214/271/25 234/234/25 233/235/25 537/272/25 536/273/25 538/274/25
f 233/235/25 232/236/25 213/275/25 541/276/25 540/277/25 539/278/25 537/272/25
f 213/275/25 232/236/25 231/237/25 212/279/25
f 212/279/25 231/237/25 230/238/25 211/280/25
f 211/280/25 230/238/25 229/239/25 210/281/25
f 236/282/1 256/196/1 420/197/1 414/283/1
f 29/284/26 27/244/26 228/245/26 209/285/26
f 209/285/26 228/245/26 227/246/26 208/286/26
f 543/287/26 207/288/26 208/286/26 227/246/26 531/247/26 542/289/26
f 533/290/26 226/248/26 206/291/26 207/288/26 543/287/26 544/292/26 545/293/26
f 206/291/26 226/248/26 225/252/26 205/294/26
f 205/294/26 225/252/26 224/253/26 204/295/26
f 204/295/26 224/253/26 223/254/26 203/296/26
f 130/297/16 131/255/16 377/256/16 376/298/16
f 6/299/27 5/257/27 222/258/27 202/300/27
f 202/300/27 222/258/27 221/259/27 201/301/27
f 201/301/27 221/259/27 220/260/27 200/302/27
f 200/302/27 220/260/27 219/261/27 199/303/27
f 199/303/27 219/261/27 218/262/27 198/304/27
f 198/304/27 218/262/27 217/263/27 197/305/27
f 197/305/27 217/263/27 216/264/27 196/306/27
f 142/185/28 58/307/28 451/308/28 450/186/28
f 2/122/29 50/309/29 215/310/29 282/123/29
f 282/123/29 215/310/29 214/311/29 283/125/29
f 283/125/29 214/311/29 538/312/29 511/127/29
f 213/313/29 284/130/29 513/314/29 547/314/29 548/315/29 546/316/29 541/317/29
f 284/130/29 213/313/29 212/318/29 285/135/29
f 285/135/29 212/318/29 211/319/29 286/137/29
f 286/137/29 211/319/29 210/320/29 287/139/29
f 57/321/1 168/322/1 394/323/1 352/324/1
f 31/325/30 29/284/30 209/285/30 195/326/30
f 195/326/30 209/285/30 208/286/30 194/327/30
f 194/327/30 208/286/30 207/288/30 193/328/30
f 193/328/30 207/288/30 206/291/30 192/329/30
f 192/329/30 206/291/30 205/294/30 191/330/30
f 191/330/30 205/294/30 204/295/30 190/331/30
f 190/331/30 204/295/30 203/296/30 189/332/30
f 425/333/31 155/334/31 478/335/31 496/336/31
f 7/337/32 6/299/32 202/300/32 188/338/32
f 188/338/32 202/300/32 201/301/32 187/339/32
f 187/339/32 201/301/32 200/302/32 186/340/32
f 186/340/32 200/302/32 199/303/32 185/341/32
f 185/341/32 199/303/32 198/304/32 184/342/32
f 184/342/32 198/304/32 197/305/32 183/343/32
f 183/343/32 197/305/32 196/306/32 182/344/32
f 127/345/19 130/346/19 376/347/19 375/348/19
f 33/349/15 31/325/15 195/326/15 181/350/15
f 181/350/15 195/326/15 194/327/15 180/351/15
f 180/351/15 194/327/15 193/328/15 179/352/15
f 179/352/15 193/328/15 192/329/15 178/353/15
f 178/353/15 192/329/15 191/330/15 177/354/15
f 177/354/15 191/330/15 190/331/15 176/355/15
f 176/355/15 190/331/15 189/332/15 175/356/15
f 309/357/1 323/358/1 440/359/1 436/360/1
f 8/361/33 7/337/33 188/338/33 174/362/33
f 174/362/33 188/338/33 187/339/33 173/363/33
f 173/363/33 187/339/33 186/340/33 172/364/33
f 172/364/33 186/340/33 185/341/33 171/365/33
f 171/365/33 185/341/33 184/342/33 170/366/33
f 170/366/33 184/342/33 183/343/33 169/367/33
f 169/367/33 183/343/33 182/344/33 168/368/33
f 74/369/4 100/370/4 357/371/4 353/372/4
f 35/373/34 33/349/34 181/350/34 167/374/34
f 167/374/34 181/350/34 180/351/34 166/375/34
f 166/375/34 180/351/34 179/352/34 165/376/34
f 165/376/34 179/352/34 178/353/34 164/377/34
f 164/377/34 178/353/34 177/354/34 161/378/34
f 161/378/34 177/354/34 176/355/34 160/379/34
f 160/379/34 176/355/34 175/356/34 158/380/34
f 216/381/1 236/282/1 414/283/1 408/382/1
f 9/383/35 8/361/35 174/362/35 51/384/35
f 51/384/35 174/362/35 173/363/35 52/385/35
f 52/385/35 173/363/35 172/364/35 53/386/35
f 53/386/35 172/364/35 171/365/35 54/387/35
f 54/387/35 171/365/35 170/366/35 55/388/35
f 55/388/35 170/366/35 169/367/35 56/389/35
f 56/389/35 169/367/35 168/368/35 57/390/35
f 126/391/22 127/345/22 375/348/22 374/392/22
f 37/393/36 35/373/36 167/374/36 59/394/36
f 59/394/36 167/374/36 166/375/36 61/395/36
f 61/395/36 166/375/36 165/376/36 63/396/36
f 63/396/36 165/376/36 164/377/36 66/397/36
f 66/397/36 164/377/36 161/378/36 68/398/36
f 68/398/36 161/378/36 160/379/36 70/399/36
f 70/399/36 160/379/36 158/380/36 71/400/36
f 114/401/7 112/402/7 455/403/7 454/404/7
f 11/405/3 9/406/3 51/407/3 76/408/3
f 76/408/3 51/407/3 52/409/3 77/410/3
f 77/410/3 52/409/3 53/411/3 79/412/3
f 79/412/3 53/411/3 54/413/3 81/414/3
f 81/414/3 54/413/3 55/415/3 83/416/3
f 83/416/3 55/415/3 56/417/3 85/418/3
f 85/418/3 56/417/3 57/419/3 88/420/3
f 99/421/1 71/422/1 354/423/1 358/424/1
f 40/425/37 37/393/37 59/394/37 92/426/37
f 92/426/37 59/394/37 61/395/37 93/427/37
f 93/427/37 61/395/37 63/396/37 95/428/37
f 95/428/37 63/396/37 66/397/37 96/429/37
f 96/429/37 66/397/37 68/398/37 97/430/37
f 97/430/37 68/398/37 70/399/37 98/431/37
f 98/431/37 70/399/37 71/400/37 99/432/37
f 124/433/26 126/391/26 374/392/26 373/434/26
f 13/435/7 11/405/7 76/408/7 344/436/7
f 344/436/7 76/408/7 77/410/7 345/437/7
f 345/437/7 77/410/7 79/412/7 346/438/7
f 346/438/7 79/412/7 81/414/7 347/439/7
f 347/439/7 81/414/7 83/416/7 348/440/7
f 348/440/7 83/416/7 85/418/7 349/441/7
f 349/441/7 85/418/7 88/420/7 350/442/7
f 148/443/4 145/444/4 401/445/4 407/446/4
f 41/34/28 40/447/28 92/448/28 330/35/28
f 330/35/28 92/448/28 93/449/28 331/41/28
f 331/41/28 93/449/28 95/450/28 332/43/28
f 332/43/28 95/450/28 96/451/28 333/45/28
f 333/45/28 96/451/28 97/452/28 334/47/28
f 334/47/28 97/452/28 98/453/28 335/49/28
f 335/49/28 98/453/28 99/454/28 336/51/28
f 288/455/1 302/456/1 434/457/1 430/458/1
f 15/58/12 13/435/12 344/436/12 343/59/12
f 343/59/12 344/436/12 345/437/12 342/61/12
f 342/61/12 345/437/12 346/438/12 341/63/12
f 341/63/12 346/438/12 347/439/12 340/65/12
f 340/65/12 347/439/12 348/440/12 339/67/12
f 339/67/12 348/440/12 349/441/12 338/69/12
f 338/69/12 349/441/12 350/442/12 337/71/12
f 139/459/4 137/460/4 443/461/4 446/462/4
f 390/463/4 359/464/4 360/465/4 361/466/4 362/467/4 363/468/4 364/469/4 365/470/4 366/471/4 367/472/4 368/473/4 369/474/4 370/475/4 371/476/4 372/477/4 373/478/4 374/479/4 375/480/4 376/481/4 377/482/4 378/483/4 379/484/4 380/485/4 381/486/4 382/487/4 383/488/4 384/489/4 385/490/4 386/491/4 387/492/4 388/493/4 389/494/4
f 440/495/2 441/496/2 442/497/2 439/498/2
f 438/499/5 444/500/5 443/501/5 437/502/5
f 436/503/6 440/495/6 439/498/6 435/504/6
f 434/505/8 438/499/8 437/502/8 433/506/8
f 432/507/10 436/503/10 435/504/10 431/508/10
f 430/509/11 434/505/11 433/506/11 429/510/11
f 426/511/13 427/512/13 428/513/13 425/96/13
f 424/514/14 432/507/14 431/508/14 423/515/14
f 422/516/16 430/509/16 429/510/16 421/517/16
f 420/518/9 426/511/9 425/96/9 419/95/9
f 418/519/18 424/514/18 423/515/18 417/520/18
f 416/521/19 422/522/19 421/523/19 415/524/19
f 414/525/20 420/518/20 419/95/20 413/526/20
f 412/527/21 418/519/21 417/520/21 411/528/21
f 410/529/22 416/521/22 415/524/22 409/530/22
f 408/531/23 414/525/23 413/526/23 407/532/23
f 406/533/25 412/527/25 411/528/25 405/534/25
f 404/535/26 410/529/26 409/530/26 403/536/26
f 402/537/27 408/531/27 407/532/27 401/538/27
f 427/512/29 406/539/29 405/540/29 428/513/29
f 400/541/30 404/535/30 403/536/30 399/152/30
f 398/542/32 402/537/32 401/538/32 397/543/32
f 396/544/15 400/541/15 399/152/15 395/151/15
f 394/545/33 398/542/33 397/543/33 393/546/33
f 392/547/34 396/544/34 395/151/34 391/548/34
f 352/549/35 394/545/35 393/546/35 351/550/35
f 354/551/36 392/547/36 391/548/36 353/552/36
f 356/553/3 352/554/3 351/555/3 355/556/3
f 358/557/37 354/551/37 353/552/37 357/558/37
f 445/559/7 356/553/7 355/556/7 446/560/7
f 441/496/28 358/561/28 357/562/28 442/497/28
f 444/500/12 445/559/12 446/560/12 443/501/12
f 210/141/1 229/563/1 412/564/1 406/142/1
f 397/543/32 401/538/32 470/565/32 505/566/32
f 58/567/35 142/568/35 384/569/35 383/570/35
f 302/456/1 316/571/1 438/572/1 434/457/1
f 104/573/4 102/574/4 405/575/4 411/576/4
f 71/422/1 158/577/1 392/578/1 354/423/1
f 142/568/33 144/579/33 385/580/33 384/569/33
f 136/581/4 134/582/4 433/583/4 437/584/4
f 229/563/1 249/585/1 418/586/1 412/564/1
f 74/587/38 353/588/38 459/589/38 460/590/38
f 144/579/32 145/591/32 386/592/32 385/580/32
f 323/358/1 336/593/1 441/594/1 440/359/1
f 153/595/29 102/596/29 360/597/29 359/598/29
f 150/599/15 148/600/15 468/601/15 458/602/15
f 168/322/1 182/603/1 398/604/1 394/323/1
f 145/591/27 148/605/27 387/606/27 386/592/27
f 116/607/4 114/608/4 439/609/4 442/610/4
f 102/611/25 104/612/25 361/613/25 360/614/25
f 249/585/1 269/615/1 424/616/1 418/586/1
f 144/617/4 142/618/4 393/619/4 397/620/4
f 148/605/23 150/621/23 388/622/23 387/606/23
f 104/612/21 106/623/21 362/624/21 361/613/21
f 108/625/4 106/626/4 417/627/4 423/628/4
f 189/229/1 203/629/1 404/630/1 400/230/1
f 150/621/20 152/631/20 389/632/20 388/622/20
f 106/623/18 108/633/18 363/634/18 362/624/18
f 269/615/1 295/635/1 432/636/1 424/616/1
f 124/637/4 122/638/4 399/639/4 403/640/4
f 152/631/9 155/641/9 390/642/9 389/632/9
f 108/633/14 109/643/14 364/644/14 363/634/14
f 336/593/1 99/421/1 358/424/1 441/594/1
f 399/645/39 122/646/39 488/647/39 506/648/39
f 155/641/13 153/595/13 359/598/13 390/642/13
f 203/629/1 223/649/1 410/650/1 404/630/1
f 109/643/10 112/651/10 365/652/10 364/644/10
f 417/653/40 106/654/40 481/655/40 499/656/40
f 295/635/1 309/357/1 436/360/1 432/636/1
f 134/657/21 131/658/21 465/659/21 464/660/21
f 112/651/6 114/661/6 366/662/6 365/652/6
f 88/74/1 57/321/1 352/324/1 356/75/1
f 112/663/4 109/664/4 431/665/4 435/666/4
f 114/661/2 116/667/2 367/668/2 366/662/2
f 223/649/1 243/669/1 416/670/1 410/650/1
f 58/671/4 89/672/4 355/673/4 351/674/4
f 116/667/28 100/675/28 368/676/28 367/668/28
f 316/571/1 337/677/1 444/678/1 438/572/1
f 127/679/4 126/680/4 409/681/4 415/682/4
f 158/577/1 175/228/1 396/231/1 392/578/1
f 100/683/37 74/684/37 369/685/37 368/686/37
f 127/687/41 415/688/41 498/689/41 480/690/41
f 243/669/1 263/691/1 422/692/1 416/670/1
f 120/693/4 117/694/4 391/695/4 395/696/4
f 74/684/36 117/697/36 370/698/36 369/685/36
f 423/515/14 431/508/14 494/699/14 495/700/14
f 182/603/1 196/701/1 402/702/1 398/604/1
f 117/697/34 120/703/34 371/704/34 370/698/34
f 263/691/1 288/455/1 430/458/1 422/692/1
f 120/705/42 395/706/42 507/707/42 489/708/42
f 120/703/15 122/709/15 372/710/15 371/704/15
f 337/677/1 350/73/1 445/76/1 444/678/1
f 131/711/4 130/712/4 421/713/4 429/714/4
f 196/701/1 216/381/1 408/382/1 402/702/1
f 122/709/30 124/433/30 373/434/30 372/710/30
f 485/715/4 486/716/4 504/717/4 503/718/4
f 478/719/4 448/720/4 447/721/4 496/722/4
f 488/723/4 489/724/4 507/725/4 506/726/4
f 450/727/4 451/728/4 452/729/4 449/730/4
f 454/731/4 455/732/4 456/733/4 453/734/4
f 458/735/4 468/736/4 467/737/4 457/738/4
f 464/739/4 465/740/4 466/741/4 463/742/4
f 491/743/4 472/744/4 471/745/4 509/746/4
f 490/747/4 460/748/4 459/749/4 508/750/4
f 481/751/4 482/752/4 500/753/4 499/754/4
f 476/755/4 477/756/4 495/757/4 494/758/4
f 461/759/4 492/760/4 510/761/4 462/762/4
f 483/763/4 484/764/4 502/765/4 501/766/4
f 473/767/4 475/768/4 493/769/4 474/770/4
f 479/771/4 480/772/4 498/773/4 497/774/4
f 469/775/4 487/776/4 505/777/4 470/778/4
f 421/779/43 130/780/43 479/781/43 497/782/43
f 443/783/44 137/784/44 473/785/44 474/786/44
f 122/787/23 120/788/23 489/789/23 488/790/23
f 155/791/26 152/792/26 448/793/26 478/794/26
f 144/795/45 397/796/45 505/797/45 487/798/45
f 153/799/46 428/800/46 504/801/46 486/802/46
f 102/803/19 153/804/19 486/805/19 485/806/19
f 405/807/47 102/803/47 485/806/47 503/808/47
f 415/524/19 421/523/19 497/809/19 498/810/19
f 89/811/6 139/812/6 472/813/6 491/814/6
f 108/815/48 423/816/48 495/817/48 477/818/48
f 357/819/49 100/820/49 461/821/49 462/822/49
f 351/550/35 393/546/35 449/823/35 452/824/35
f 148/825/50 407/826/50 467/827/50 468/828/50
f 117/829/32 74/830/32 460/831/32 490/832/32
f 353/552/36 391/548/36 508/833/36 459/834/36
f 106/835/11 104/836/11 482/837/11 481/838/11
f 411/528/21 417/520/21 499/839/21 500/840/21
f 355/841/51 89/842/51 491/843/51 509/844/51
f 152/845/52 419/846/52 447/847/52 448/848/52
f 437/502/5 443/501/5 474/849/5 493/850/5
f 124/851/53 403/852/53 502/853/53 484/854/53
f 433/855/54 134/856/54 464/857/54 463/858/54
f 407/532/23 413/526/23 457/859/23 467/860/23
f 109/861/5 108/862/5 477/863/5 476/864/5
f 435/504/6 439/498/6 453/865/6 456/866/6
f 439/867/55 114/868/55 454/869/55 453/870/55
f 104/871/56 411/872/56 500/873/56 482/874/56
f 139/875/57 446/876/57 471/877/57 472/878/57
f 100/879/35 116/265/35 492/268/35 461/880/35
f 431/881/58 109/882/58 476/883/58 494/884/58
f 126/885/9 124/886/9 484/887/9 483/888/9
f 446/560/7 355/556/7 509/889/7 471/890/7
f 58/891/59 351/892/59 452/893/59 451/894/59
f 401/895/60 145/896/60 469/897/60 470/898/60
f 136/899/61 437/900/61 493/901/61 475/902/61
f 442/497/28 357/562/28 462/903/28 510/904/28
f 403/536/26 409/530/26 501/905/26 502/906/26
f 409/907/62 126/908/62 483/909/62 501/910/62
f 137/911/14 136/912/14 475/913/14 473/914/14
f 391/915/63 117/916/63 490/917/63 508/918/63
f 413/919/64 150/920/64 458/921/64 457/922/64
f 130/780/29 127/923/29 480/924/29 479/781/29
f 429/510/11 433/506/11 463/925/11 466/926/11
f 131/927/65 429/928/65 466/929/65 465/930/65
f 145/931/36 144/932/36 487/933/36 469/934/36
f 428/513/29 405/540/29 503/935/29 504/936/29
f 112/937/66 435/938/66 456/939/66 455/940/66
f 10/941/67 12/942/67 525/943/67 524/944/67 523/945/67
f 10/941/68 14/946/68 16/947/68 12/942/68
f 14/946/69 18/948/69 19/949/69 16/947/69
f 18/948/70 22/950/70 24/951/70 19/949/70
f 22/950/71 26/952/71 28/953/71 24/951/71
f 26/952/72 30/954/72 32/955/72 28/953/72
f 30/954/73 34/956/73 36/957/73 32/955/73
f 34/956/74 38/958/74 39/959/74 36/957/74
f 38/958/75 42/960/75 44/961/75 39/959/75
f 44/961/76 42/960/76 517/962/76 519/963/76 520/964/76
f 542/965/77 60/966/77 62/967/77 544/968/77 543/969/77
f 60/966/78 64/970/78 65/971/78 62/967/78
f 64/970/79 67/972/79 69/973/79 65/971/79
f 67/972/80 72/974/80 73/975/80 69/973/80
f 72/974/81 75/976/81 78/977/81 73/975/81
f 75/976/82 80/978/82 82/979/82 78/977/82
f 80/978/83 84/980/83 86/981/83 82/979/83
f 84/980/84 87/982/84 90/983/84 86/981/84
f 87/982/85 91/984/85 94/985/85 90/983/85
f 537/986/86 539/987/86 94/985/86 91/984/86 536/988/86
f 517/989/4 42/990/4 38/991/4 34/992/4 30/993/4 26/994/4 22/995/4 18/996/4 14/997/4 10/998/4 523/999/4 512/1000/4 511/1001/4 538/1002/4 536/1003/4 91/1004/4 87/1005/4 84/1006/4 80/1007/4 75/1008/4 72/1009/4 67/1010/4 64/1011/4 60/1012/4 542/1013/4 531/1014/4 527/1015/4 518/1016/4
f 82/979/87 113/979/87 115/977/87 78/977/87
f 132/1017/88 133/1018/88 530/1018/88 529/1017/88 532/1017/88
f 24/951/89 149/951/89 151/949/89 19/949/89
f 105/1019/90 107/985/90 94/985/90 539/1020/90 540/1019/90
f 62/967/91 123/967/91 125/1021/91 545/1021/91 544/1022/91
f 39/959/92 141/959/92 143/957/92 36/957/92
f 162/1023/93 514/1023/93 515/1024/93 159/1024/93
f 78/977/94 115/977/94 118/975/94 73/975/94
f 530/1018/95 133/1018/95 135/1025/95 528/1025/95
f 19/949/96 151/949/96 154/947/96 16/947/96
f 94/985/97 107/985/97 110/983/97 90/983/97
f 128/1026/98 534/1026/98 533/1027/98 545/1021/98 125/1021/98
f 36/957/99 143/957/99 146/955/99 32/955/99
f 163/1028/100 101/1029/100 548/1029/100 547/1028/100
f 514/1023/101 162/1023/101 163/1030/101 547/1030/101 513/1030/101
f 73/975/102 118/975/102 119/973/102 69/973/102
f 528/1025/103 135/1025/103 138/1031/103 521/1031/103 522/1032/103
f 16/947/104 154/947/104 156/942/104 12/942/104
f 90/983/105 110/983/105 111/981/105 86/981/105
f 129/1033/106 535/1033/106 534/1026/106 128/1026/106
f 32/955/107 146/955/107 147/953/107 28/953/107
f 101/1029/108 103/1034/108 546/1034/108 548/1029/108
f 69/973/109 119/973/109 121/971/109 65/971/109
f 521/1031/110 138/1031/110 140/961/110 44/961/110 520/964/110
f 12/942/111 156/942/111 157/1035/111 526/1035/111 525/1036/111
f 86/981/112 111/981/112 113/979/112 82/979/112
f 132/1017/113 532/1017/113 535/1033/113 129/1033/113
f 28/953/114 147/953/114 149/951/114 24/951/114
f 103/1034/115 105/1019/115 540/1019/115 541/1037/115 546/1034/115
f 65/971/116 121/971/116 123/967/116 62/967/116
f 44/961/117 140/961/117 141/959/117 39/959/117
f 128/1026/1 125/1021/1 123/967/1 121/971/1 119/973/1 118/975/1 115/977/1 113/979/1 111/981/1 110/983/1 107/985/1 105/1019/1 103/1034/1 101/1029/1 163/1028/1 162/1023/1 159/1024/1 157/1035/1 156/942/1 154/947/1 151/949/1 149/951/1 147/953/1 146/955/1 143/957/1 141/959/1 140/961/1 138/1031/1 135/1025/1 133/1018/1 132/1017/1 129/1033/1
f 159/1024/118 515/1024/118 516/1038/118 526/1035/118 157/1035/118
o Cylinder.003
v 13.500000 0.000000 -3.500000
v 13.500000 2.000000 -3.500000
v 13.792636 0.000000 -3.471178
v 13.792636 2.000000 -3.471178
v 14.074025 0.000000 -3.385819
v 14.074025 2.000000 -3.385819
v 14.333355 0.000000 -3.247204
v 14.333355 2.000000 -3.247204
v 14.560660 0.000000 -3.060660
v 14.560660 2.000000 -3.060660
v 14.747205 0.000000 -2.833355
v 13.733796 3.670907 -3.011211
v 14.747205 2.000000 -2.833355
v 13.733796 4.329093 -3.011211
v 14.885819 0.000000 -2.574025
v 13.759780 3.670907 -2.696535
v 14.885819 2.000000 -2.574025
v 13.759780 4.329093 -2.696535
v 14.971178 0.000000 -2.292635
v 13.775781 3.670907 -2.355090
v 14.971178 2.000000 -2.292635
v 13.775781 4.329093 -2.355090
v 15.000000 0.000000 -2.000000
v 13.781184 3.670907 -2.000000
v 15.000000 2.000000 -2.000000
v 13.781184 4.329093 -2.000000
v 14.971178 0.000000 -1.707365
v 13.775781 3.670907 -1.644910
v 14.971178 2.000000 -1.707365
v 13.775781 4.329093 -1.644910
v 14.885819 0.000000 -1.425975
v 13.759780 3.670907 -1.303465
v 14.885819 2.000000 -1.425975
v 13.759780 4.329093 -1.303465
v 13.733796 3.670907 -0.988788
v 14.747205 0.000000 -1.166645
v 14.747205 2.000000 -1.166645
v 13.733796 4.329093 -0.988788
v 14.560660 0.000000 -0.939340
v 14.560660 2.000000 -0.939340
v 14.333355 0.000000 -0.752796
v 14.333355 2.000000 -0.752796
v 14.074025 0.000000 -0.614181
v 14.074025 2.000000 -0.614181
v 13.792636 0.000000 -0.528822
v 13.792636 2.000000 -0.528822
v 13.500000 0.000000 -0.500000
v 13.500000 2.000000 -0.500000
v 13.207364 0.000000 -0.528822
v 13.207364 2.000000 -0.528822
v 12.925975 0.000000 -0.614181
v 12.925975 2.000000 -0.614181
v 12.666645 0.000000 -0.752796
v 12.666645 2.000000 -0.752796
v 12.439340 0.000000 -0.939340
v 12.439340 2.000000 -0.939340
v 12.252795 0.000000 -1.166645
v 13.266204 3.670907 -0.988788
v 12.252795 2.000000 -1.166645
v 13.266204 4.329093 -0.988788
v 12.114181 0.000000 -1.425975
v 13.240220 3.670907 -1.303465
v 13.240220 4.329093 -1.303465
v 12.114181 2.000000 -1.425975
v 12.028822 0.000000 -1.707365
v 13.224219 3.670907 -1.644910
v 12.028822 2.000000 -1.707365
v 13.224219 4.329093 -1.644910
v 12.000000 0.000000 -2.000000
v 13.218816 3.670907 -2.000000
v 12.000000 2.000000 -2.000000
v 13.218816 4.329093 -2.000000
v 12.028822 0.000000 -2.292635
v 13.224219 3.670907 -2.355090
v 12.028822 2.000000 -2.292635
v 13.224219 4.329093 -2.355090
v 12.114181 0.000000 -2.574025
v 13.240220 3.670907 -2.696535
v 12.114181 2.000000 -2.574025
v 13.240220 4.329093 -2.696535
v 13.266204 3.670907 -3.011211
v 12.252795 0.000000 -2.833355
v 12.252795 2.000000 -2.833355
v 13.266204 4.329093 -3.011211
v 12.439340 0.000000 -3.060660
v 12.439340 2.000000 -3.060660
v 12.666645 0.000000 -3.247204
v 12.666645 2.000000 -3.247204
v 12.925975 0.000000 -3.385819
v 12.925975 2.000000 -3.385819
v 13.207364 0.000000 -3.471178
v 13.207364 2.000000 -3.471178
v 13.752590 2.211682 -3.269857
v 13.503322 4.506687 -2.108082
v 13.500000 2.211682 -3.294735
v 13.500000 4.506687 -2.110200
v 13.506516 4.506687 -2.101811
v 13.995474 2.211682 -3.196179
v 13.509459 4.506687 -2.091627
v 14.219316 2.211682 -3.076533
v 14.415516 2.211682 -2.915516
v 13.512038 4.506687 -2.077922
v 13.514155 4.506687 -2.061223
v 14.576532 2.211682 -2.719316
v 14.696178 2.211682 -2.495474
v 13.515729 4.506687 -2.042171
v 14.769856 2.211682 -2.252590
v 13.516698 4.506687 -2.021497
v 14.794735 2.211682 -2.000000
v 13.517025 4.506687 -1.999998
v 13.516698 4.506687 -1.978499
v 14.769856 2.211682 -1.747410
v 14.696178 2.211682 -1.504526
v 13.515729 4.506687 -1.957826
v 13.514155 4.506687 -1.938774
v 14.576532 2.211682 -1.280684
v 13.512038 4.506687 -1.922074
v 14.415516 2.211682 -1.084484
v 13.509459 4.506687 -1.908369
v 14.219316 2.211682 -0.923467
v 13.506516 4.506687 -1.898186
v 13.995474 2.211682 -0.803821
v 13.503322 4.506687 -1.891915
v 13.752590 2.211682 -0.730143
v 13.500000 4.506687 -1.889797
v 13.500000 2.211682 -0.705265
v 13.496678 4.506687 -1.891915
v 13.247410 2.211682 -0.730143
v 13.493485 4.506687 -1.898186
v 13.004526 2.211682 -0.803821
v 13.490541 4.506687 -1.908369
v 12.780684 2.211682 -0.923467
v 13.487962 4.506687 -1.922074
v 12.584484 2.211682 -1.084484
v 12.423468 2.211682 -1.280684
v 13.485845 4.506687 -1.938774
v 13.484272 4.506687 -1.957826
v 12.303822 2.211682 -1.504526
v 12.230144 2.211682 -1.747410
v 13.483303 4.506687 -1.978499
v 12.205265 2.211682 -2.000000
v 13.482976 4.506687 -1.999998
v 12.230144 2.211682 -2.252590
v 13.483303 4.506687 -2.021497
v 12.303822 2.211682 -2.495474
v 13.484272 4.506687 -2.042171
v 12.423468 2.211682 -2.719316
v 13.485845 4.506687 -2.061223
v 12.584484 2.211682 -2.915516
v 13.487962 4.506687 -2.077922
v 12.780684 2.211682 -3.076533
v 13.490541 4.506687 -2.091627
v 13.004526 2.211682 -3.196179
v 13.493485 4.506687 -2.101811
v 13.247410 2.211682 -3.269857
v 13.496678 4.506687 -2.108082
v 13.752590 6.399349 -3.269857
v 13.500000 6.399349 -3.294735
v 13.995474 6.399349 -3.196179
v 14.219316 6.399349 -3.076533
v 14.415516 6.399349 -2.915516
v 14.576532 6.399349 -2.719316
v 14.696178 6.399349 -2.495474
v 14.769856 6.399349 -2.252590
v 14.794735 6.399349 -2.000000
v 14.769856 6.399349 -1.747410
v 14.696178 6.399349 -1.504526
v 14.576532 6.399349 -1.280684
v 14.415516 6.399349 -1.084484
v 14.219316 6.399349 -0.923467
v 13.995474 6.399349 -0.803821
v 13.752590 6.399349 -0.730143
v 13.500000 6.399349 -0.705265
v 13.247410 6.399349 -0.730143
v 13.004526 6.399349 -0.803821
v 12.780684 6.399349 -0.923467
v 12.584484 6.399349 -1.084484
v 12.423468 6.399349 -1.280684
v 12.303822 6.399349 -1.504526
v 12.230144 6.399349 -1.747410
v 12.205265 6.399349 -2.000000
v 12.230144 6.399349 -2.252590
v 12.303822 6.399349 -2.495474
v 12.423468 6.399349 -2.719316
v 12.584484 6.399349 -2.915516
v 12.780684 6.399349 -3.076533
v 13.004526 6.399349 -3.196179
v 13.247410 6.399349 -3.269857
v 13.811716 6.515844 -3.567102
v 13.500000 6.515844 -3.597803
v 14.111453 6.515844 -3.476178
v 14.387691 6.515844 -3.328525
v 14.629818 6.515844 -3.129817
v 14.828525 6.515844 -2.887692
v 14.976177 6.515844 -2.611453
v 15.067101 6.515844 -2.311716
v 15.097803 6.515844 -2.000000
v 15.067101 6.515844 -1.688284
v 14.976177 6.515844 -1.388547
v 14.828525 6.515844 -1.112308
v 14.629818 6.515844 -0.870183
v 14.387691 6.515844 -0.671475
v 14.111453 6.515844 -0.523822
v 13.811716 6.515844 -0.432898
v 13.500000 6.515844 -0.402197
v 13.188284 6.515844 -0.432898
v 12.888547 6.515844 -0.523822
v 12.612308 6.515844 -0.671475
v 12.370182 6.515844 -0.870183
v 12.171475 6.515844 -1.112308
v 12.023823 6.515844 -1.388547
v 11.932898 6.515844 -1.688284
v 11.902197 6.515844 -2.000000
v 11.932898 6.515844 -2.311716
v 12.023823 6.515844 -2.611453
v 12.171475 6.515844 -2.887692
v 12.370182 6.515844 -3.129817
v 12.612308 6.515844 -3.328525
v 12.888547 6.515844 -3.476178
v 13.188284 6.515844 -3.567102
v 13.811716 7.086715 -3.567102
v 13.500000 7.086715 -3.597803
v 14.111452 7.086715 -3.476178
v 14.387691 7.086715 -3.328525
v 14.629817 7.086715 -3.129817
v 14.828525 7.086715 -2.887692
v 14.976177 7.086715 -2.611453
v 15.067101 7.086715 -2.311716
v 15.097803 7.086715 -2.000000
v 15.067101 7.086715 -1.688284
v 14.976177 7.086715 -1.388547
v 14.828525 7.086715 -1.112308
v 14.629817 7.086715 -0.870183
v 14.387691 7.086715 -0.671475
v 14.111452 7.086715 -0.523822
v 13.811716 7.086715 -0.432898
v 13.500000 7.086715 -0.402197
v 13.188284 7.086715 -0.432898
v 12.888547 7.086715 -0.523822
v 12.612308 7.086715 -0.671475
v 12.370182 7.086715 -0.870183
v 12.171474 7.086715 -1.112308
v 12.023822 7.086715 -1.388547
v 11.932898 7.086715 -1.688284
v 11.902196 7.086715 -2.000000
v 11.932898 7.086715 -2.311716
v 12.023822 7.086715 -2.611453
v 12.171474 7.086715 -2.887692
v 12.370182 7.086715 -3.129817
v 12.612308 7.086715 -3.328525
v 12.888547 7.086715 -3.476178
v 13.188284 7.086715 -3.567102
v 13.867245 6.515844 -3.846263
v 13.500000 6.515844 -3.882434
v 14.220376 6.515844 -3.739142
v 14.545824 6.515844 -3.565187
v 14.831081 6.515844 -3.331082
v 15.065187 6.515844 -3.045824
v 15.239141 6.515844 -2.720376
v 15.346263 6.515844 -2.367245
v 15.382434 6.515844 -2.000000
v 15.346263 6.515844 -1.632755
v 15.239141 6.515844 -1.279624
v 15.065187 6.515844 -0.954176
v 14.831081 6.515844 -0.668918
v 14.545824 6.515844 -0.434813
v 14.220376 6.515844 -0.260858
v 13.867245 6.515844 -0.153737
v 13.500000 6.515844 -0.117566
v 13.132755 6.515844 -0.153737
v 12.779623 6.515844 -0.260858
v 12.454176 6.515844 -0.434813
v 12.168919 6.515844 -0.668918
v 11.934813 6.515844 -0.954176
v 11.760859 6.515844 -1.279624
v 11.653736 6.515844 -1.632755
v 11.617566 6.515844 -2.000000
v 11.653736 6.515844 -2.367245
v 11.760859 6.515844 -2.720376
v 11.934813 6.515844 -3.045824
v 12.168919 6.515844 -3.331082
v 12.454176 6.515844 -3.565187
v 12.779623 6.515844 -3.739142
v 13.132755 6.515844 -3.846263
v 13.867245 7.086715 -3.846263
v 13.500000 7.086715 -3.882434
v 14.220376 7.086715 -3.739142
v 14.545824 7.086715 -3.565187
v 14.831081 7.086715 -3.331082
v 15.065187 7.086715 -3.045824
v 15.239141 7.086715 -2.720376
v 15.346263 7.086715 -2.367245
v 15.382433 7.086715 -2.000000
v 15.346263 7.086715 -1.632755
v 15.239141 7.086715 -1.279624
v 15.065187 7.086715 -0.954176
v 14.831081 7.086715 -0.668918
v 14.545824 7.086715 -0.434813
v 14.220376 7.086715 -0.260858
v 13.867245 7.086715 -0.153737
v 13.500000 7.086715 -0.117566
v 13.132755 7.086715 -0.153737
v 12.779623 7.086715 -0.260858
v 12.454176 7.086715 -0.434813
v 12.168918 7.086715 -0.668918
v 11.934813 7.086715 -0.954176
v 11.760858 7.086715 -1.279624
v 11.653736 7.086715 -1.632755
v 11.617566 7.086715 -2.000000
v 11.653736 7.086715 -2.367245
v 11.760858 7.086715 -2.720376
v 11.934813 7.086715 -3.045824
v 12.168918 7.086715 -3.331082
v 12.454176 7.086715 -3.565187
v 12.779623 7.086715 -3.739142
v 13.132755 7.086715 -3.846263
v 13.811716 7.542553 -3.567102
v 13.500000 7.542553 -3.597803
v 14.387691 7.542553 -3.328525
v 14.111452 7.542553 -3.476178
v 14.828525 7.542553 -2.887692
v 14.629817 7.542553 -3.129817
v 15.067101 7.542553 -2.311716
v 14.976177 7.542553 -2.611453
v 15.067101 7.542553 -1.688284
v 15.097803 7.542553 -2.000000
v 14.828525 7.542553 -1.112308
v 14.976177 7.542553 -1.388547
v 14.387691 7.542553 -0.671475
v 14.629817 7.542553 -0.870183
v 13.811716 7.542553 -0.432898
v 14.111452 7.542553 -0.523822
v 13.188284 7.542553 -0.432898
v 13.500000 7.542553 -0.402197
v 12.612308 7.542553 -0.671475
v 12.888547 7.542553 -0.523822
v 12.171474 7.542553 -1.112308
v 12.370182 7.542553 -0.870183
v 11.932898 7.542553 -1.688284
v 12.023822 7.542553 -1.388547
v 11.932898 7.542553 -2.311716
v 11.902196 7.542553 -2.000000
v 12.171474 7.542553 -2.887692
v 12.023822 7.542553 -2.611453
v 12.612308 7.542553 -3.328525
v 12.370182 7.542553 -3.129817
v 13.188284 7.542553 -3.567102
v 12.888547 7.542553 -3.476178
v 12.779623 7.542553 -3.739142
v 14.545824 7.542553 -3.565187
v 12.454176 7.542553 -3.565187
v 14.220376 7.542553 -3.739142
v 12.168918 7.542553 -3.331082
v 13.500000 7.542553 -3.882434
v 13.867245 7.542553 -3.846263
v 11.934813 7.542553 -3.045824
v 11.760858 7.542553 -2.720376
v 11.653736 7.542553 -2.367245
v 11.617566 7.542553 -2.000000
v 11.653736 7.542553 -1.632755
v 11.760858 7.542553 -1.279624
v 11.934813 7.542553 -0.954176
v 12.168918 7.542553 -0.668918
v 12.779623 7.542553 -0.260858
v 12.454176 7.542553 -0.434813
v 15.065187 7.542553 -3.045824
v 14.831081 7.542553 -3.331082
v 15.346263 7.542553 -2.367245
v 15.239141 7.542553 -2.720376
v 15.346263 7.542553 -1.632755
v 15.382433 7.542553 -2.000000
v 15.065187 7.542553 -0.954176
v 15.239141 7.542553 -1.279624
v 14.545824 7.542553 -0.434813
v 14.831081 7.542553 -0.668918
v 13.867245 7.542553 -0.153737
v 14.220376 7.542553 -0.260858
v 13.132755 7.542553 -0.153737
v 13.500000 7.542553 -0.117566
v 13.132755 7.542553 -3.846263
v 13.500000 4.383661 -3.294735
v 13.500000 4.383661 -3.294735
v 13.582331 4.373493 -3.286626
v 13.500000 3.670907 -3.294735
v 13.539666 4.381440 -3.290828
v 13.700352 4.329093 -3.275002
v 13.700352 3.670907 -3.275002
v 13.697020 4.330812 -3.275330
v 13.632302 4.358033 -3.281704
v 13.632302 4.358033 -0.718296
v 13.700352 4.329093 -0.724998
v 13.700352 3.670907 -0.724998
v 13.697020 4.330812 -0.724670
v 13.500000 3.670907 -0.705265
v 13.500000 4.383661 -0.705265
v 13.500000 4.383661 -0.705265
v 13.582331 4.373493 -0.713374
v 13.539666 4.381441 -0.709172
v 13.417669 4.373493 -0.713374
v 13.460334 4.381441 -0.709172
v 13.302980 4.330812 -0.724670
v 13.299648 4.329093 -0.724998
v 13.299648 3.670907 -0.724998
v 13.367698 4.358033 -0.718296
v 13.302980 4.330812 -3.275330
v 13.299648 4.329093 -3.275002
v 13.299648 3.670907 -3.275002
v 13.367698 4.358033 -3.281704
v 13.417669 4.373493 -3.286626
v 13.460334 4.381440 -3.290828
vn 0.0980 -0.0000 -0.9952
vn 0.2903 -0.0000 -0.9569
vn 0.4714 -0.0000 -0.8819
vn 0.6344 -0.0000 -0.7730
vn 0.7730 -0.0000 -0.6344
vn 0.8819 -0.0000 -0.4714
vn 0.9569 -0.0000 -0.2903
vn 0.9952 -0.0000 -0.0980
vn 0.9952 -0.0000 0.0980
vn 0.9569 -0.0000 0.2903
vn 0.8819 -0.0000 0.4714
vn 0.7730 -0.0000 0.6344
vn 0.6344 -0.0000 0.7730
vn 0.4714 -0.0000 0.8819
vn 0.2903 -0.0000 0.9569
vn 0.0980 -0.0000 0.9952
vn -0.0980 -0.0000 0.9952
vn -0.2903 -0.0000 0.9569
vn -0.4714 -0.0000 0.8819
vn -0.6344 -0.0000 0.7730
vn -0.7730 -0.0000 0.6344
vn -0.8819 -0.0000 0.4714
vn -0.9569 -0.0000 0.2903
vn -0.9952 -0.0000 0.0980
vn -0.9952 -0.0000 -0.0980
vn -0.9569 -0.0000 -0.2903
vn -0.8819 -0.0000 -0.4714
vn -0.7730 -0.0000 -0.6344
vn -0.6344 -0.0000 -0.7730
vn -0.4714 -0.0000 -0.8819
vn 0.4565 0.6944 -0.5562
vn -0.2903 -0.0000 -0.9569
vn -0.0980 -0.0000 -0.9952
vn -0.0000 -1.0000 -0.0000
vn 0.4565 0.6944 0.5562
vn -0.6346 0.6944 0.3392
vn -0.2089 0.6944 -0.6886
vn 0.7161 0.6944 0.0705
vn -0.2089 0.6944 0.6886
vn -0.6346 0.6944 -0.3392
vn 0.5562 0.6944 -0.4565
vn 0.3392 0.6944 0.6346
vn -0.6886 0.6944 0.2089
vn 0.0705 0.6944 -0.7161
vn -0.0705 0.6944 -0.7161
vn 0.6886 0.6944 0.2089
vn -0.3392 0.6944 0.6346
vn -0.5562 0.6944 -0.4565
vn 0.6346 0.6944 -0.3392
vn 0.2089 0.6944 0.6886
vn -0.7161 0.6944 0.0705
vn 0.2089 0.6944 -0.6886
vn 0.6346 0.6944 0.3392
vn -0.4565 0.6944 0.5562
vn -0.4565 0.6944 -0.5562
vn 0.6886 0.6944 -0.2089
vn 0.0705 0.6944 0.7161
vn -0.7161 0.6944 -0.0705
vn 0.3392 0.6944 -0.6346
vn 0.5562 0.6944 0.4565
vn -0.5562 0.6944 0.4565
vn -0.3392 0.6944 -0.6346
vn 0.7161 0.6944 -0.0705
vn -0.0705 0.6944 0.7161
vn -0.6886 0.6944 -0.2089
vn -0.3448 -0.9328 -0.1046
vn -0.1951 -0.0000 -0.9808
vn 0.2286 -0.9328 0.2785
vn -0.3178 -0.9328 -0.1698
vn 0.1698 -0.9328 0.3178
vn 0.0353 -0.9328 -0.3586
vn -0.2785 -0.9328 -0.2286
vn 0.1046 -0.9328 0.3448
vn 0.1046 -0.9328 -0.3448
vn -0.2286 -0.9328 -0.2785
vn 0.0353 -0.9328 0.3586
vn 0.1698 -0.9328 -0.3178
vn -0.1698 -0.9328 -0.3178
vn -0.0353 -0.9328 0.3586
vn 0.2286 -0.9328 -0.2785
vn -0.1046 -0.9328 -0.3448
vn -0.1046 -0.9328 0.3448
vn 0.2785 -0.9328 -0.2286
vn -0.0353 -0.9328 -0.3586
vn -0.1698 -0.9328 0.3178
vn 0.3178 -0.9328 -0.1698
vn -0.2286 -0.9328 0.2785
vn 0.3448 -0.9328 -0.1046
vn -0.2785 -0.9328 0.2286
vn 0.3586 -0.9328 -0.0353
vn -0.3178 -0.9328 0.1698
vn 0.3586 -0.9328 0.0353
vn -0.3448 -0.9328 0.1046
vn 0.3448 -0.9328 0.1046
vn -0.3586 -0.9328 0.0353
vn 0.3178 -0.9328 0.1698
vn -0.3586 -0.9328 -0.0353
vn 0.2785 -0.9328 0.2286
vn -0.0000 1.0000 -0.0000
vn 0.9239 -0.0000 -0.3827
vn -0.0000 -0.0000 1.0000
vn -0.8315 -0.0000 0.5556
vn 0.1951 -0.0000 -0.9808
vn 0.7071 -0.0000 -0.7071
vn -0.3827 -0.0000 0.9239
vn -0.5556 -0.0000 0.8315
vn -0.9808 -0.0000 0.1951
vn 0.3827 -0.0000 0.9239
vn -0.5556 -0.0000 -0.8315
vn 1.0000 -0.0000 -0.0000
vn -0.7071 -0.0000 -0.7071
vn 0.7071 -0.0000 0.7071
vn 0.9808 -0.0000 -0.1951
vn -0.9808 -0.0000 -0.1951
vn 0.5556 -0.0000 0.8315
vn -0.9239 -0.0000 0.3827
vn -0.3827 -0.0000 -0.9239
vn 0.8315 -0.0000 0.5556
vn 0.8315 -0.0000 -0.5556
vn 0.9239 -0.0000 0.3827
vn 0.1951 -0.0000 0.9808
vn -0.8315 -0.0000 -0.5556
vn -0.9239 -0.0000 -0.3827
vn -0.0000 -0.0000 -1.0000
vn -0.7071 -0.0000 0.7071
vn -0.1951 -0.0000 0.9808
vn -1.0000 -0.0000 -0.0000
vn 0.9808 -0.0000 0.1951
vn 0.3827 -0.0000 -0.9239
vn 0.5556 -0.0000 -0.8315
vn -0.9921 -0.0000 0.1258
vn -0.9966 -0.0000 0.0823
vn -0.9989 -0.0000 0.0468
vn -0.9999 -0.0000 0.0152
vn -0.9999 -0.0000 -0.0152
vn -0.9989 -0.0000 -0.0468
vn -0.9966 -0.0000 -0.0823
vn -0.9921 -0.0000 -0.1258
vn 0.9921 -0.0000 -0.1258
vn 0.9966 -0.0000 -0.0823
vn 0.9989 -0.0000 -0.0468
vn 0.9999 -0.0000 -0.0152
vn 0.9999 -0.0000 0.0152
vn 0.9989 -0.0000 0.0468
vn 0.9966 -0.0000 0.0823
vn 0.9921 -0.0000 0.1258
vn -0.5579 -0.8299 0.0085
vn 0.0657 -0.9925 -0.1031
vn 0.5427 -0.8395 0.0254
vn -0.3928 -0.9166 0.0739
vn -0.3928 -0.9166 -0.0739
vn 0.5114 -0.8583 -0.0422
vn 0.1915 -0.9766 0.0975
vn -0.5579 -0.8299 -0.0085
vn 0.1915 -0.9766 -0.0975
vn 0.5114 -0.8583 0.0422
vn -0.4621 -0.8849 0.0586
vn -0.3023 -0.9492 -0.0874
vn 0.5427 -0.8395 -0.0254
vn -0.0657 -0.9925 0.1031
vn 0.0657 -0.9925 0.1031
vn -0.5427 -0.8395 -0.0254
vn 0.3023 -0.9492 -0.0874
vn 0.4621 -0.8849 0.0586
vn -0.5114 -0.8583 0.0422
vn -0.1915 -0.9766 -0.0975
vn 0.5579 -0.8299 -0.0085
vn -0.1915 -0.9766 0.0975
vn -0.5114 -0.8583 -0.0422
vn 0.3928 -0.9166 -0.0739
vn 0.3928 -0.9166 0.0739
vn -0.5427 -0.8395 0.0254
vn -0.0657 -0.9925 -0.1031
vn 0.5579 -0.8299 0.0085
vn -0.3023 -0.9492 0.0874
vn -0.4621 -0.8849 -0.0586
vn 0.4621 -0.8849 -0.0586
vn 0.3023 -0.9492 0.0874
vt 0.041232 0.542256
vt 0.041232 0.452991
vt 0.049815 0.452954
vt 0.049815 0.542219
vt 0.057901 0.452881
vt 0.057901 0.542146
vt 0.065177 0.452776
vt 0.065177 0.542040
vt 0.071366 0.452641
vt 0.071366 0.541905
vt 0.223736 0.294240
vt 0.223736 0.204973
vt 0.229925 0.205098
vt 0.229925 0.294366
vt 0.237201 0.205197
vt 0.237201 0.294464
vt 0.245287 0.205265
vt 0.245287 0.294532
vt 0.253870 0.205300
vt 0.253870 0.294567
vt 0.262621 0.205300
vt 0.262621 0.294567
vt 0.271205 0.205265
vt 0.271205 0.294532
vt 0.279290 0.205197
vt 0.279290 0.294464
vt 0.286567 0.205098
vt 0.286567 0.294366
vt 0.292755 0.204973
vt 0.292755 0.294240
vt 0.395914 0.294220
vt 0.395914 0.204935
vt 0.402791 0.204935
vt 0.402791 0.294220
vt 0.410591 0.204935
vt 0.410591 0.294220
vt 0.419016 0.204935
vt 0.419016 0.294220
vt 0.427741 0.204935
vt 0.427741 0.294220
vt 0.436431 0.204935
vt 0.436431 0.294220
vt 0.444752 0.204935
vt 0.444752 0.294220
vt 0.452385 0.204935
vt 0.452385 0.294220
vt 0.459036 0.204935
vt 0.459036 0.294220
vt 0.398159 0.596975
vt 0.398159 0.507690
vt 0.405791 0.507690
vt 0.405791 0.596975
vt 0.414113 0.507690
vt 0.414113 0.596975
vt 0.422803 0.507690
vt 0.422803 0.596975
vt 0.431528 0.507690
vt 0.431528 0.596975
vt 0.439952 0.507690
vt 0.439952 0.596975
vt 0.447753 0.507690
vt 0.447753 0.596975
vt 0.454629 0.507690
vt 0.454629 0.596975
vt 0.008535 0.542040
vt 0.008535 0.452776
vt 0.015812 0.452881
vt 0.015812 0.542146
vt 0.023897 0.452954
vt 0.023897 0.542219
vt 0.061302 0.443225
vt 0.066643 0.443109
vt 0.032480 0.452991
vt 0.032480 0.542256
vt 0.130998 0.638263
vt 0.124810 0.632075
vt 0.119947 0.624799
vt 0.116598 0.616713
vt 0.114891 0.608130
vt 0.114891 0.599378
vt 0.116598 0.590795
vt 0.119947 0.582710
vt 0.124810 0.575433
vt 0.130998 0.569245
vt 0.138274 0.564383
vt 0.146360 0.561034
vt 0.154943 0.559326
vt 0.163695 0.559326
vt 0.172278 0.561034
vt 0.180363 0.564383
vt 0.187640 0.569245
vt 0.193828 0.575433
vt 0.198690 0.582710
vt 0.202039 0.590795
vt 0.203747 0.599378
vt 0.203747 0.608130
vt 0.202039 0.616713
vt 0.198690 0.624799
vt 0.193828 0.632075
vt 0.187640 0.638263
vt 0.180363 0.643126
vt 0.172278 0.646475
vt 0.163695 0.648182
vt 0.154943 0.648182
vt 0.146360 0.646475
vt 0.138274 0.643126
vt 0.415426 0.498240
vt 0.408243 0.498240
vt 0.408243 0.311290
vt 0.415426 0.311290
vt 0.282691 0.195554
vt 0.288033 0.195446
vt 0.401655 0.498240
vt 0.025670 0.443379
vt 0.033079 0.443411
vt 0.254469 0.195728
vt 0.262023 0.195728
vt 0.427617 0.195484
vt 0.435118 0.195484
vt 0.437730 0.498240
vt 0.444463 0.498240
vt 0.228459 0.195446
vt 0.233800 0.195554
vt 0.400145 0.195484
vt 0.406081 0.195484
vt 0.040633 0.443411
vt 0.048042 0.443379
vt 0.269431 0.195698
vt 0.442300 0.195484
vt 0.450398 0.498240
vt 0.240081 0.195640
vt 0.412814 0.195484
vt 0.422927 0.498240
vt 0.055021 0.443316
vt 0.276410 0.195640
vt 0.448888 0.195484
vt 0.012411 0.443225
vt 0.018692 0.443316
vt 0.247060 0.195698
vt 0.420085 0.195484
vt 0.430458 0.498240
vt 0.454629 0.195484
vt 0.275714 0.405741
vt 0.283268 0.405741
vt 0.284152 0.414717
vt 0.274830 0.414717
vt 0.262023 0.008818
vt 0.269431 0.008788
vt 0.422927 0.311290
vt 0.276410 0.008729
vt 0.430458 0.311290
vt 0.282691 0.008644
vt 0.437730 0.311290
vt 0.288033 0.008535
vt 0.444463 0.311290
vt 0.400145 0.008535
vt 0.406081 0.008535
vt 0.040633 0.256506
vt 0.048042 0.256474
vt 0.040633 0.378283
vt 0.046510 0.378257
vt 0.046510 0.348881
vt 0.046412 0.348805
vt 0.044514 0.347598
vt 0.043048 0.346914
vt 0.041797 0.346565
vt 0.040633 0.346471
vt 0.450398 0.311290
vt 0.412814 0.008535
vt 0.055021 0.256411
vt 0.012411 0.256320
vt 0.018692 0.256411
vt 0.420085 0.008535
vt 0.420085 0.098521
vt 0.418944 0.098620
vt 0.417715 0.098975
vt 0.416277 0.099665
vt 0.414414 0.100881
vt 0.414318 0.100957
vt 0.414318 0.130341
vt 0.420085 0.130341
vt 0.061302 0.256320
vt 0.025670 0.256474
vt 0.427617 0.008535
vt 0.426059 0.130341
vt 0.426059 0.100957
vt 0.425960 0.100880
vt 0.424030 0.099665
vt 0.422540 0.098975
vt 0.421268 0.098620
vt 0.420085 0.098521
vt 0.066643 0.256204
vt 0.033079 0.256506
vt 0.435118 0.008535
vt 0.228459 0.008535
vt 0.233800 0.008644
vt 0.040633 0.346471
vt 0.039447 0.346570
vt 0.038171 0.346925
vt 0.036677 0.347615
vt 0.034741 0.348830
vt 0.034642 0.348906
vt 0.034642 0.378283
vt 0.442300 0.008535
vt 0.240081 0.008729
vt 0.448888 0.008535
vt 0.247060 0.008788
vt 0.395914 0.498240
vt 0.395914 0.311290
vt 0.401655 0.311290
vt 0.254469 0.008818
vt 0.404345 0.877244
vt 0.395914 0.877226
vt 0.395914 0.856881
vt 0.404345 0.856899
vt 0.303937 0.337605
vt 0.297656 0.333409
vt 0.301908 0.325454
vt 0.309659 0.330633
vt 0.268306 0.404267
vt 0.265687 0.412898
vt 0.309278 0.342947
vt 0.316251 0.337225
vt 0.241143 0.371169
vt 0.242617 0.378578
vt 0.233985 0.381196
vt 0.232167 0.372053
vt 0.261327 0.401376
vt 0.257075 0.409331
vt 0.313475 0.349228
vt 0.321430 0.344976
vt 0.241143 0.363615
vt 0.232167 0.362731
vt 0.255046 0.397179
vt 0.249324 0.404152
vt 0.316366 0.356207
vt 0.324997 0.353588
vt 0.242617 0.356207
vt 0.233985 0.353588
vt 0.249704 0.391838
vt 0.242732 0.397560
vt 0.317839 0.363615
vt 0.326816 0.362731
vt 0.245508 0.349228
vt 0.237553 0.344976
vt 0.245508 0.385557
vt 0.237553 0.389809
vt 0.317839 0.371169
vt 0.326816 0.372053
vt 0.249704 0.342947
vt 0.242732 0.337225
vt 0.316366 0.378578
vt 0.324997 0.381196
vt 0.255046 0.337605
vt 0.249324 0.330633
vt 0.313475 0.385557
vt 0.321430 0.389809
vt 0.261327 0.333409
vt 0.257075 0.325454
vt 0.309278 0.391838
vt 0.316251 0.397560
vt 0.268306 0.330518
vt 0.265687 0.321886
vt 0.303937 0.397179
vt 0.309659 0.404152
vt 0.275714 0.329044
vt 0.274830 0.320068
vt 0.297656 0.401376
vt 0.301908 0.409331
vt 0.283268 0.329044
vt 0.284152 0.320068
vt 0.290677 0.404267
vt 0.293295 0.412898
vt 0.290677 0.330518
vt 0.293295 0.321886
vt 0.301908 0.454034
vt 0.309659 0.459213
vt 0.316251 0.465805
vt 0.321430 0.473556
vt 0.324997 0.482168
vt 0.326816 0.491311
vt 0.326816 0.500634
vt 0.324997 0.509777
vt 0.321430 0.518389
vt 0.316251 0.526140
vt 0.309659 0.532732
vt 0.301908 0.537911
vt 0.293295 0.541479
vt 0.284152 0.543297
vt 0.274830 0.543297
vt 0.265687 0.541479
vt 0.257075 0.537911
vt 0.249324 0.532732
vt 0.242732 0.526140
vt 0.237553 0.518389
vt 0.233985 0.509777
vt 0.232167 0.500634
vt 0.232167 0.491311
vt 0.233985 0.482168
vt 0.237553 0.473556
vt 0.242732 0.465805
vt 0.249324 0.459213
vt 0.257075 0.454034
vt 0.265687 0.450467
vt 0.274830 0.448648
vt 0.284152 0.448648
vt 0.293295 0.450467
vt 0.170503 0.908601
vt 0.163032 0.908520
vt 0.163032 0.888175
vt 0.170503 0.888256
vt 0.328901 0.340982
vt 0.333104 0.351129
vt 0.253081 0.545382
vt 0.243950 0.539280
vt 0.223736 0.490481
vt 0.225879 0.479709
vt 0.322799 0.331851
vt 0.029248 0.734226
vt 0.029163 0.744373
vt 0.008817 0.744373
vt 0.008902 0.734226
vt 0.197327 0.871104
vt 0.188715 0.871032
vt 0.188715 0.850686
vt 0.197327 0.850759
vt 0.315033 0.324085
vt 0.236184 0.531514
vt 0.230082 0.522382
vt 0.230082 0.469563
vt 0.236184 0.460431
vt 0.305901 0.317983
vt 0.467160 0.880788
vt 0.458820 0.880788
vt 0.458820 0.860438
vt 0.467160 0.860438
vt 0.402861 0.914664
vt 0.395914 0.914664
vt 0.395914 0.894314
vt 0.402861 0.894314
vt 0.295754 0.313780
vt 0.243950 0.452665
vt 0.253081 0.446563
vt 0.284983 0.311637
vt 0.029039 0.753505
vt 0.028881 0.761271
vt 0.008535 0.761271
vt 0.008693 0.753505
vt 0.274000 0.311637
vt 0.263228 0.442360
vt 0.274000 0.440218
vt 0.263228 0.313780
vt 0.244352 0.733102
vt 0.244306 0.743874
vt 0.223960 0.743874
vt 0.224007 0.733102
vt 0.253081 0.317983
vt 0.284983 0.440218
vt 0.295754 0.442360
vt 0.243950 0.324085
vt 0.818561 0.201268
vt 0.811970 0.201134
vt 0.811970 0.180789
vt 0.818561 0.180923
vt 0.236184 0.331851
vt 0.230082 0.393802
vt 0.225879 0.383655
vt 0.305901 0.446563
vt 0.315033 0.452665
vt 0.230082 0.340982
vt 0.236184 0.402934
vt 0.346229 0.887360
vt 0.338123 0.887414
vt 0.338123 0.867069
vt 0.346229 0.867015
vt 0.269693 0.701201
vt 0.269785 0.711348
vt 0.244306 0.711348
vt 0.244214 0.701201
vt 0.269693 0.754021
vt 0.269561 0.763153
vt 0.244081 0.763153
vt 0.244214 0.754021
vt 0.746011 0.037526
vt 0.746011 0.026954
vt 0.771496 0.026954
vt 0.771496 0.037526
vt 0.269561 0.692069
vt 0.244081 0.692069
vt 0.269785 0.743874
vt 0.746011 0.048476
vt 0.771496 0.048476
vt 0.269392 0.684303
vt 0.243912 0.684303
vt 0.269831 0.733102
vt 0.746011 0.059382
vt 0.771496 0.059382
vt 0.054519 0.753505
vt 0.054361 0.761271
vt 0.269831 0.722119
vt 0.244352 0.722119
vt 0.746011 0.069824
vt 0.771496 0.069824
vt 0.054643 0.744373
vt 0.746011 0.079403
vt 0.771496 0.079403
vt 0.054728 0.734226
vt 0.746011 0.087750
vt 0.771497 0.087750
vt 0.054771 0.723455
vt 0.029291 0.723455
vt 0.795956 0.463858
vt 0.795956 0.473437
vt 0.770471 0.473437
vt 0.770471 0.463858
vt 0.054771 0.712472
vt 0.029291 0.712472
vt 0.795956 0.453415
vt 0.770471 0.453415
vt 0.054728 0.701700
vt 0.029248 0.701700
vt 0.795956 0.442509
vt 0.770471 0.442509
vt 0.054643 0.691553
vt 0.029163 0.691553
vt 0.795956 0.431560
vt 0.770471 0.431560
vt 0.054519 0.682422
vt 0.029039 0.682422
vt 0.795956 0.420987
vt 0.770471 0.420987
vt 0.054361 0.674656
vt 0.028881 0.674656
vt 0.795956 0.411198
vt 0.770471 0.411198
vt 0.746011 0.017165
vt 0.746011 0.008535
vt 0.771496 0.008535
vt 0.771496 0.017165
vt 0.795956 0.402569
vt 0.770471 0.402569
vt 0.335246 0.361901
vt 0.225879 0.512236
vt 0.223736 0.501464
vt 0.274000 0.551728
vt 0.263228 0.549585
vt 0.335246 0.372884
vt 0.028906 0.687796
vt 0.008560 0.687796
vt 0.008693 0.682422
vt 0.333104 0.383655
vt 0.295754 0.549585
vt 0.284983 0.551728
vt 0.328901 0.393802
vt 0.223869 0.701201
vt 0.223736 0.692069
vt 0.322799 0.402934
vt 0.315033 0.539280
vt 0.305901 0.545382
vt 0.315033 0.410700
vt 0.223736 0.763153
vt 0.223869 0.754021
vt 0.305901 0.416802
vt 0.328901 0.522382
vt 0.322799 0.531514
vt 0.295754 0.421005
vt 0.893928 0.028880
vt 0.886177 0.028993
vt 0.886177 0.008648
vt 0.893928 0.008535
vt 0.284983 0.423147
vt 0.335246 0.501464
vt 0.333104 0.512236
vt 0.274000 0.423147
vt 0.042152 0.886845
vt 0.033879 0.886845
vt 0.033879 0.866496
vt 0.042152 0.866496
vt 0.263228 0.421005
vt 0.223736 0.372884
vt 0.333104 0.479709
vt 0.335246 0.490481
vt 0.253081 0.416802
vt 0.223736 0.361901
vt 0.894809 0.550249
vt 0.887051 0.550249
vt 0.887051 0.529899
vt 0.894809 0.529899
vt 0.243950 0.410700
vt 0.225879 0.351129
vt 0.322799 0.460431
vt 0.328901 0.469563
vt 0.938057 0.500659
vt 0.938057 0.491337
vt 0.946487 0.490507
vt 0.946487 0.501490
vt 0.946445 0.312121
vt 0.946445 0.321443
vt 0.938014 0.322273
vt 0.938014 0.311290
vt 0.956435 0.629342
vt 0.956435 0.620020
vt 0.964865 0.619189
vt 0.964865 0.630172
vt 0.964865 0.648251
vt 0.964865 0.657573
vt 0.956435 0.658403
vt 0.956435 0.647420
vt 0.943408 0.108818
vt 0.943408 0.099495
vt 0.951838 0.098665
vt 0.951838 0.109648
vt 0.748730 0.937788
vt 0.748730 0.947110
vt 0.740300 0.947940
vt 0.740300 0.936958
vt 0.952073 0.450231
vt 0.952073 0.459553
vt 0.943642 0.460384
vt 0.943642 0.449401
vt 0.952954 0.181619
vt 0.952954 0.190941
vt 0.944524 0.191771
vt 0.944524 0.180789
vt 0.171463 0.954733
vt 0.171463 0.964055
vt 0.163032 0.964885
vt 0.163032 0.953903
vt 0.953176 0.362859
vt 0.953176 0.372181
vt 0.944746 0.373012
vt 0.944746 0.362029
vt 0.675582 0.954356
vt 0.675582 0.945034
vt 0.684012 0.944204
vt 0.684012 0.955186
vt 0.366734 0.954773
vt 0.366734 0.945451
vt 0.375164 0.944621
vt 0.375164 0.955603
vt 0.712943 0.947156
vt 0.712943 0.937834
vt 0.721373 0.937003
vt 0.721373 0.947986
vt 0.938355 0.018688
vt 0.938355 0.009365
vt 0.946786 0.008535
vt 0.946786 0.019518
vt 0.948224 0.694109
vt 0.948224 0.684786
vt 0.956654 0.683956
vt 0.956654 0.694939
vt 0.956654 0.713017
vt 0.956654 0.722340
vt 0.948224 0.723170
vt 0.948224 0.712187
vt 0.017857 0.849425
vt 0.008535 0.849425
vt 0.008535 0.829080
vt 0.017857 0.829080
vt 0.008946 0.723455
vt 0.008946 0.712472
vt 0.123164 0.884354
vt 0.114891 0.884354
vt 0.114891 0.864004
vt 0.123164 0.864004
vt 0.908917 0.835353
vt 0.901779 0.835353
vt 0.901779 0.815003
vt 0.908917 0.815003
vt 0.869980 0.550244
vt 0.861368 0.550317
vt 0.861368 0.529971
vt 0.869980 0.529899
vt 0.322073 0.849945
vt 0.312779 0.849945
vt 0.312779 0.829595
vt 0.322073 0.829595
vt 0.008902 0.701700
vt 0.008817 0.691553
vt 0.683053 0.898902
vt 0.675582 0.898816
vt 0.675582 0.878470
vt 0.683053 0.878557
vt 0.689205 0.544382
vt 0.682613 0.544516
vt 0.682613 0.524170
vt 0.689205 0.524036
vt 0.375598 0.860940
vt 0.366734 0.860940
vt 0.366734 0.840590
vt 0.375598 0.840590
vt 0.836456 0.878483
vt 0.828026 0.878466
vt 0.828026 0.858121
vt 0.836456 0.858137
vt 0.912381 0.916003
vt 0.905833 0.915886
vt 0.905833 0.895541
vt 0.912381 0.895658
vt 0.008535 0.674656
vt 0.607881 0.882132
vt 0.599572 0.882132
vt 0.599572 0.861782
vt 0.607881 0.861782
vt 0.176227 0.833616
vt 0.169143 0.833616
vt 0.169143 0.813266
vt 0.176227 0.813266
vt 0.825110 0.201159
vt 0.825110 0.180813
vt 0.890452 0.588847
vt 0.882345 0.588797
vt 0.882345 0.568451
vt 0.890452 0.568501
vt 0.791846 0.017165
vt 0.791846 0.026954
vt 0.080182 0.881965
vt 0.071842 0.881965
vt 0.071842 0.861615
vt 0.080182 0.861615
vt 0.163032 0.833616
vt 0.163032 0.813266
vt 0.896033 0.246685
vt 0.888274 0.246685
vt 0.888274 0.226335
vt 0.896033 0.226335
vt 0.854892 0.704306
vt 0.846028 0.704306
vt 0.846028 0.683956
vt 0.854892 0.683956
vt 0.791846 0.037526
vt 0.791846 0.048476
vt 0.888763 0.878519
vt 0.880657 0.878466
vt 0.880657 0.858121
vt 0.888763 0.858174
vt 0.904934 0.704302
vt 0.897463 0.704383
vt 0.897463 0.684037
vt 0.904934 0.683956
vt 0.348437 0.849945
vt 0.339143 0.849945
vt 0.339143 0.829595
vt 0.348437 0.829595
vt 0.676065 0.544407
vt 0.676065 0.524061
vt 0.791846 0.059381
vt 0.791846 0.069824
vt 0.284571 0.888762
vt 0.276465 0.888812
vt 0.276465 0.868466
vt 0.284571 0.868416
vt 0.892653 0.284174
vt 0.884763 0.284174
vt 0.884763 0.263824
vt 0.892653 0.263824
vt 0.493266 0.882768
vt 0.484957 0.882768
vt 0.484957 0.862418
vt 0.493266 0.862418
vt 0.913145 0.639539
vt 0.906007 0.639539
vt 0.906007 0.619189
vt 0.913145 0.619189
vt 0.748191 0.890697
vt 0.740300 0.890697
vt 0.740300 0.870347
vt 0.748191 0.870347
vt 0.791846 0.079403
vt 0.791846 0.087750
vt 0.430388 0.877226
vt 0.421958 0.877244
vt 0.421958 0.856899
vt 0.430388 0.856881
vt 0.428361 0.914664
vt 0.421415 0.914664
vt 0.421415 0.894314
vt 0.428361 0.894314
vt 0.893598 0.079731
vt 0.885847 0.079619
vt 0.885847 0.059273
vt 0.893598 0.059386
vt 0.750121 0.463858
vt 0.750121 0.453415
vt 0.872065 0.150400
vt 0.863596 0.150400
vt 0.863596 0.130050
vt 0.872065 0.130050
vt 0.874674 0.469751
vt 0.866204 0.469751
vt 0.866204 0.449401
vt 0.874674 0.449401
vt 0.285608 0.851346
vt 0.276465 0.851306
vt 0.276465 0.830961
vt 0.285608 0.831001
vt 0.863586 0.878466
vt 0.855156 0.878483
vt 0.855156 0.858137
vt 0.863586 0.858121
vt 0.750121 0.442509
vt 0.750121 0.431560
vt 0.899215 0.469746
vt 0.891744 0.469833
vt 0.891744 0.449488
vt 0.899215 0.449401
vt 0.783573 0.915899
vt 0.777025 0.916016
vt 0.777025 0.895671
vt 0.783573 0.895554
vt 0.851375 0.382374
vt 0.842232 0.382413
vt 0.842232 0.362068
vt 0.851375 0.362029
vt 0.750121 0.420987
vt 0.750121 0.411198
vt 0.224007 0.722119
vt 0.223960 0.711348
vt 0.873637 0.500000
vt 0.843750 0.500000
vt 0.843750 1.000000
vt 0.873637 1.000000
vt 0.812500 0.500000
vt 0.812500 1.000000
vt 0.781250 0.500000
vt 0.781250 1.000000
vt 0.750000 0.500000
vt 0.750000 1.000000
vt 0.718750 0.500000
vt 0.718750 1.000000
vt 0.687500 0.500000
vt 0.687500 1.000000
vt 0.656250 0.500000
vt 0.656250 1.000000
vt 0.626363 0.500000
vt 0.626363 1.000000
vt 0.373637 0.500000
vt 0.343750 0.500000
vt 0.343750 1.000000
vt 0.373637 1.000000
vt 0.312500 0.500000
vt 0.312500 1.000000
vt 0.281250 0.500000
vt 0.281250 1.000000
vt 0.250000 0.500000
vt 0.250000 1.000000
vt 0.218750 0.500000
vt 0.218750 1.000000
vt 0.187500 0.500000
vt 0.187500 1.000000
vt 0.156250 0.500000
vt 0.156250 1.000000
vt 0.126363 1.000000
vt 0.126363 0.500000
vt 0.750000 0.079278
vt 0.921007 0.081880
vt 0.949553 0.116663
vt 0.971731 0.158156
vt 0.985388 0.203178
vt 0.990000 0.250000
vt 0.985388 0.296822
vt 0.971731 0.341844
vt 0.949553 0.383337
vt 0.921007 0.418120
vt 0.750000 0.420722
vt 0.578993 0.418120
vt 0.550447 0.383337
vt 0.528269 0.341844
vt 0.514612 0.296822
vt 0.510000 0.250000
vt 0.514612 0.203178
vt 0.528269 0.158156
vt 0.550447 0.116663
vt 0.578993 0.081880
vt 0.250000 0.490000
vt 0.296822 0.485388
vt 0.341844 0.471731
vt 0.383337 0.449553
vt 0.419706 0.419706
vt 0.449553 0.383337
vt 0.471731 0.341844
vt 0.485388 0.296822
vt 0.490000 0.250000
vt 0.485388 0.203178
vt 0.471731 0.158156
vt 0.449553 0.116663
vt 0.419706 0.080294
vt 0.383337 0.050447
vt 0.341844 0.028269
vt 0.296822 0.014612
vt 0.250000 0.010000
vt 0.203178 0.014612
vt 0.158156 0.028269
vt 0.116663 0.050447
vt 0.080294 0.080294
vt 0.050447 0.116663
vt 0.028269 0.158156
vt 0.014612 0.203178
vt 0.010000 0.250000
vt 0.014612 0.296822
vt 0.028269 0.341844
vt 0.050447 0.383337
vt 0.080294 0.419706
vt 0.116663 0.449553
vt 0.158156 0.471731
vt 0.203178 0.485388
vt 0.500000 1.000000
vt 0.468750 1.000000
vt 0.906250 1.000000
vt 0.875000 1.000000
vt 0.593750 1.000000
vt 0.625000 1.000000
vt 0.031250 1.000000
vt 0.062500 1.000000
vt 0.437500 1.000000
vt 0.562500 1.000000
vt 1.000000 1.000000
vt 0.968750 1.000000
vt 0.000000 1.000000
vt 0.406250 1.000000
vt 0.125000 1.000000
vt 0.531250 1.000000
vt 0.937500 1.000000
vt 0.375000 1.000000
vt 0.093750 1.000000
vt 0.373637 1.000000
s 0
usemtl Material.008
f 549/1039/119 550/1040/119 552/1041/119 551/1042/119
f 551/1042/120 552/1041/120 554/1043/120 553/1044/120
f 553/1044/121 554/1043/121 556/1045/121 555/1046/121
f 555/1046/122 556/1045/122 558/1047/122 557/1048/122
f 557/1049/123 558/1050/123 561/1051/123 559/1052/123
f 559/1052/124 561/1051/124 565/1053/124 563/1054/124
f 563/1054/125 565/1053/125 569/1055/125 567/1056/125
f 567/1056/126 569/1055/126 573/1057/126 571/1058/126
f 571/1058/127 573/1057/127 577/1059/127 575/1060/127
f 575/1060/128 577/1059/128 581/1061/128 579/1062/128
f 579/1062/129 581/1061/129 585/1063/129 584/1064/129
f 584/1064/130 585/1063/130 588/1065/130 587/1066/130
f 587/1066/131 588/1065/131 590/1067/131 589/1068/131
f 589/1069/132 590/1070/132 592/1071/132 591/1072/132
f 591/1072/133 592/1071/133 594/1073/133 593/1074/133
f 593/1074/134 594/1073/134 596/1075/134 595/1076/134
f 595/1076/135 596/1075/135 598/1077/135 597/1078/135
f 597/1078/136 598/1077/136 600/1079/136 599/1080/136
f 599/1080/137 600/1079/137 602/1081/137 601/1082/137
f 601/1082/138 602/1081/138 604/1083/138 603/1084/138
f 603/1084/139 604/1083/139 607/1085/139 605/1086/139
f 605/1087/140 607/1088/140 612/1089/140 609/1090/140
f 609/1090/141 612/1089/141 615/1091/141 613/1092/141
f 613/1092/142 615/1091/142 619/1093/142 617/1094/142
f 617/1094/143 619/1093/143 623/1095/143 621/1096/143
f 621/1096/144 623/1095/144 627/1097/144 625/1098/144
f 625/1098/145 627/1097/145 631/1099/145 630/1100/145
f 630/1100/146 631/1099/146 634/1101/146 633/1102/146
f 633/1103/147 634/1104/147 636/1105/147 635/1106/147
f 635/1106/148 636/1105/148 638/1107/148 637/1108/148
f 558/1047/149 556/1045/149 648/1109/149 649/1110/149
f 637/1108/150 638/1107/150 640/1111/150 639/1112/150
f 639/1112/151 640/1111/151 550/1040/151 549/1039/151
f 639/1113/152 549/1114/152 551/1115/152 553/1116/152 555/1117/152 557/1118/152 559/1119/152 563/1120/152 567/1121/152 571/1122/152 575/1123/152 579/1124/152 584/1125/152 587/1126/152 589/1127/152 591/1128/152 593/1129/152 595/1130/152 597/1131/152 599/1132/152 601/1133/152 603/1134/152 605/1135/152 609/1136/152 613/1137/152 617/1138/152 621/1139/152 625/1140/152 630/1141/152 633/1142/152 635/1143/152 637/1144/152
f 687/1145/141 686/1146/141 727/1147/141 728/1148/141
f 590/1067/153 588/1065/153 666/1149/153 668/1150/153
f 612/1089/154 607/1088/154 683/1151/154 686/1146/154
f 640/1111/155 638/1107/155 701/1152/155 703/1153/155
f 577/1059/156 573/1057/156 657/1154/156 660/1155/156
f 600/1079/157 598/1077/157 676/1156/157 678/1157/157
f 631/1099/158 627/1097/158 693/1158/158 695/1159/158
f 561/1051/159 558/1050/159 649/1160/159 652/1161/159
f 592/1071/160 590/1070/160 668/1162/160 670/1163/160
f 615/1091/161 612/1089/161 686/1146/161 687/1145/161
f 552/1041/162 550/1040/162 643/1164/162 641/1165/162
f 550/1040/163 640/1111/163 703/1153/163 643/1164/163
f 581/1061/164 577/1059/164 660/1155/164 661/1166/164
f 602/1081/165 600/1079/165 678/1157/165 680/1167/165
f 634/1101/166 631/1099/166 695/1159/166 697/1168/166
f 565/1053/167 561/1051/167 652/1161/167 653/1169/167
f 594/1073/168 592/1071/168 670/1163/168 672/1170/168
f 619/1093/169 615/1091/169 687/1145/169 689/1171/169
f 554/1043/170 552/1041/170 641/1165/170 646/1172/170
f 585/1063/171 581/1061/171 661/1166/171 664/1173/171
f 604/1083/172 602/1081/172 680/1167/172 682/1174/172
f 636/1105/173 634/1104/173 697/1175/173 699/1176/173
f 569/1055/174 565/1053/174 653/1169/174 655/1177/174
f 596/1075/175 594/1073/175 672/1170/175 674/1178/175
f 623/1095/176 619/1093/176 689/1171/176 691/1179/176
f 556/1045/177 554/1043/177 646/1172/177 648/1109/177
f 588/1065/178 585/1063/178 664/1173/178 666/1149/178
f 607/1085/179 604/1083/179 682/1174/179 683/1180/179
f 638/1107/180 636/1105/180 699/1176/180 701/1152/180
f 573/1057/181 569/1055/181 655/1177/181 657/1154/181
f 598/1077/182 596/1075/182 674/1178/182 676/1156/182
f 627/1097/183 623/1095/183 691/1179/183 693/1158/183
f 731/1181/184 730/1182/184 762/1183/184 763/1184/184
f 661/1166/128 660/1155/128 714/1185/128 715/1186/128
f 689/1171/142 687/1145/142 728/1148/142 729/1187/142
f 664/1173/129 661/1166/129 715/1186/129 716/1188/129
f 691/1179/143 689/1171/143 729/1187/143 730/1189/143
f 666/1149/130 664/1173/130 716/1188/130 717/1190/130
f 693/1158/144 691/1179/144 730/1189/144 731/1191/144
f 668/1150/131 666/1149/131 717/1190/131 718/1192/131
f 695/1159/145 693/1158/145 731/1191/145 732/1193/145
f 670/1163/132 668/1162/132 718/1194/132 719/1195/132
f 706/1196/119 705/1197/119 641/1165/119 643/1164/119 932/1198/119 935/1199/119 934/1200/119 936/1201/119 937/1202/119 931/1203/119 933/1204/119 929/1205/119 930/1205/119
f 697/1168/146 695/1159/146 732/1193/146 733/1206/146
f 672/1170/133 670/1163/133 719/1195/133 720/1207/133
f 646/1172/120 641/1165/120 705/1197/120 707/1208/120
f 699/1176/147 697/1175/147 733/1209/147 734/1210/147
f 674/1178/134 672/1170/134 720/1207/134 721/1211/134 944/1212/134 943/1212/134 946/1213/134 945/1214/134 938/1215/134 941/1216/134 939/1217/134 940/1218/134 942/1219/134
f 648/1109/121 646/1172/121 707/1208/121 708/1220/121
f 701/1152/148 699/1176/148 734/1210/148 735/1221/148
f 721/1211/135 722/1222/135 676/1156/135 674/1178/135 942/1219/135 951/1223/135 950/1224/135 949/1225/135 952/1226/135 947/1227/135 948/1228/135 944/1229/135
f 649/1110/122 648/1109/122 708/1220/122 709/1230/122
f 703/1153/150 701/1152/150 735/1221/150 736/1231/150
f 678/1157/136 676/1156/136 722/1222/136 723/1232/136
f 652/1161/123 649/1160/123 709/1233/123 710/1234/123
f 643/1164/151 703/1153/151 736/1231/151 706/1196/151 930/1235/151 958/1236/151 957/1237/151 956/1238/151 953/1239/151 954/1240/151 955/1241/151 932/1198/151
f 680/1167/137 678/1157/137 723/1232/137 724/1242/137
f 653/1169/124 652/1161/124 710/1234/124 711/1243/124
f 682/1174/138 680/1167/138 724/1242/138 725/1244/138
f 655/1177/125 653/1169/125 711/1243/125 712/1245/125
f 683/1151/139 682/1246/139 725/1247/139 726/1248/139
f 657/1154/126 655/1177/126 712/1245/126 713/1249/126
f 686/1146/140 683/1151/140 726/1248/140 727/1147/140
f 660/1155/127 657/1154/127 713/1249/127 714/1185/127
f 792/1250/185 856/1251/185 908/1252/185 887/1253/185
f 718/1254/186 717/1255/186 749/1256/186 750/1257/186
f 732/1258/187 731/1181/187 763/1184/187 764/1259/187
f 719/1260/188 718/1254/188 750/1257/188 751/1261/188
f 705/1262/189 706/1263/189 738/1264/189 737/1265/189
f 733/1266/190 732/1258/190 764/1259/190 765/1267/190
f 720/1268/191 719/1260/191 751/1261/191 752/1269/191
f 707/1270/192 705/1262/192 737/1265/192 739/1271/192
f 734/1272/193 733/1266/193 765/1267/193 766/1273/193
f 721/1274/194 720/1268/194 752/1269/194 753/1275/194
f 708/1276/195 707/1270/195 739/1271/195 740/1277/195
f 735/1278/196 734/1272/196 766/1273/196 767/1279/196
f 722/1280/197 721/1274/197 753/1275/197 754/1281/197
f 709/1282/198 708/1276/198 740/1277/198 741/1283/198
f 736/1284/199 735/1278/199 767/1279/199 768/1285/199
f 723/1286/200 722/1280/200 754/1281/200 755/1287/200
f 710/1288/201 709/1282/201 741/1283/201 742/1289/201
f 706/1263/202 736/1284/202 768/1285/202 738/1264/202
f 724/1290/203 723/1286/203 755/1287/203 756/1291/203
f 711/1292/204 710/1288/204 742/1289/204 743/1293/204
f 725/1294/205 724/1290/205 756/1291/205 757/1295/205
f 712/1296/206 711/1292/206 743/1293/206 744/1297/206
f 726/1298/207 725/1294/207 757/1295/207 758/1299/207
f 713/1300/208 712/1296/208 744/1297/208 745/1301/208
f 727/1302/209 726/1298/209 758/1299/209 759/1303/209
f 714/1304/210 713/1300/210 745/1301/210 746/1305/210
f 728/1306/211 727/1302/211 759/1303/211 760/1307/211
f 715/1308/212 714/1304/212 746/1305/212 747/1309/212
f 729/1310/213 728/1306/213 760/1307/213 761/1311/213
f 716/1312/214 715/1308/214 747/1309/214 748/1313/214
f 730/1182/215 729/1310/215 761/1311/215 762/1183/215
f 717/1255/216 716/1312/216 748/1313/216 749/1256/216
f 789/1314/217 788/1315/217 787/1316/217 786/1317/217 785/1318/217 784/1319/217 783/1320/217 782/1321/217 781/1322/217 780/1323/217 779/1324/217 778/1325/217 777/1326/217 776/1327/217 775/1328/217 774/1329/217 773/1330/217 772/1331/217 771/1332/217 769/1333/217 770/1334/217 800/1335/217 799/1336/217 798/1337/217 797/1338/217 796/1339/217 795/1340/217 794/1341/217 793/1342/217 792/1343/217 791/1344/217 790/1345/217
f 847/1346/218 783/1347/218 880/1348/218 925/1349/218
f 753/1275/152 752/1269/152 816/1350/152 817/1351/152
f 772/1331/217 773/1330/217 837/1352/217 836/1353/217
f 798/1337/217 799/1336/217 863/1354/217 862/1355/217
f 752/1269/152 751/1261/152 815/1356/152 816/1350/152
f 840/1357/125 839/1358/125 917/1359/125 916/1360/125
f 791/1361/125 792/1362/125 887/1363/125 888/1364/125
f 751/1261/152 750/1257/152 814/1365/152 815/1356/152
f 769/1333/217 771/1332/217 835/1366/217 833/1367/217
f 796/1339/217 797/1338/217 861/1368/217 860/1369/217
f 750/1257/152 749/1256/152 813/1370/152 814/1365/152
f 857/1371/219 793/1372/219 890/1373/219 907/1374/219
f 782/1375/220 846/1376/220 922/1377/220 877/1378/220
f 749/1256/152 748/1313/152 812/1379/152 813/1370/152
f 794/1341/217 795/1340/217 859/1380/217 858/1381/217
f 748/1313/152 747/1309/152 811/1382/152 812/1379/152
f 838/1383/123 837/1384/123 915/1385/123 914/1386/123
f 747/1309/152 746/1305/152 810/1387/152 811/1382/152
f 792/1343/217 793/1342/217 857/1388/217 856/1389/217
f 746/1305/152 745/1301/152 809/1390/152 810/1387/152
f 864/1391/150 863/1392/150 897/1393/150 928/1394/150
f 745/1301/152 744/1297/152 808/1395/152 809/1390/152
f 790/1345/217 791/1344/217 855/1396/217 854/1397/217
f 744/1297/152 743/1293/152 807/1398/152 808/1395/152
f 789/1399/123 790/1400/123 885/1401/123 886/1402/123
f 743/1293/152 742/1289/152 806/1403/152 807/1398/152
f 738/1264/152 768/1285/152 832/1404/152 802/1405/152
f 788/1315/217 789/1314/217 853/1406/217 852/1407/217
f 742/1289/152 741/1283/152 805/1408/152 806/1403/152
f 768/1285/152 767/1279/152 831/1409/152 832/1404/152
f 794/1410/221 858/1411/221 906/1412/221 889/1413/221
f 803/1414/120 801/1415/120 833/1416/120 835/1417/120
f 830/1418/147 829/1419/147 861/1420/147 862/1421/147
f 817/1422/134 816/1423/134 848/1424/134 849/1425/134
f 804/1426/121 803/1414/121 835/1417/121 836/1427/121
f 831/1428/148 830/1418/148 862/1421/148 863/1392/148
f 818/1429/135 817/1422/135 849/1425/135 850/1430/135
f 805/1431/122 804/1426/122 836/1427/122 837/1432/122
f 832/1433/150 831/1428/150 863/1392/150 864/1391/150
f 819/1434/136 818/1429/136 850/1430/136 851/1435/136
f 806/1436/123 805/1437/123 837/1384/123 838/1383/123
f 802/1438/151 832/1433/151 864/1391/151 834/1439/151
f 820/1440/137 819/1434/137 851/1435/137 852/1441/137
f 807/1442/124 806/1436/124 838/1383/124 839/1358/124
f 821/1443/138 820/1440/138 852/1441/138 853/1444/138
f 808/1445/125 807/1442/125 839/1358/125 840/1357/125
f 822/1446/139 821/1443/139 853/1444/139 854/1447/139
f 809/1448/126 808/1445/126 840/1357/126 841/1449/126
f 823/1450/140 822/1451/140 854/1452/140 855/1453/140
f 810/1454/127 809/1448/127 841/1449/127 842/1455/127
f 824/1456/141 823/1450/141 855/1453/141 856/1457/141
f 811/1458/128 810/1454/128 842/1455/128 843/1459/128
f 825/1460/142 824/1456/142 856/1457/142 857/1461/142
f 812/1462/129 811/1458/129 843/1459/129 844/1463/129
f 826/1464/143 825/1460/143 857/1461/143 858/1465/143
f 813/1466/130 812/1462/130 844/1463/130 845/1467/130
f 827/1468/144 826/1464/144 858/1465/144 859/1469/144
f 814/1470/131 813/1466/131 845/1467/131 846/1471/131
f 828/1472/145 827/1468/145 859/1469/145 860/1473/145
f 815/1474/132 814/1475/132 846/1476/132 847/1477/132
f 801/1415/119 802/1438/119 834/1439/119 833/1416/119
f 829/1478/146 828/1472/146 860/1473/146 861/1479/146
f 816/1423/133 815/1474/133 847/1477/133 848/1424/133
f 754/1281/152 753/1275/152 817/1351/152 818/1480/152
f 800/1335/217 770/1334/217 834/1481/217 864/1482/217
f 774/1329/217 775/1328/217 839/1483/217 838/1484/217
f 755/1287/152 754/1281/152 818/1480/152 819/1485/152
f 845/1467/222 781/1486/222 878/1487/222 923/1488/222
f 756/1291/152 755/1287/152 819/1485/152 820/1489/152
f 776/1327/217 777/1326/217 841/1490/217 840/1491/217
f 757/1295/152 756/1291/152 820/1489/152 821/1492/152
f 836/1427/121 835/1417/121 900/1493/121 898/1494/121
f 758/1299/152 757/1295/152 821/1492/152 822/1495/152
f 778/1325/217 779/1324/217 843/1496/217 842/1497/217
f 759/1303/152 758/1299/152 822/1495/152 823/1498/152
f 862/1421/147 861/1420/147 901/1499/147 899/1500/147
f 760/1307/152 759/1303/152 823/1498/152 824/1501/152
f 780/1323/217 781/1322/217 845/1502/217 844/1503/217
f 761/1311/152 760/1307/152 824/1501/152 825/1504/152
f 787/1505/121 788/1506/121 883/1507/121 884/1508/121
f 762/1183/152 761/1311/152 825/1504/152 826/1509/152
f 782/1321/217 783/1320/217 847/1510/217 846/1511/217
f 763/1184/152 762/1183/152 826/1509/152 827/1512/152
f 859/1513/223 795/1514/223 892/1515/223 905/1516/223
f 764/1259/152 763/1184/152 827/1512/152 828/1517/152
f 737/1265/152 738/1264/152 802/1405/152 801/1518/152
f 784/1319/217 785/1318/217 849/1519/217 848/1520/217
f 765/1267/152 764/1259/152 828/1517/152 829/1521/152
f 739/1271/152 737/1265/152 801/1518/152 803/1522/152
f 780/1523/224 844/1524/224 920/1525/224 875/1526/224
f 766/1273/152 765/1267/152 829/1521/152 830/1527/152
f 740/1277/152 739/1271/152 803/1522/152 804/1528/152
f 786/1317/217 787/1316/217 851/1529/217 850/1530/217
f 767/1279/152 766/1273/152 830/1527/152 831/1409/152
f 741/1283/152 740/1277/152 804/1528/152 805/1408/152
f 870/1531/217 869/1532/217 914/1533/217 915/1534/217
f 896/1535/217 895/1536/217 928/1537/217 897/1538/217
f 868/1539/217 867/1540/217 898/1541/217 900/1542/217
f 894/1543/217 893/1544/217 899/1545/217 901/1546/217
f 866/1547/217 865/1548/217 903/1549/217 902/1550/217
f 892/1551/217 891/1552/217 904/1553/217 905/1554/217
f 890/1555/217 889/1556/217 906/1557/217 907/1558/217
f 888/1559/217 887/1560/217 908/1561/217 909/1562/217
f 886/1563/217 885/1564/217 910/1565/217 911/1566/217
f 884/1567/217 883/1568/217 913/1569/217 912/1570/217
f 872/1571/217 871/1572/217 916/1573/217 917/1574/217
f 874/1575/217 873/1576/217 918/1577/217 919/1578/217
f 876/1579/217 875/1580/217 920/1581/217 921/1582/217
f 878/1583/217 877/1584/217 922/1585/217 923/1586/217
f 880/1587/217 879/1588/217 924/1589/217 925/1590/217
f 882/1591/217 881/1592/217 926/1593/217 927/1594/217
f 793/1595/127 794/1596/127 889/1597/127 890/1598/127
f 842/1455/127 841/1449/127 919/1599/127 918/1600/127
f 784/1601/225 848/1602/225 924/1603/225 879/1604/225
f 855/1605/226 791/1606/226 888/1607/226 909/1608/226
f 795/1609/129 796/1610/129 891/1611/129 892/1612/129
f 770/1613/135 769/1614/135 865/1615/135 866/1616/135
f 844/1463/129 843/1459/129 921/1617/129 920/1618/129
f 790/1619/227 854/1620/227 910/1621/227 885/1622/227
f 797/1623/131 798/1624/131 893/1625/131 894/1626/131
f 771/1627/137 772/1628/137 867/1629/137 868/1630/137
f 849/1631/228 785/1632/228 882/1633/228 927/1634/228
f 837/1635/229 773/1636/229 870/1637/229 915/1638/229
f 846/1471/131 845/1467/131 923/1488/131 922/1639/131
f 799/1640/133 800/1641/133 895/1642/133 896/1643/133
f 773/1644/139 774/1645/139 869/1646/139 870/1647/139
f 853/1648/230 789/1399/230 886/1402/230 911/1649/230
f 800/1650/231 864/1651/231 928/1652/231 895/1653/231
f 848/1424/133 847/1477/133 925/1654/133 924/1655/133
f 786/1656/232 850/1657/232 926/1658/232 881/1659/232
f 774/1645/233 838/1660/233 914/1661/233 869/1646/233
f 863/1662/234 799/1663/234 896/1664/234 897/1665/234
f 775/1666/141 776/1667/141 871/1668/141 872/1669/141
f 850/1430/135 849/1425/135 927/1670/135 926/1671/135
f 839/1672/235 775/1673/235 872/1674/235 917/1675/235
f 772/1676/236 836/1677/236 898/1678/236 867/1679/236
f 777/1680/143 778/1681/143 873/1682/143 874/1683/143
f 798/1624/237 862/1684/237 899/1685/237 893/1625/237
f 852/1441/137 851/1435/137 912/1686/137 913/1687/137
f 851/1688/238 787/1689/238 884/1690/238 912/1691/238
f 776/1692/239 840/1693/239 916/1694/239 871/1695/239
f 779/1696/145 780/1697/145 875/1698/145 876/1699/145
f 788/1700/240 852/1701/240 913/1702/240 883/1703/240
f 835/1704/241 771/1705/241 868/1706/241 900/1707/241
f 854/1447/139 853/1444/139 911/1708/139 910/1709/139
f 841/1710/242 777/1711/242 874/1712/242 919/1713/242
f 861/1714/243 797/1715/243 894/1716/243 901/1717/243
f 781/1718/147 782/1719/147 877/1720/147 878/1721/147
f 856/1457/141 855/1453/141 909/1722/141 908/1723/141
f 778/1724/244 842/1725/244 918/1726/244 873/1727/244
f 834/1728/245 770/1729/245 866/1730/245 902/1731/245
f 783/1732/150 784/1733/150 879/1734/150 880/1735/150
f 769/1736/246 833/1737/246 903/1738/246 865/1739/246
f 858/1465/143 857/1461/143 907/1740/143 906/1741/143
f 843/1742/247 779/1743/247 876/1744/247 921/1745/247
f 796/1746/248 860/1747/248 904/1748/248 891/1749/248
f 785/1750/119 786/1751/119 881/1752/119 882/1753/119
f 860/1473/145 859/1469/145 905/1754/145 904/1755/145
f 833/1416/119 834/1439/119 902/1756/119 903/1757/119
f 935/1758/249 560/1759/249 562/1760/249 934/1761/249
f 560/1759/250 564/1762/250 566/1763/250 562/1760/250
f 564/1762/251 568/1764/251 570/1765/251 566/1763/251
f 568/1764/252 572/1766/252 574/1767/252 570/1765/252
f 572/1766/253 576/1768/253 578/1769/253 574/1767/253
f 576/1768/254 580/1770/254 582/1771/254 578/1769/254
f 580/1770/255 583/1772/255 586/1773/255 582/1771/255
f 586/1773/256 583/1772/256 940/1774/256 939/1775/256
f 951/1776/257 606/1777/257 608/1778/257 950/1779/257
f 606/1777/258 610/1780/258 611/1781/258 608/1778/258
f 610/1780/259 614/1782/259 616/1783/259 611/1781/259
f 614/1782/260 618/1784/260 620/1785/260 616/1783/260
f 618/1784/261 622/1786/261 624/1787/261 620/1785/261
f 622/1786/262 626/1788/262 628/1789/262 624/1787/262
f 626/1788/263 629/1790/263 632/1791/263 628/1789/263
f 954/1792/264 632/1791/264 629/1790/264 955/1793/264
f 574/1767/265 658/1767/265 656/1765/265 570/1765/265
f 942/1794/217 940/1795/217 583/1796/217 580/1797/217 576/1798/217 572/1799/217 568/1800/217 564/1801/217 560/1802/217 935/1803/217 932/1804/217 955/1805/217 629/1806/217 626/1807/217 622/1808/217 618/1809/217 614/1810/217 610/1811/217 606/1812/217 951/1813/217
f 644/1814/152 642/1815/152 645/1816/152 647/1817/152 650/1818/152 651/1819/152 654/1820/152 656/1821/152 658/1822/152 659/1823/152 662/1824/152 663/1825/152 665/1826/152 667/1827/152 669/1828/152 671/1829/152 673/1830/152 675/1831/152 677/1832/152 679/1833/152 681/1834/152 684/1835/152 685/1836/152 688/1837/152 690/1838/152 692/1839/152 694/1840/152 696/1841/152 698/1842/152 700/1843/152 702/1844/152 704/1845/152
f 673/1846/266 943/1846/266 944/1846/266 948/1847/266 675/1847/266
f 628/1789/267 694/1789/267 692/1787/267 624/1787/267
f 647/1848/268 937/1848/268 936/1849/268 650/1849/268
f 938/1850/269 667/1850/269 665/1851/269 941/1851/269
f 611/1781/270 685/1781/270 684/1778/270 608/1778/270
f 704/1852/271 702/1853/271 957/1853/271 958/1852/271
f 578/1769/272 659/1769/272 658/1767/272 574/1767/272
f 675/1847/273 948/1847/273 947/1854/273 677/1854/273
f 632/1791/274 696/1791/274 694/1789/274 628/1789/274
f 562/1760/275 651/1760/275 650/1849/275 936/1849/275 934/1761/275
f 945/1855/276 669/1855/276 667/1850/276 938/1850/276
f 616/1783/277 688/1783/277 685/1781/277 611/1781/277
f 644/1856/278 929/1856/278 933/1857/278 642/1857/278
f 930/1858/279 929/1858/279 644/1858/279 704/1852/279 958/1852/279
f 582/1771/280 662/1771/280 659/1769/280 578/1769/280
f 677/1854/281 947/1854/281 952/1859/281 679/1859/281
f 698/1860/282 696/1791/282 632/1791/282 954/1792/282 953/1860/282
f 566/1763/283 654/1763/283 651/1760/283 562/1760/283
f 946/1861/284 671/1861/284 669/1855/284 945/1855/284
f 620/1785/285 690/1785/285 688/1783/285 616/1783/285
f 642/1857/286 933/1857/286 931/1862/286 645/1862/286
f 586/1773/287 663/1773/287 662/1771/287 582/1771/287
f 679/1859/288 952/1859/288 949/1863/288 681/1863/288
f 700/1864/289 698/1860/289 953/1860/289 956/1864/289
f 570/1765/290 656/1765/290 654/1763/290 566/1763/290
f 943/1846/291 673/1846/291 671/1861/291 946/1861/291
f 624/1787/292 692/1787/292 690/1785/292 620/1785/292
f 645/1862/293 931/1862/293 937/1848/293 647/1848/293
f 941/1851/294 665/1851/294 663/1773/294 586/1773/294 939/1775/294
f 608/1778/295 684/1778/295 681/1863/295 949/1863/295 950/1865/295
f 702/1853/296 700/1864/296 956/1864/296 957/1853/296
o Cylinder
v -13.500000 0.000000 -3.500000
v -13.500000 2.000000 -3.500000
v -13.207364 0.000000 -3.471178
v -13.207364 2.000000 -3.471178
v -12.925975 0.000000 -3.385819
v -12.925975 2.000000 -3.385819
v -12.666645 0.000000 -3.247204
v -12.666645 2.000000 -3.247204
v -12.439340 0.000000 -3.060660
v -12.439340 2.000000 -3.060660
v -12.252795 0.000000 -2.833355
v -13.266204 3.670907 -3.011211
v -12.252795 2.000000 -2.833355
v -13.266204 4.329093 -3.011211
v -12.114181 0.000000 -2.574025
v -13.240220 3.670907 -2.696535
v -12.114181 2.000000 -2.574025
v -13.240220 4.329093 -2.696535
v -12.028822 0.000000 -2.292635
v -13.224219 3.670907 -2.355090
v -12.028822 2.000000 -2.292635
v -13.224219 4.329093 -2.355090
v -12.000000 0.000000 -2.000000
v -13.218816 3.670907 -2.000000
v -12.000000 2.000000 -2.000000
v -13.218816 4.329093 -2.000000
v -12.028822 0.000000 -1.707365
v -13.224219 3.670907 -1.644910
v -12.028822 2.000000 -1.707365
v -13.224219 4.329093 -1.644910
v -12.114181 0.000000 -1.425975
v -13.240220 3.670907 -1.303465
v -12.114181 2.000000 -1.425975
v -13.240220 4.329093 -1.303465
v -13.266204 3.670907 -0.988788
v -12.252795 0.000000 -1.166645
v -12.252795 2.000000 -1.166645
v -13.266204 4.329093 -0.988788
v -12.439340 0.000000 -0.939340
v -12.439340 2.000000 -0.939340
v -12.666645 0.000000 -0.752796
v -12.666645 2.000000 -0.752796
v -12.925975 0.000000 -0.614181
v -12.925975 2.000000 -0.614181
v -13.207364 0.000000 -0.528822
v -13.207364 2.000000 -0.528822
v -13.500000 0.000000 -0.500000
v -13.500000 2.000000 -0.500000
v -13.792636 0.000000 -0.528822
v -13.792636 2.000000 -0.528822
v -14.074025 0.000000 -0.614181
v -14.074025 2.000000 -0.614181
v -14.333355 0.000000 -0.752796
v -14.333355 2.000000 -0.752796
v -14.560660 0.000000 -0.939340
v -14.560660 2.000000 -0.939340
v -14.747205 0.000000 -1.166645
v -13.733796 3.670907 -0.988788
v -14.747205 2.000000 -1.166645
v -13.733796 4.329093 -0.988788
v -14.885819 0.000000 -1.425975
v -13.759780 3.670907 -1.303465
v -13.759780 4.329093 -1.303465
v -14.885819 2.000000 -1.425975
v -14.971178 0.000000 -1.707365
v -13.775781 3.670907 -1.644910
v -14.971178 2.000000 -1.707365
v -13.775781 4.329093 -1.644910
v -15.000000 0.000000 -2.000000
v -13.781184 3.670907 -2.000000
v -15.000000 2.000000 -2.000000
v -13.781184 4.329093 -2.000000
v -14.971178 0.000000 -2.292635
v -13.775781 3.670907 -2.355090
v -14.971178 2.000000 -2.292635
v -13.775781 4.329093 -2.355090
v -14.885819 0.000000 -2.574025
v -13.759780 3.670907 -2.696535
v -14.885819 2.000000 -2.574025
v -13.759780 4.329093 -2.696535
v -13.733796 3.670907 -3.011211
v -14.747205 0.000000 -2.833355
v -14.747205 2.000000 -2.833355
v -13.733796 4.329093 -3.011211
v -14.560660 0.000000 -3.060660
v -14.560660 2.000000 -3.060660
v -14.333355 0.000000 -3.247204
v -14.333355 2.000000 -3.247204
v -14.074025 0.000000 -3.385819
v -14.074025 2.000000 -3.385819
v -13.792636 0.000000 -3.471178
v -13.792636 2.000000 -3.471178
v -13.247410 2.211682 -3.269857
v -13.496678 4.506687 -2.108082
v -13.500000 2.211682 -3.294735
v -13.500000 4.506687 -2.110200
v -13.493484 4.506687 -2.101811
v -13.004526 2.211682 -3.196179
v -13.490541 4.506687 -2.091627
v -12.780684 2.211682 -3.076533
v -12.584484 2.211682 -2.915516
v -13.487962 4.506687 -2.077922
v -13.485845 4.506687 -2.061223
v -12.423468 2.211682 -2.719316
v -12.303822 2.211682 -2.495474
v -13.484271 4.506687 -2.042171
v -12.230144 2.211682 -2.252590
v -13.483302 4.506687 -2.021497
v -12.205265 2.211682 -2.000000
v -13.482975 4.506687 -1.999998
v -13.483302 4.506687 -1.978499
v -12.230144 2.211682 -1.747410
v -12.303822 2.211682 -1.504526
v -13.484271 4.506687 -1.957826
v -13.485845 4.506687 -1.938774
v -12.423468 2.211682 -1.280684
v -13.487962 4.506687 -1.922074
v -12.584484 2.211682 -1.084484
v -13.490541 4.506687 -1.908369
v -12.780684 2.211682 -0.923467
v -13.493484 4.506687 -1.898186
v -13.004526 2.211682 -0.803821
v -13.496678 4.506687 -1.891915
v -13.247410 2.211682 -0.730143
v -13.500000 4.506687 -1.889797
v -13.500000 2.211682 -0.705265
v -13.503322 4.506687 -1.891915
v -13.752590 2.211682 -0.730143
v -13.506515 4.506687 -1.898186
v -13.995474 2.211682 -0.803821
v -13.509459 4.506687 -1.908369
v -14.219316 2.211682 -0.923467
v -13.512038 4.506687 -1.922074
v -14.415516 2.211682 -1.084484
v -14.576532 2.211682 -1.280684
v -13.514155 4.506687 -1.938774
v -13.515728 4.506687 -1.957826
v -14.696178 2.211682 -1.504526
v -14.769856 2.211682 -1.747410
v -13.516697 4.506687 -1.978499
v -14.794735 2.211682 -2.000000
v -13.517024 4.506687 -1.999998
v -14.769856 2.211682 -2.252590
v -13.516697 4.506687 -2.021497
v -14.696178 2.211682 -2.495474
v -13.515728 4.506687 -2.042171
v -14.576532 2.211682 -2.719316
v -13.514155 4.506687 -2.061223
v -14.415516 2.211682 -2.915516
v -13.512038 4.506687 -2.077922
v -14.219316 2.211682 -3.076533
v -13.509459 4.506687 -2.091627
v -13.995474 2.211682 -3.196179
v -13.506515 4.506687 -2.101811
v -13.752590 2.211682 -3.269857
v -13.503322 4.506687 -2.108082
v -13.247410 6.399349 -3.269857
v -13.500000 6.399349 -3.294735
v -13.004526 6.399349 -3.196179
v -12.780684 6.399349 -3.076533
v -12.584484 6.399349 -2.915516
v -12.423468 6.399349 -2.719316
v -12.303822 6.399349 -2.495474
v -12.230144 6.399349 -2.252590
v -12.205265 6.399349 -2.000000
v -12.230144 6.399349 -1.747410
v -12.303822 6.399349 -1.504526
v -12.423468 6.399349 -1.280684
v -12.584484 6.399349 -1.084484
v -12.780684 6.399349 -0.923467
v -13.004526 6.399349 -0.803821
v -13.247410 6.399349 -0.730143
v -13.500000 6.399349 -0.705265
v -13.752590 6.399349 -0.730143
v -13.995474 6.399349 -0.803821
v -14.219316 6.399349 -0.923467
v -14.415516 6.399349 -1.084484
v -14.576532 6.399349 -1.280684
v -14.696178 6.399349 -1.504526
v -14.769856 6.399349 -1.747410
v -14.794735 6.399349 -2.000000
v -14.769856 6.399349 -2.252590
v -14.696178 6.399349 -2.495474
v -14.576532 6.399349 -2.719316
v -14.415516 6.399349 -2.915516
v -14.219316 6.399349 -3.076533
v -13.995474 6.399349 -3.196179
v -13.752590 6.399349 -3.269857
v -13.188284 6.515844 -3.567102
v -13.500000 6.515844 -3.597803
v -12.888547 6.515844 -3.476178
v -12.612309 6.515844 -3.328525
v -12.370182 6.515844 -3.129817
v -12.171475 6.515844 -2.887692
v -12.023823 6.515844 -2.611453
v -11.932899 6.515844 -2.311716
v -11.902197 6.515844 -2.000000
v -11.932899 6.515844 -1.688284
v -12.023823 6.515844 -1.388547
v -12.171475 6.515844 -1.112308
v -12.370182 6.515844 -0.870183
v -12.612309 6.515844 -0.671475
v -12.888547 6.515844 -0.523822
v -13.188284 6.515844 -0.432898
v -13.500000 6.515844 -0.402197
v -13.811716 6.515844 -0.432898
v -14.111453 6.515844 -0.523822
v -14.387692 6.515844 -0.671475
v -14.629818 6.515844 -0.870183
v -14.828525 6.515844 -1.112308
v -14.976177 6.515844 -1.388547
v -15.067102 6.515844 -1.688284
v -15.097803 6.515844 -2.000000
v -15.067102 6.515844 -2.311716
v -14.976177 6.515844 -2.611453
v -14.828525 6.515844 -2.887692
v -14.629818 6.515844 -3.129817
v -14.387692 6.515844 -3.328525
v -14.111453 6.515844 -3.476178
v -13.811716 6.515844 -3.567102
v -13.188284 7.086715 -3.567102
v -13.500000 7.086715 -3.597803
v -12.888548 7.086715 -3.476178
v -12.612309 7.086715 -3.328525
v -12.370183 7.086715 -3.129817
v -12.171475 7.086715 -2.887692
v -12.023823 7.086715 -2.611453
v -11.932899 7.086715 -2.311716
v -11.902197 7.086715 -2.000000
v -11.932899 7.086715 -1.688284
v -12.023823 7.086715 -1.388547
v -12.171475 7.086715 -1.112308
v -12.370183 7.086715 -0.870183
v -12.612309 7.086715 -0.671475
v -12.888548 7.086715 -0.523822
v -13.188284 7.086715 -0.432898
v -13.500000 7.086715 -0.402197
v -13.811716 7.086715 -0.432898
v -14.111453 7.086715 -0.523822
v -14.387692 7.086715 -0.671475
v -14.629818 7.086715 -0.870183
v -14.828526 7.086715 -1.112308
v -14.976178 7.086715 -1.388547
v -15.067102 7.086715 -1.688284
v -15.097804 7.086715 -2.000000
v -15.067102 7.086715 -2.311716
v -14.976178 7.086715 -2.611453
v -14.828526 7.086715 -2.887692
v -14.629818 7.086715 -3.129817
v -14.387692 7.086715 -3.328525
v -14.111453 7.086715 -3.476178
v -13.811716 7.086715 -3.567102
v -13.132755 6.515844 -3.846263
v -13.500000 6.515844 -3.882434
v -12.779624 6.515844 -3.739142
v -12.454176 6.515844 -3.565187
v -12.168919 6.515844 -3.331082
v -11.934813 6.515844 -3.045824
v -11.760859 6.515844 -2.720376
v -11.653737 6.515844 -2.367245
v -11.617566 6.515844 -2.000000
v -11.653737 6.515844 -1.632755
v -11.760859 6.515844 -1.279624
v -11.934813 6.515844 -0.954176
v -12.168919 6.515844 -0.668918
v -12.454176 6.515844 -0.434813
v -12.779624 6.515844 -0.260858
v -13.132755 6.515844 -0.153737
v -13.500000 6.515844 -0.117566
v -13.867245 6.515844 -0.153737
v -14.220377 6.515844 -0.260858
v -14.545824 6.515844 -0.434813
v -14.831081 6.515844 -0.668918
v -15.065187 6.515844 -0.954176
v -15.239141 6.515844 -1.279624
v -15.346264 6.515844 -1.632755
v -15.382434 6.515844 -2.000000
v -15.346264 6.515844 -2.367245
v -15.239141 6.515844 -2.720376
v -15.065187 6.515844 -3.045824
v -14.831081 6.515844 -3.331082
v -14.545824 6.515844 -3.565187
v -14.220377 6.515844 -3.739142
v -13.867245 6.515844 -3.846263
v -13.132755 7.086715 -3.846263
v -13.500000 7.086715 -3.882434
v -12.779624 7.086715 -3.739142
v -12.454176 7.086715 -3.565187
v -12.168919 7.086715 -3.331082
v -11.934813 7.086715 -3.045824
v -11.760859 7.086715 -2.720376
v -11.653737 7.086715 -2.367245
v -11.617567 7.086715 -2.000000
v -11.653737 7.086715 -1.632755
v -11.760859 7.086715 -1.279624
v -11.934813 7.086715 -0.954176
v -12.168919 7.086715 -0.668918
v -12.454176 7.086715 -0.434813
v -12.779624 7.086715 -0.260858
v -13.132755 7.086715 -0.153737
v -13.500000 7.086715 -0.117566
v -13.867245 7.086715 -0.153737
v -14.220377 7.086715 -0.260858
v -14.545824 7.086715 -0.434813
v -14.831082 7.086715 -0.668918
v -15.065187 7.086715 -0.954176
v -15.239142 7.086715 -1.279624
v -15.346264 7.086715 -1.632755
v -15.382434 7.086715 -2.000000
v -15.346264 7.086715 -2.367245
v -15.239142 7.086715 -2.720376
v -15.065187 7.086715 -3.045824
v -14.831082 7.086715 -3.331082
v -14.545824 7.086715 -3.565187
v -14.220377 7.086715 -3.739142
v -13.867245 7.086715 -3.846263
v -13.188284 7.542553 -3.567102
v -13.500000 7.542553 -3.597803
v -12.612309 7.542553 -3.328525
v -12.888548 7.542553 -3.476178
v -12.171475 7.542553 -2.887692
v -12.370183 7.542553 -3.129817
v -11.932899 7.542553 -2.311716
v -12.023823 7.542553 -2.611453
v -11.932899 7.542553 -1.688284
v -11.902197 7.542553 -2.000000
v -12.171475 7.542553 -1.112308
v -12.023823 7.542553 -1.388547
v -12.612309 7.542553 -0.671475
v -12.370183 7.542553 -0.870183
v -13.188284 7.542553 -0.432898
v -12.888548 7.542553 -0.523822
v -13.811716 7.542553 -0.432898
v -13.500000 7.542553 -0.402197
v -14.387692 7.542553 -0.671475
v -14.111453 7.542553 -0.523822
v -14.828526 7.542553 -1.112308
v -14.629818 7.542553 -0.870183
v -15.067102 7.542553 -1.688284
v -14.976178 7.542553 -1.388547
v -15.067102 7.542553 -2.311716
v -15.097804 7.542553 -2.000000
v -14.828526 7.542553 -2.887692
v -14.976178 7.542553 -2.611453
v -14.387692 7.542553 -3.328525
v -14.629818 7.542553 -3.129817
v -13.811716 7.542553 -3.567102
v -14.111453 7.542553 -3.476178
v -14.220377 7.542553 -3.739142
v -12.454176 7.542553 -3.565187
v -14.545824 7.542553 -3.565187
v -12.779624 7.542553 -3.739142
v -14.831082 7.542553 -3.331082
v -13.500000 7.542553 -3.882434
v -13.132755 7.542553 -3.846263
v -15.065187 7.542553 -3.045824
v -15.239142 7.542553 -2.720376
v -15.346264 7.542553 -2.367245
v -15.382434 7.542553 -2.000000
v -15.346264 7.542553 -1.632755
v -15.239142 7.542553 -1.279624
v -15.065187 7.542553 -0.954176
v -14.831082 7.542553 -0.668918
v -14.220377 7.542553 -0.260858
v -14.545824 7.542553 -0.434813
v -11.934813 7.542553 -3.045824
v -12.168919 7.542553 -3.331082
v -11.653737 7.542553 -2.367245
v -11.760859 7.542553 -2.720376
v -11.653737 7.542553 -1.632755
v -11.617567 7.542553 -2.000000
v -11.934813 7.542553 -0.954176
v -11.760859 7.542553 -1.279624
v -12.454176 7.542553 -0.434813
v -12.168919 7.542553 -0.668918
v -13.132755 7.542553 -0.153737
v -12.779624 7.542553 -0.260858
v -13.867245 7.542553 -0.153737
v -13.500000 7.542553 -0.117566
v -13.867245 7.542553 -3.846263
v -13.500000 4.383661 -3.294735
v -13.500000 4.383661 -3.294735
v -13.417669 4.373493 -3.286626
v -13.500000 3.670907 -3.294735
v -13.460334 4.381440 -3.290828
v -13.299648 4.329093 -3.275002
v -13.299648 3.670907 -3.275002
v -13.302980 4.330812 -3.275330
v -13.367698 4.358033 -3.281704
v -13.367698 4.358033 -0.718296
v -13.299648 4.329093 -0.724998
v -13.299648 3.670907 -0.724998
v -13.302980 4.330812 -0.724670
v -13.500000 3.670907 -0.705265
v -13.500000 4.383661 -0.705265
v -13.500000 4.383661 -0.705265
v -13.417669 4.373493 -0.713374
v -13.460334 4.381441 -0.709172
v -13.582331 4.373493 -0.713374
v -13.539666 4.381441 -0.709172
v -13.697020 4.330812 -0.724670
v -13.700352 4.329093 -0.724998
v -13.700352 3.670907 -0.724998
v -13.632302 4.358033 -0.718296
v -13.697020 4.330812 -3.275330
v -13.700352 4.329093 -3.275002
v -13.700352 3.670907 -3.275002
v -13.632302 4.358033 -3.281704
v -13.582331 4.373493 -3.286626
v -13.539666 4.381440 -3.290828
vn 0.0980 -0.0000 -0.9952
vn 0.2903 -0.0000 -0.9569
vn 0.4714 -0.0000 -0.8819
vn 0.6344 -0.0000 -0.7730
vn 0.7730 -0.0000 -0.6344
vn 0.8819 -0.0000 -0.4714
vn 0.9569 -0.0000 -0.2903
vn 0.9952 -0.0000 -0.0980
vn 0.9952 -0.0000 0.0980
vn 0.9569 -0.0000 0.2903
vn 0.8819 -0.0000 0.4714
vn 0.7730 -0.0000 0.6344
vn 0.6344 -0.0000 0.7730
vn 0.4714 -0.0000 0.8819
vn 0.2903 -0.0000 0.9569
vn 0.0980 -0.0000 0.9952
vn -0.0980 -0.0000 0.9952
vn -0.2903 -0.0000 0.9569
vn -0.4714 -0.0000 0.8819
vn -0.6344 -0.0000 0.7730
vn -0.7730 -0.0000 0.6344
vn -0.8819 -0.0000 0.4714
vn -0.9569 -0.0000 0.2903
vn -0.9952 -0.0000 0.0980
vn -0.9952 -0.0000 -0.0980
vn -0.9569 -0.0000 -0.2903
vn -0.8819 -0.0000 -0.4714
vn -0.7730 -0.0000 -0.6344
vn -0.6344 -0.0000 -0.7730
vn -0.4714 -0.0000 -0.8819
vn 0.4565 0.6944 -0.5562
vn -0.2903 -0.0000 -0.9569
vn -0.0980 -0.0000 -0.9952
vn -0.0000 -1.0000 -0.0000
vn 0.4565 0.6944 0.5562
vn -0.6346 0.6944 0.3392
vn -0.2089 0.6944 -0.6886
vn 0.7161 0.6944 0.0705
vn -0.2089 0.6944 0.6886
vn -0.6346 0.6944 -0.3392
vn 0.5562 0.6944 -0.4565
vn 0.3392 0.6944 0.6346
vn -0.6886 0.6944 0.2089
vn 0.0705 0.6944 -0.7161
vn -0.0705 0.6944 -0.7161
vn 0.6886 0.6944 0.2089
vn -0.3392 0.6944 0.6346
vn -0.5562 0.6944 -0.4565
vn 0.6346 0.6944 -0.3392
vn 0.2089 0.6944 0.6886
vn -0.7161 0.6944 0.0705
vn 0.2089 0.6944 -0.6886
vn 0.6346 0.6944 0.3392
vn -0.4565 0.6944 0.5562
vn -0.4565 0.6944 -0.5562
vn 0.6886 0.6944 -0.2089
vn 0.0705 0.6944 0.7161
vn -0.7161 0.6944 -0.0705
vn 0.3392 0.6944 -0.6346
vn 0.5562 0.6944 0.4565
vn -0.5562 0.6944 0.4565
vn -0.3392 0.6944 -0.6346
vn 0.7161 0.6944 -0.0705
vn -0.0705 0.6944 0.7161
vn -0.6886 0.6944 -0.2089
vn -0.3448 -0.9328 -0.1046
vn -0.1951 -0.0000 -0.9808
vn 0.2286 -0.9328 0.2785
vn -0.3178 -0.9328 -0.1698
vn 0.1698 -0.9328 0.3178
vn 0.0353 -0.9328 -0.3586
vn -0.2785 -0.9328 -0.2286
vn 0.1046 -0.9328 0.3448
vn 0.1046 -0.9328 -0.3448
vn -0.2286 -0.9328 -0.2785
vn 0.0353 -0.9328 0.3586
vn 0.1698 -0.9328 -0.3178
vn -0.1698 -0.9328 -0.3178
vn -0.0353 -0.9328 0.3586
vn 0.2286 -0.9328 -0.2785
vn -0.1046 -0.9328 -0.3448
vn -0.1046 -0.9328 0.3448
vn 0.2785 -0.9328 -0.2286
vn -0.0353 -0.9328 -0.3586
vn -0.1698 -0.9328 0.3178
vn 0.3178 -0.9328 -0.1698
vn -0.2286 -0.9328 0.2785
vn 0.3448 -0.9328 -0.1046
vn -0.2785 -0.9328 0.2286
vn 0.3586 -0.9328 -0.0353
vn -0.3178 -0.9328 0.1698
vn 0.3586 -0.9328 0.0353
vn -0.3448 -0.9328 0.1046
vn 0.3448 -0.9328 0.1046
vn -0.3586 -0.9328 0.0353
vn 0.3178 -0.9328 0.1698
vn -0.3586 -0.9328 -0.0353
vn 0.2785 -0.9328 0.2286
vn -0.0000 1.0000 -0.0000
vn 0.9239 -0.0000 -0.3827
vn -0.0000 -0.0000 1.0000
vn -0.8315 -0.0000 0.5556
vn 0.1951 -0.0000 -0.9808
vn 0.7071 -0.0000 -0.7071
vn -0.3827 -0.0000 0.9239
vn -0.5556 -0.0000 0.8315
vn -0.9808 -0.0000 0.1951
vn 0.3827 -0.0000 0.9239
vn -0.5556 -0.0000 -0.8315
vn 1.0000 -0.0000 -0.0000
vn -0.7071 -0.0000 -0.7071
vn 0.7071 -0.0000 0.7071
vn 0.9808 -0.0000 -0.1951
vn -0.9808 -0.0000 -0.1951
vn 0.5556 -0.0000 0.8315
vn -0.9239 -0.0000 0.3827
vn -0.3827 -0.0000 -0.9239
vn 0.8315 -0.0000 0.5556
vn 0.8315 -0.0000 -0.5556
vn 0.9239 -0.0000 0.3827
vn 0.1951 -0.0000 0.9808
vn -0.8315 -0.0000 -0.5556
vn -0.9239 -0.0000 -0.3827
vn -0.0000 -0.0000 -1.0000
vn -0.7071 -0.0000 0.7071
vn -0.1951 -0.0000 0.9808
vn -1.0000 -0.0000 -0.0000
vn 0.9808 -0.0000 0.1951
vn 0.3827 -0.0000 -0.9239
vn 0.5556 -0.0000 -0.8315
vn -0.9921 -0.0000 0.1258
vn -0.9966 -0.0000 0.0823
vn -0.9989 -0.0000 0.0468
vn -0.9999 -0.0000 0.0152
vn -0.9999 -0.0000 -0.0152
vn -0.9989 -0.0000 -0.0468
vn -0.9966 -0.0000 -0.0823
vn -0.9921 -0.0000 -0.1258
vn 0.9921 -0.0000 -0.1258
vn 0.9966 -0.0000 -0.0823
vn 0.9989 -0.0000 -0.0468
vn 0.9999 -0.0000 -0.0152
vn 0.9999 -0.0000 0.0152
vn 0.9989 -0.0000 0.0468
vn 0.9966 -0.0000 0.0823
vn 0.9921 -0.0000 0.1258
vn -0.5579 -0.8299 0.0085
vn 0.0657 -0.9925 -0.1031
vn 0.5427 -0.8395 0.0254
vn -0.3928 -0.9166 0.0739
vn -0.3928 -0.9166 -0.0739
vn 0.5114 -0.8583 -0.0422
vn 0.1915 -0.9766 0.0975
vn -0.5579 -0.8299 -0.0085
vn 0.1915 -0.9766 -0.0975
vn 0.5114 -0.8583 0.0422
vn -0.4621 -0.8849 0.0586
vn -0.3023 -0.9492 -0.0874
vn 0.5427 -0.8395 -0.0254
vn -0.0657 -0.9925 0.1031
vn 0.0657 -0.9925 0.1031
vn -0.5427 -0.8395 -0.0254
vn 0.3023 -0.9492 -0.0874
vn 0.4621 -0.8849 0.0586
vn -0.5114 -0.8583 0.0422
vn -0.1915 -0.9766 -0.0975
vn 0.5579 -0.8299 -0.0085
vn -0.1915 -0.9766 0.0975
vn -0.5114 -0.8583 -0.0422
vn 0.3928 -0.9166 -0.0739
vn 0.3928 -0.9166 0.0739
vn -0.5427 -0.8395 0.0254
vn -0.0657 -0.9925 -0.1031
vn 0.5579 -0.8299 0.0085
vn -0.3023 -0.9492 0.0874
vn -0.4621 -0.8849 -0.0586
vn 0.4621 -0.8849 -0.0586
vn 0.3023 -0.9492 0.0874
vt 0.121133 0.542256
vt 0.121133 0.452991
vt 0.129716 0.452954
vt 0.129716 0.542219
vt 0.137801 0.452881
vt 0.137801 0.542146
vt 0.145078 0.452776
vt 0.145078 0.542040
vt 0.151266 0.452641
vt 0.151266 0.541905
vt 0.309825 0.294240
vt 0.309825 0.204973
vt 0.316014 0.205098
vt 0.316014 0.294366
vt 0.323290 0.205197
vt 0.323290 0.294464
vt 0.331376 0.205265
vt 0.331376 0.294532
vt 0.339959 0.205300
vt 0.339959 0.294567
vt 0.348710 0.205300
vt 0.348710 0.294567
vt 0.357294 0.205265
vt 0.357294 0.294532
vt 0.365379 0.205197
vt 0.365379 0.294464
vt 0.372656 0.205098
vt 0.372656 0.294366
vt 0.378844 0.204973
vt 0.378844 0.294240
vt 0.476106 0.294220
vt 0.476106 0.204935
vt 0.482982 0.204935
vt 0.482982 0.294220
vt 0.490783 0.204935
vt 0.490783 0.294220
vt 0.499207 0.204935
vt 0.499207 0.294220
vt 0.507932 0.204935
vt 0.507932 0.294220
vt 0.516623 0.204935
vt 0.516623 0.294220
vt 0.524944 0.204935
vt 0.524944 0.294220
vt 0.532577 0.204935
vt 0.532577 0.294220
vt 0.539228 0.204935
vt 0.539228 0.294220
vt 0.473944 0.596975
vt 0.473944 0.507690
vt 0.481576 0.507690
vt 0.481576 0.596975
vt 0.489898 0.507690
vt 0.489898 0.596975
vt 0.498588 0.507690
vt 0.498588 0.596975
vt 0.507313 0.507690
vt 0.507313 0.596975
vt 0.515738 0.507690
vt 0.515738 0.596975
vt 0.523538 0.507690
vt 0.523538 0.596975
vt 0.530414 0.507690
vt 0.530414 0.596975
vt 0.088436 0.542040
vt 0.088436 0.452776
vt 0.095712 0.452881
vt 0.095712 0.542146
vt 0.103798 0.452954
vt 0.103798 0.542219
vt 0.141203 0.443225
vt 0.146544 0.443109
vt 0.112381 0.452991
vt 0.112381 0.542256
vt 0.563591 0.647388
vt 0.557403 0.641200
vt 0.552541 0.633923
vt 0.549192 0.625838
vt 0.547485 0.617255
vt 0.547485 0.608503
vt 0.549192 0.599920
vt 0.552541 0.591834
vt 0.557403 0.584558
vt 0.563591 0.578369
vt 0.570868 0.573507
vt 0.578953 0.570158
vt 0.587537 0.568451
vt 0.596288 0.568451
vt 0.604872 0.570158
vt 0.612957 0.573507
vt 0.620234 0.578369
vt 0.626422 0.584558
vt 0.631284 0.591834
vt 0.634633 0.599920
vt 0.636340 0.608503
vt 0.636340 0.617255
vt 0.634633 0.625838
vt 0.631284 0.633923
vt 0.626422 0.641200
vt 0.620234 0.647388
vt 0.612957 0.652250
vt 0.604872 0.655599
vt 0.596288 0.657307
vt 0.587537 0.657307
vt 0.578953 0.655599
vt 0.570868 0.652250
vt 0.491211 0.498240
vt 0.484028 0.498240
vt 0.484028 0.311290
vt 0.491211 0.311290
vt 0.368780 0.195554
vt 0.374122 0.195446
vt 0.477440 0.498240
vt 0.105571 0.443379
vt 0.112980 0.443411
vt 0.340558 0.195728
vt 0.348112 0.195728
vt 0.507808 0.195484
vt 0.515309 0.195484
vt 0.513515 0.498240
vt 0.520248 0.498240
vt 0.314548 0.195446
vt 0.319889 0.195554
vt 0.480337 0.195484
vt 0.486273 0.195484
vt 0.120534 0.443411
vt 0.127943 0.443379
vt 0.355520 0.195698
vt 0.522492 0.195484
vt 0.526183 0.498240
vt 0.326170 0.195640
vt 0.493006 0.195484
vt 0.498712 0.498240
vt 0.134922 0.443316
vt 0.362499 0.195640
vt 0.529080 0.195484
vt 0.092311 0.443225
vt 0.098592 0.443316
vt 0.333149 0.195698
vt 0.500277 0.195484
vt 0.506243 0.498240
vt 0.534821 0.195484
vt 0.599463 0.405394
vt 0.607017 0.405394
vt 0.607901 0.414370
vt 0.598578 0.414370
vt 0.348112 0.008818
vt 0.355520 0.008788
vt 0.498712 0.311290
vt 0.362499 0.008729
vt 0.506243 0.311290
vt 0.368780 0.008644
vt 0.513515 0.311290
vt 0.374122 0.008535
vt 0.520248 0.311290
vt 0.480337 0.008535
vt 0.486273 0.008535
vt 0.120534 0.256506
vt 0.127943 0.256474
vt 0.120534 0.378283
vt 0.126411 0.378257
vt 0.126410 0.348881
vt 0.126313 0.348805
vt 0.124415 0.347598
vt 0.122949 0.346914
vt 0.121697 0.346565
vt 0.120534 0.346471
vt 0.526183 0.311290
vt 0.493006 0.008535
vt 0.134922 0.256411
vt 0.092311 0.256320
vt 0.098592 0.256411
vt 0.500277 0.008535
vt 0.500277 0.098521
vt 0.499135 0.098620
vt 0.497907 0.098975
vt 0.496468 0.099665
vt 0.494605 0.100881
vt 0.494509 0.100957
vt 0.494509 0.130341
vt 0.500277 0.130341
vt 0.141203 0.256320
vt 0.105571 0.256474
vt 0.507808 0.008535
vt 0.506251 0.130341
vt 0.506251 0.100957
vt 0.506151 0.100880
vt 0.504222 0.099665
vt 0.502732 0.098975
vt 0.501460 0.098620
vt 0.500277 0.098521
vt 0.146544 0.256204
vt 0.112980 0.256506
vt 0.515309 0.008535
vt 0.314548 0.008535
vt 0.319889 0.008644
vt 0.119348 0.346570
vt 0.118072 0.346925
vt 0.116577 0.347615
vt 0.114642 0.348830
vt 0.114542 0.348906
vt 0.114542 0.378283
vt 0.522492 0.008535
vt 0.326170 0.008729
vt 0.529080 0.008535
vt 0.333149 0.008788
vt 0.471699 0.498240
vt 0.471699 0.311290
vt 0.477440 0.311290
vt 0.340558 0.008818
vt 0.785455 0.878484
vt 0.777025 0.878466
vt 0.777025 0.858121
vt 0.785455 0.858139
vt 0.627685 0.337258
vt 0.621404 0.333062
vt 0.625656 0.325107
vt 0.633407 0.330286
vt 0.592054 0.403920
vt 0.589435 0.412551
vt 0.633026 0.342600
vt 0.639999 0.336878
vt 0.564891 0.370822
vt 0.566365 0.378231
vt 0.557734 0.380850
vt 0.555915 0.371707
vt 0.585075 0.401029
vt 0.580823 0.408984
vt 0.637223 0.348881
vt 0.645178 0.344629
vt 0.564891 0.363268
vt 0.555915 0.362384
vt 0.578794 0.396832
vt 0.573072 0.403805
vt 0.640114 0.355860
vt 0.648746 0.353241
vt 0.566365 0.355860
vt 0.557734 0.353241
vt 0.573453 0.391491
vt 0.566480 0.397213
vt 0.641588 0.363268
vt 0.650564 0.362384
vt 0.569256 0.348881
vt 0.561301 0.344629
vt 0.569256 0.385210
vt 0.561301 0.389462
vt 0.641588 0.370822
vt 0.650564 0.371706
vt 0.573453 0.342600
vt 0.566480 0.336878
vt 0.640114 0.378231
vt 0.648746 0.380850
vt 0.578794 0.337258
vt 0.573072 0.330286
vt 0.637223 0.385210
vt 0.645178 0.389462
vt 0.585075 0.333062
vt 0.580823 0.325107
vt 0.633027 0.391491
vt 0.639999 0.397213
vt 0.592054 0.330171
vt 0.589435 0.321539
vt 0.627685 0.396832
vt 0.633407 0.403805
vt 0.599463 0.328697
vt 0.598578 0.319721
vt 0.621404 0.401029
vt 0.625656 0.408984
vt 0.607017 0.328697
vt 0.607901 0.319721
vt 0.614425 0.403920
vt 0.617044 0.412551
vt 0.614425 0.330171
vt 0.617044 0.321539
vt 0.625656 0.453687
vt 0.633407 0.458866
vt 0.639999 0.465458
vt 0.645178 0.473209
vt 0.648745 0.481822
vt 0.650564 0.490965
vt 0.650564 0.500287
vt 0.648745 0.509430
vt 0.645178 0.518042
vt 0.639999 0.525793
vt 0.633407 0.532385
vt 0.625656 0.537564
vt 0.617044 0.541132
vt 0.607901 0.542950
vt 0.598578 0.542950
vt 0.589435 0.541132
vt 0.580823 0.537564
vt 0.573072 0.532385
vt 0.566480 0.525793
vt 0.561301 0.518042
vt 0.557733 0.509430
vt 0.555915 0.500287
vt 0.555915 0.490965
vt 0.557733 0.481822
vt 0.561301 0.473209
vt 0.566480 0.465458
vt 0.573072 0.458866
vt 0.580823 0.453687
vt 0.589435 0.450120
vt 0.598578 0.448301
vt 0.607901 0.448301
vt 0.617044 0.450120
vt 0.195044 0.908601
vt 0.187573 0.908520
vt 0.187573 0.888175
vt 0.195044 0.888256
vt 0.652649 0.340636
vt 0.656852 0.350782
vt 0.576830 0.545035
vt 0.567698 0.538933
vt 0.547485 0.490134
vt 0.549627 0.479362
vt 0.646547 0.331504
vt 0.333492 0.734742
vt 0.333407 0.744888
vt 0.313061 0.744888
vt 0.313146 0.734742
vt 0.871204 0.246753
vt 0.862591 0.246681
vt 0.862591 0.226335
vt 0.871204 0.226408
vt 0.638781 0.323738
vt 0.559932 0.531167
vt 0.553830 0.522035
vt 0.553830 0.469216
vt 0.559932 0.460084
vt 0.629649 0.317636
vt 0.555825 0.882132
vt 0.547485 0.882132
vt 0.547485 0.861782
vt 0.555825 0.861782
vt 0.915414 0.788341
vt 0.908467 0.788341
vt 0.908467 0.767991
vt 0.915414 0.767991
vt 0.619503 0.313433
vt 0.567698 0.452318
vt 0.576830 0.446216
vt 0.608731 0.311290
vt 0.333283 0.754020
vt 0.333125 0.761786
vt 0.312779 0.761786
vt 0.312937 0.754020
vt 0.597748 0.311290
vt 0.586976 0.442013
vt 0.597748 0.439871
vt 0.586976 0.313433
vt 0.760437 0.617250
vt 0.760390 0.628022
vt 0.740045 0.628022
vt 0.740092 0.617250
vt 0.576830 0.317636
vt 0.608731 0.439871
vt 0.619503 0.442013
vt 0.567698 0.323738
vt 0.818614 0.382508
vt 0.812022 0.382374
vt 0.812022 0.362029
vt 0.818614 0.362163
vt 0.559932 0.331504
vt 0.553830 0.393455
vt 0.549627 0.383309
vt 0.629649 0.446216
vt 0.638781 0.452318
vt 0.553830 0.340636
vt 0.559932 0.402587
vt 0.231843 0.888726
vt 0.223736 0.888780
vt 0.223736 0.868435
vt 0.231843 0.868381
vt 0.785778 0.585349
vt 0.785869 0.595495
vt 0.760390 0.595495
vt 0.760299 0.585349
vt 0.785778 0.638169
vt 0.785645 0.647300
vt 0.760166 0.647300
vt 0.760299 0.638169
vt 0.749064 0.159041
vt 0.749064 0.148469
vt 0.774549 0.148469
vt 0.774549 0.159041
vt 0.785645 0.576217
vt 0.760166 0.576217
vt 0.785869 0.628022
vt 0.749064 0.169991
vt 0.774549 0.169991
vt 0.785476 0.568451
vt 0.759997 0.568451
vt 0.785916 0.617250
vt 0.749064 0.180897
vt 0.774549 0.180897
vt 0.358763 0.754020
vt 0.358605 0.761786
vt 0.785916 0.606267
vt 0.760437 0.606267
vt 0.749064 0.191340
vt 0.774549 0.191340
vt 0.358887 0.744888
vt 0.749064 0.200918
vt 0.774549 0.200918
vt 0.358972 0.734742
vt 0.749064 0.209265
vt 0.774549 0.209265
vt 0.359015 0.723970
vt 0.333535 0.723970
vt 0.441750 0.790840
vt 0.441750 0.800419
vt 0.416264 0.800419
vt 0.416264 0.790840
vt 0.359015 0.712987
vt 0.333535 0.712987
vt 0.441750 0.780397
vt 0.416264 0.780397
vt 0.358972 0.702215
vt 0.333492 0.702215
vt 0.441750 0.769491
vt 0.416264 0.769491
vt 0.358887 0.692069
vt 0.333407 0.692069
vt 0.441750 0.758542
vt 0.416264 0.758542
vt 0.358763 0.682937
vt 0.333283 0.682937
vt 0.441750 0.747969
vt 0.416264 0.747969
vt 0.358605 0.675171
vt 0.333125 0.675171
vt 0.441750 0.738180
vt 0.416264 0.738180
vt 0.749064 0.138680
vt 0.749064 0.130050
vt 0.774549 0.130050
vt 0.774549 0.138680
vt 0.441750 0.729551
vt 0.416264 0.729551
vt 0.658994 0.361554
vt 0.549627 0.511889
vt 0.547485 0.501117
vt 0.597748 0.551381
vt 0.586976 0.549238
vt 0.658994 0.372537
vt 0.333150 0.688311
vt 0.312804 0.688311
vt 0.312937 0.682937
vt 0.656852 0.383309
vt 0.619503 0.549238
vt 0.608731 0.551381
vt 0.652649 0.393455
vt 0.739954 0.585349
vt 0.739821 0.576217
vt 0.646547 0.402587
vt 0.638781 0.538933
vt 0.629649 0.545035
vt 0.638781 0.410353
vt 0.739821 0.647300
vt 0.739954 0.638169
vt 0.629649 0.416455
vt 0.652649 0.522035
vt 0.646547 0.531167
vt 0.619503 0.420658
vt 0.894535 0.422914
vt 0.886784 0.423027
vt 0.886784 0.402681
vt 0.894535 0.402569
vt 0.608731 0.422800
vt 0.658994 0.501117
vt 0.656852 0.511889
vt 0.597748 0.422800
vt 0.321052 0.887365
vt 0.312779 0.887365
vt 0.312779 0.867015
vt 0.321052 0.867015
vt 0.586976 0.420658
vt 0.547485 0.372537
vt 0.656852 0.479362
vt 0.658994 0.490134
vt 0.576830 0.416455
vt 0.547485 0.361554
vt 0.896894 0.150400
vt 0.889135 0.150400
vt 0.889135 0.130050
vt 0.896894 0.130050
vt 0.567698 0.410353
vt 0.549627 0.350782
vt 0.646547 0.460084
vt 0.652649 0.469216
vt 0.938963 0.412721
vt 0.938963 0.403399
vt 0.947393 0.402569
vt 0.947393 0.413551
vt 0.946456 0.060104
vt 0.946456 0.069426
vt 0.938026 0.070256
vt 0.938026 0.059273
vt 0.189252 0.964055
vt 0.189252 0.954733
vt 0.197682 0.953903
vt 0.197682 0.964885
vt 0.465304 0.956109
vt 0.465304 0.965432
vt 0.456873 0.966262
vt 0.456873 0.955279
vt 0.952207 0.825155
vt 0.952207 0.815833
vt 0.960637 0.815003
vt 0.960637 0.825986
vt 0.948891 0.227166
vt 0.948891 0.236488
vt 0.940460 0.237318
vt 0.940460 0.226335
vt 0.937882 0.952833
vt 0.937882 0.962155
vt 0.929452 0.962985
vt 0.929452 0.952003
vt 0.888044 0.952882
vt 0.888044 0.962204
vt 0.879614 0.963034
vt 0.879614 0.952051
vt 0.966380 0.569281
vt 0.966380 0.578603
vt 0.957949 0.579434
vt 0.957949 0.568451
vt 0.963383 0.952833
vt 0.963383 0.962155
vt 0.954952 0.962986
vt 0.954952 0.952003
vt 0.851645 0.963127
vt 0.851645 0.953805
vt 0.860075 0.952974
vt 0.860075 0.963957
vt 0.955671 0.905693
vt 0.955671 0.896371
vt 0.964102 0.895541
vt 0.964102 0.906524
vt 0.941321 0.140203
vt 0.941321 0.130881
vt 0.949752 0.130050
vt 0.949752 0.141033
vt 0.939237 0.540051
vt 0.939237 0.530729
vt 0.947667 0.529899
vt 0.947667 0.540882
vt 0.955671 0.933924
vt 0.955671 0.924602
vt 0.964102 0.923772
vt 0.964102 0.934754
vt 0.964691 0.858951
vt 0.964691 0.868273
vt 0.956261 0.869103
vt 0.956261 0.858121
vt 0.046893 0.849425
vt 0.037571 0.849425
vt 0.037571 0.829080
vt 0.046893 0.829080
vt 0.313190 0.723970
vt 0.313190 0.712987
vt 0.016808 0.886845
vt 0.008535 0.886845
vt 0.008535 0.866496
vt 0.016808 0.866496
vt 0.912971 0.878470
vt 0.905833 0.878470
vt 0.905833 0.858121
vt 0.912971 0.858121
vt 0.171645 0.871032
vt 0.163032 0.871104
vt 0.163032 0.850759
vt 0.171645 0.850686
vt 0.233030 0.851311
vt 0.223736 0.851311
vt 0.223736 0.830961
vt 0.233030 0.830961
vt 0.313146 0.702215
vt 0.313061 0.692069
vt 0.901234 0.201221
vt 0.893763 0.201134
vt 0.893763 0.180789
vt 0.901234 0.180876
vt 0.719415 0.544382
vt 0.712823 0.544516
vt 0.712823 0.524170
vt 0.719415 0.524036
vt 0.684446 0.861400
vt 0.675582 0.861400
vt 0.675582 0.841050
vt 0.684446 0.841050
vt 0.880393 0.704319
vt 0.871962 0.704302
vt 0.871962 0.683956
vt 0.880393 0.683973
vt 0.834574 0.916015
vt 0.828026 0.915899
vt 0.828026 0.895553
vt 0.834574 0.895670
vt 0.312779 0.675171
vt 0.633260 0.882132
vt 0.624951 0.882132
vt 0.624951 0.861782
vt 0.633260 0.861782
vt 0.206492 0.833616
vt 0.199408 0.833616
vt 0.199408 0.813266
vt 0.206492 0.813266
vt 0.825162 0.382399
vt 0.825162 0.362054
vt 0.723230 0.890743
vt 0.715124 0.890693
vt 0.715124 0.870347
vt 0.723230 0.870397
vt 0.794899 0.138680
vt 0.794899 0.148469
vt 0.581868 0.882132
vt 0.573528 0.882132
vt 0.573528 0.861782
vt 0.581868 0.861782
vt 0.193297 0.833616
vt 0.193297 0.813266
vt 0.374492 0.898360
vt 0.366734 0.898360
vt 0.366734 0.878010
vt 0.374492 0.878010
vt 0.854892 0.741726
vt 0.846028 0.741726
vt 0.846028 0.721376
vt 0.854892 0.721376
vt 0.794899 0.159041
vt 0.794899 0.169991
vt 0.257019 0.888780
vt 0.248913 0.888726
vt 0.248913 0.868381
vt 0.257019 0.868435
vt 0.904934 0.741799
vt 0.897463 0.741880
vt 0.897463 0.721534
vt 0.904934 0.721453
vt 0.259394 0.851311
vt 0.250100 0.851311
vt 0.250100 0.830961
vt 0.259394 0.830961
vt 0.706275 0.544407
vt 0.706275 0.524061
vt 0.794899 0.180897
vt 0.794899 0.191340
vt 0.888937 0.639535
vt 0.880831 0.639585
vt 0.880831 0.619239
vt 0.888937 0.619189
vt 0.893587 0.331640
vt 0.885696 0.331640
vt 0.885696 0.311290
vt 0.893587 0.311290
vt 0.518645 0.882768
vt 0.510336 0.882768
vt 0.510336 0.862418
vt 0.518645 0.862418
vt 0.914659 0.588801
vt 0.907522 0.588801
vt 0.907522 0.568451
vt 0.914659 0.568451
vt 0.891397 0.788341
vt 0.883506 0.788341
vt 0.883506 0.767991
vt 0.891397 0.767991
vt 0.794899 0.200918
vt 0.794899 0.209265
vt 0.810956 0.878466
vt 0.802525 0.878484
vt 0.802525 0.858139
vt 0.810956 0.858121
vt 0.658453 0.915525
vt 0.651506 0.915525
vt 0.651506 0.895176
vt 0.658453 0.895176
vt 0.893630 0.510965
vt 0.885878 0.510852
vt 0.885878 0.490507
vt 0.893630 0.490620
vt 0.395914 0.790840
vt 0.395914 0.780397
vt 0.876693 0.201139
vt 0.868224 0.201139
vt 0.868224 0.180789
vt 0.876693 0.180789
vt 0.876915 0.382379
vt 0.868446 0.382379
vt 0.868446 0.362029
vt 0.876915 0.362029
vt 0.724267 0.853277
vt 0.715124 0.853238
vt 0.715124 0.832893
vt 0.724267 0.832932
vt 0.880393 0.741735
vt 0.871963 0.741751
vt 0.871963 0.721406
vt 0.880393 0.721389
vt 0.395914 0.769491
vt 0.395914 0.758542
vt 0.901456 0.382374
vt 0.893985 0.382461
vt 0.893985 0.362116
vt 0.901456 0.362029
vt 0.809074 0.915899
vt 0.802525 0.916016
vt 0.802525 0.895671
vt 0.809074 0.895554
vt 0.752546 0.853238
vt 0.743403 0.853277
vt 0.743403 0.832932
vt 0.752546 0.832893
vt 0.395914 0.747969
vt 0.395914 0.738180
vt 0.740092 0.606267
vt 0.740045 0.595495
vt 0.873637 0.500000
vt 0.843750 0.500000
vt 0.843750 1.000000
vt 0.873637 1.000000
vt 0.812500 0.500000
vt 0.812500 1.000000
vt 0.781250 0.500000
vt 0.781250 1.000000
vt 0.750000 0.500000
vt 0.750000 1.000000
vt 0.718750 0.500000
vt 0.718750 1.000000
vt 0.687500 0.500000
vt 0.687500 1.000000
vt 0.656250 0.500000
vt 0.656250 1.000000
vt 0.626363 0.500000
vt 0.626363 1.000000
vt 0.373637 0.500000
vt 0.343750 0.500000
vt 0.343750 1.000000
vt 0.373637 1.000000
vt 0.312500 0.500000
vt 0.312500 1.000000
vt 0.281250 0.500000
vt 0.281250 1.000000
vt 0.250000 0.500000
vt 0.250000 1.000000
vt 0.218750 0.500000
vt 0.218750 1.000000
vt 0.187500 0.500000
vt 0.187500 1.000000
vt 0.156250 0.500000
vt 0.156250 1.000000
vt 0.126363 1.000000
vt 0.126363 0.500000
vt 0.750000 0.079278
vt 0.921007 0.081880
vt 0.949553 0.116663
vt 0.971731 0.158156
vt 0.985388 0.203178
vt 0.990000 0.250000
vt 0.985388 0.296822
vt 0.971731 0.341844
vt 0.949553 0.383337
vt 0.921007 0.418120
vt 0.750000 0.420722
vt 0.578993 0.418120
vt 0.550447 0.383337
vt 0.528269 0.341844
vt 0.514612 0.296822
vt 0.510000 0.250000
vt 0.514612 0.203178
vt 0.528269 0.158156
vt 0.550447 0.116663
vt 0.578993 0.081880
vt 0.250000 0.490000
vt 0.296822 0.485388
vt 0.341844 0.471731
vt 0.383337 0.449553
vt 0.419706 0.419706
vt 0.449553 0.383337
vt 0.471731 0.341844
vt 0.485388 0.296822
vt 0.490000 0.250000
vt 0.485388 0.203178
vt 0.471731 0.158156
vt 0.449553 0.116663
vt 0.419706 0.080294
vt 0.383337 0.050447
vt 0.341844 0.028269
vt 0.296822 0.014612
vt 0.250000 0.010000
vt 0.203178 0.014612
vt 0.158156 0.028269
vt 0.116663 0.050447
vt 0.080294 0.080294
vt 0.050447 0.116663
vt 0.028269 0.158156
vt 0.014612 0.203178
vt 0.010000 0.250000
vt 0.014612 0.296822
vt 0.028269 0.341844
vt 0.050447 0.383337
vt 0.080294 0.419706
vt 0.116663 0.449553
vt 0.158156 0.471731
vt 0.203178 0.485388
vt 0.500000 1.000000
vt 0.468750 1.000000
vt 0.906250 1.000000
vt 0.875000 1.000000
vt 0.593750 1.000000
vt 0.625000 1.000000
vt 0.031250 1.000000
vt 0.062500 1.000000
vt 0.437500 1.000000
vt 0.562500 1.000000
vt 1.000000 1.000000
vt 0.968750 1.000000
vt 0.000000 1.000000
vt 0.406250 1.000000
vt 0.125000 1.000000
vt 0.531250 1.000000
vt 0.937500 1.000000
vt 0.375000 1.000000
vt 0.093750 1.000000
vt 0.373637 1.000000
s 0
usemtl Material.008
f 959/1866/297 960/1867/297 962/1868/297 961/1869/297
f 961/1869/298 962/1868/298 964/1870/298 963/1871/298
f 963/1871/299 964/1870/299 966/1872/299 965/1873/299
f 965/1873/300 966/1872/300 968/1874/300 967/1875/300
f 967/1876/301 968/1877/301 971/1878/301 969/1879/301
f 969/1879/302 971/1878/302 975/1880/302 973/1881/302
f 973/1881/303 975/1880/303 979/1882/303 977/1883/303
f 977/1883/304 979/1882/304 983/1884/304 981/1885/304
f 981/1885/305 983/1884/305 987/1886/305 985/1887/305
f 985/1887/306 987/1886/306 991/1888/306 989/1889/306
f 989/1889/307 991/1888/307 995/1890/307 994/1891/307
f 994/1891/308 995/1890/308 998/1892/308 997/1893/308
f 997/1893/309 998/1892/309 1000/1894/309 999/1895/309
f 999/1896/310 1000/1897/310 1002/1898/310 1001/1899/310
f 1001/1899/311 1002/1898/311 1004/1900/311 1003/1901/311
f 1003/1901/312 1004/1900/312 1006/1902/312 1005/1903/312
f 1005/1903/313 1006/1902/313 1008/1904/313 1007/1905/313
f 1007/1905/314 1008/1904/314 1010/1906/314 1009/1907/314
f 1009/1907/315 1010/1906/315 1012/1908/315 1011/1909/315
f 1011/1909/316 1012/1908/316 1014/1910/316 1013/1911/316
f 1013/1911/317 1014/1910/317 1017/1912/317 1015/1913/317
f 1015/1914/318 1017/1915/318 1022/1916/318 1019/1917/318
f 1019/1917/319 1022/1916/319 1025/1918/319 1023/1919/319
f 1023/1919/320 1025/1918/320 1029/1920/320 1027/1921/320
f 1027/1921/321 1029/1920/321 1033/1922/321 1031/1923/321
f 1031/1923/322 1033/1922/322 1037/1924/322 1035/1925/322
f 1035/1925/323 1037/1924/323 1041/1926/323 1040/1927/323
f 1040/1927/324 1041/1926/324 1044/1928/324 1043/1929/324
f 1043/1930/325 1044/1931/325 1046/1932/325 1045/1933/325
f 1045/1933/326 1046/1932/326 1048/1934/326 1047/1935/326
f 968/1874/327 966/1872/327 1058/1936/327 1059/1937/327
f 1047/1935/328 1048/1934/328 1050/1938/328 1049/1939/328
f 1049/1939/329 1050/1938/329 960/1867/329 959/1866/329
f 1049/1940/330 959/1941/330 961/1942/330 963/1943/330 965/1944/330 967/1945/330 969/1946/330 973/1947/330 977/1948/330 981/1949/330 985/1950/330 989/1951/330 994/1952/330 997/1953/330 999/1954/330 1001/1955/330 1003/1956/330 1005/1957/330 1007/1958/330 1009/1959/330 1011/1960/330 1013/1961/330 1015/1962/330 1019/1963/330 1023/1964/330 1027/1965/330 1031/1966/330 1035/1967/330 1040/1968/330 1043/1969/330 1045/1970/330 1047/1971/330
f 1097/1972/319 1096/1973/319 1137/1974/319 1138/1975/319
f 1000/1894/331 998/1892/331 1076/1976/331 1078/1977/331
f 1022/1916/332 1017/1915/332 1093/1978/332 1096/1973/332
f 1050/1938/333 1048/1934/333 1111/1979/333 1113/1980/333
f 987/1886/334 983/1884/334 1067/1981/334 1070/1982/334
f 1010/1906/335 1008/1904/335 1086/1983/335 1088/1984/335
f 1041/1926/336 1037/1924/336 1103/1985/336 1105/1986/336
f 971/1878/337 968/1877/337 1059/1987/337 1062/1988/337
f 1002/1898/338 1000/1897/338 1078/1989/338 1080/1990/338
f 1025/1918/339 1022/1916/339 1096/1973/339 1097/1972/339
f 962/1868/340 960/1867/340 1053/1991/340 1051/1992/340
f 960/1867/341 1050/1938/341 1113/1980/341 1053/1991/341
f 991/1888/342 987/1886/342 1070/1982/342 1071/1993/342
f 1012/1908/343 1010/1906/343 1088/1984/343 1090/1994/343
f 1044/1928/344 1041/1926/344 1105/1986/344 1107/1995/344
f 975/1880/345 971/1878/345 1062/1988/345 1063/1996/345
f 1004/1900/346 1002/1898/346 1080/1990/346 1082/1997/346
f 1029/1920/347 1025/1918/347 1097/1972/347 1099/1998/347
f 964/1870/348 962/1868/348 1051/1992/348 1056/1999/348
f 995/1890/349 991/1888/349 1071/1993/349 1074/2000/349
f 1014/1910/350 1012/1908/350 1090/1994/350 1092/2001/350
f 1046/1932/351 1044/1931/351 1107/2002/351 1109/2003/351
f 979/1882/352 975/1880/352 1063/1996/352 1065/2004/352
f 1006/1902/353 1004/1900/353 1082/1997/353 1084/2005/353
f 1033/1922/354 1029/1920/354 1099/1998/354 1101/2006/354
f 966/1872/355 964/1870/355 1056/1999/355 1058/1936/355
f 998/1892/356 995/1890/356 1074/2000/356 1076/1976/356
f 1017/1912/357 1014/1910/357 1092/2001/357 1093/2007/357
f 1048/1934/358 1046/1932/358 1109/2003/358 1111/1979/358
f 983/1884/359 979/1882/359 1065/2004/359 1067/1981/359
f 1008/1904/360 1006/1902/360 1084/2005/360 1086/1983/360
f 1037/1924/361 1033/1922/361 1101/2006/361 1103/1985/361
f 1141/2008/362 1140/2009/362 1172/2010/362 1173/2011/362
f 1071/1993/306 1070/1982/306 1124/2012/306 1125/2013/306
f 1099/1998/320 1097/1972/320 1138/1975/320 1139/2014/320
f 1074/2000/307 1071/1993/307 1125/2013/307 1126/2015/307
f 1101/2006/321 1099/1998/321 1139/2014/321 1140/2016/321
f 1076/1976/308 1074/2000/308 1126/2015/308 1127/2017/308
f 1103/1985/322 1101/2006/322 1140/2016/322 1141/2018/322
f 1078/1977/309 1076/1976/309 1127/2017/309 1128/2019/309
f 1105/1986/323 1103/1985/323 1141/2018/323 1142/2020/323
f 1080/1990/310 1078/1989/310 1128/2021/310 1129/2022/310
f 1116/2023/297 1115/2024/297 1051/1992/297 1053/1991/297 1342/2025/297 1345/2026/297 1344/2027/297 1346/2028/297 1347/2029/297 1341/2030/297 1343/2031/297 1339/2032/297 1340/2032/297
f 1107/1995/324 1105/1986/324 1142/2020/324 1143/2033/324
f 1082/1997/311 1080/1990/311 1129/2022/311 1130/2034/311
f 1056/1999/298 1051/1992/298 1115/2024/298 1117/2035/298
f 1109/2003/325 1107/2002/325 1143/2036/325 1144/2037/325
f 1084/2005/312 1082/1997/312 1130/2034/312 1131/2038/312 1354/2039/312 1353/2039/312 1356/2040/312 1355/2041/312 1348/2042/312 1351/2043/312 1349/2044/312 1350/2045/312 1352/2046/312
f 1058/1936/299 1056/1999/299 1117/2035/299 1118/2047/299
f 1111/1979/326 1109/2003/326 1144/2037/326 1145/2048/326
f 1131/2038/313 1132/2049/313 1086/1983/313 1084/2005/313 1352/2046/313 1361/2050/313 1360/2051/313 1359/2052/313 1362/2053/313 1357/2054/313 1358/2055/313 1354/2056/313
f 1059/1937/300 1058/1936/300 1118/2047/300 1119/2057/300
f 1113/1980/328 1111/1979/328 1145/2048/328 1146/2058/328
f 1088/1984/314 1086/1983/314 1132/2049/314 1133/2059/314
f 1062/1988/301 1059/1987/301 1119/2060/301 1120/2061/301
f 1053/1991/329 1113/1980/329 1146/2058/329 1116/2023/329 1340/2032/329 1368/2062/329 1367/2063/329 1366/2064/329 1363/2065/329 1364/2066/329 1365/2067/329 1342/2025/329
f 1090/1994/315 1088/1984/315 1133/2059/315 1134/2068/315
f 1063/1996/302 1062/1988/302 1120/2061/302 1121/2069/302
f 1092/2001/316 1090/1994/316 1134/2068/316 1135/2070/316
f 1065/2004/303 1063/1996/303 1121/2069/303 1122/2071/303
f 1093/1978/317 1092/2072/317 1135/2073/317 1136/2074/317
f 1067/1981/304 1065/2004/304 1122/2071/304 1123/2075/304
f 1096/1973/318 1093/1978/318 1136/2074/318 1137/1974/318
f 1070/1982/305 1067/1981/305 1123/2075/305 1124/2012/305
f 1202/2076/363 1266/2077/363 1318/2078/363 1297/2079/363
f 1128/2080/364 1127/2081/364 1159/2082/364 1160/2083/364
f 1142/2084/365 1141/2008/365 1173/2011/365 1174/2085/365
f 1129/2086/366 1128/2080/366 1160/2083/366 1161/2087/366
f 1115/2088/367 1116/2089/367 1148/2090/367 1147/2091/367
f 1143/2092/368 1142/2084/368 1174/2085/368 1175/2093/368
f 1130/2094/369 1129/2086/369 1161/2087/369 1162/2095/369
f 1117/2096/370 1115/2088/370 1147/2091/370 1149/2097/370
f 1144/2098/371 1143/2092/371 1175/2093/371 1176/2099/371
f 1131/2100/372 1130/2094/372 1162/2095/372 1163/2101/372
f 1118/2102/373 1117/2096/373 1149/2097/373 1150/2103/373
f 1145/2104/374 1144/2098/374 1176/2099/374 1177/2105/374
f 1132/2106/375 1131/2100/375 1163/2101/375 1164/2107/375
f 1119/2108/376 1118/2102/376 1150/2103/376 1151/2109/376
f 1146/2110/377 1145/2104/377 1177/2105/377 1178/2111/377
f 1133/2112/378 1132/2106/378 1164/2107/378 1165/2113/378
f 1120/2114/379 1119/2108/379 1151/2109/379 1152/2115/379
f 1116/2089/380 1146/2110/380 1178/2111/380 1148/2090/380
f 1134/2116/381 1133/2112/381 1165/2113/381 1166/2117/381
f 1121/2118/382 1120/2114/382 1152/2115/382 1153/2119/382
f 1135/2120/383 1134/2116/383 1166/2117/383 1167/2121/383
f 1122/2122/384 1121/2118/384 1153/2119/384 1154/2123/384
f 1136/2124/385 1135/2120/385 1167/2121/385 1168/2125/385
f 1123/2126/386 1122/2122/386 1154/2123/386 1155/2127/386
f 1137/2128/387 1136/2124/387 1168/2125/387 1169/2129/387
f 1124/2130/388 1123/2126/388 1155/2127/388 1156/2131/388
f 1138/2132/389 1137/2128/389 1169/2129/389 1170/2133/389
f 1125/2134/390 1124/2130/390 1156/2131/390 1157/2135/390
f 1139/2136/391 1138/2132/391 1170/2133/391 1171/2137/391
f 1126/2138/392 1125/2134/392 1157/2135/392 1158/2139/392
f 1140/2009/393 1139/2136/393 1171/2137/393 1172/2010/393
f 1127/2081/394 1126/2138/394 1158/2139/394 1159/2082/394
f 1199/2140/395 1198/2141/395 1197/2142/395 1196/2143/395 1195/2144/395 1194/2145/395 1193/2146/395 1192/2147/395 1191/2148/395 1190/2149/395 1189/2150/395 1188/2151/395 1187/2152/395 1186/2153/395 1185/2154/395 1184/2155/395 1183/2156/395 1182/2157/395 1181/2158/395 1179/2159/395 1180/2160/395 1210/2161/395 1209/2162/395 1208/2163/395 1207/2164/395 1206/2165/395 1205/2166/395 1204/2167/395 1203/2168/395 1202/2169/395 1201/2170/395 1200/2171/395
f 1257/2172/396 1193/2173/396 1290/2174/396 1335/2175/396
f 1163/2101/330 1162/2095/330 1226/2176/330 1227/2177/330
f 1182/2157/395 1183/2156/395 1247/2178/395 1246/2179/395
f 1208/2163/395 1209/2162/395 1273/2180/395 1272/2181/395
f 1162/2095/330 1161/2087/330 1225/2182/330 1226/2176/330
f 1250/2183/303 1249/2184/303 1327/2185/303 1326/2186/303
f 1201/2187/303 1202/2188/303 1297/2189/303 1298/2190/303
f 1161/2087/330 1160/2083/330 1224/2191/330 1225/2182/330
f 1179/2159/395 1181/2158/395 1245/2192/395 1243/2193/395
f 1206/2165/395 1207/2164/395 1271/2194/395 1270/2195/395
f 1160/2083/330 1159/2082/330 1223/2196/330 1224/2191/330
f 1267/2197/397 1203/2198/397 1300/2199/397 1317/2200/397
f 1192/2201/398 1256/2202/398 1332/2203/398 1287/2204/398
f 1159/2082/330 1158/2139/330 1222/2205/330 1223/2196/330
f 1204/2167/395 1205/2166/395 1269/2206/395 1268/2207/395
f 1158/2139/330 1157/2135/330 1221/2208/330 1222/2205/330
f 1248/2209/301 1247/2210/301 1325/2211/301 1324/2212/301
f 1157/2135/330 1156/2131/330 1220/2213/330 1221/2208/330
f 1202/2169/395 1203/2168/395 1267/2214/395 1266/2215/395
f 1156/2131/330 1155/2127/330 1219/2216/330 1220/2213/330
f 1274/2217/328 1273/2218/328 1307/2219/328 1338/2220/328
f 1155/2127/330 1154/2123/330 1218/2221/330 1219/2216/330
f 1200/2171/395 1201/2170/395 1265/2222/395 1264/2223/395
f 1154/2123/330 1153/2119/330 1217/2224/330 1218/2221/330
f 1199/2225/301 1200/2226/301 1295/2227/301 1296/2228/301
f 1153/2119/330 1152/2115/330 1216/2229/330 1217/2224/330
f 1148/2090/330 1178/2111/330 1242/2230/330 1212/2231/330
f 1198/2141/395 1199/2140/395 1263/2232/395 1262/2233/395
f 1152/2115/330 1151/2109/330 1215/2234/330 1216/2229/330
f 1178/2111/330 1177/2105/330 1241/2235/330 1242/2230/330
f 1204/2236/399 1268/2237/399 1316/2238/399 1299/2239/399
f 1213/2240/298 1211/2241/298 1243/2242/298 1245/2243/298
f 1240/2244/325 1239/2245/325 1271/2246/325 1272/2247/325
f 1227/2248/312 1226/2249/312 1258/2250/312 1259/2251/312
f 1214/2252/299 1213/2240/299 1245/2243/299 1246/2253/299
f 1241/2254/326 1240/2244/326 1272/2247/326 1273/2218/326
f 1228/2255/313 1227/2248/313 1259/2251/313 1260/2256/313
f 1215/2257/300 1214/2252/300 1246/2253/300 1247/2258/300
f 1242/2259/328 1241/2254/328 1273/2218/328 1274/2217/328
f 1229/2260/314 1228/2255/314 1260/2256/314 1261/2261/314
f 1216/2262/301 1215/2263/301 1247/2210/301 1248/2209/301
f 1212/2264/329 1242/2259/329 1274/2217/329 1244/2265/329
f 1230/2266/315 1229/2260/315 1261/2261/315 1262/2267/315
f 1217/2268/302 1216/2262/302 1248/2209/302 1249/2184/302
f 1231/2269/316 1230/2266/316 1262/2267/316 1263/2270/316
f 1218/2271/303 1217/2268/303 1249/2184/303 1250/2183/303
f 1232/2272/317 1231/2269/317 1263/2270/317 1264/2273/317
f 1219/2274/304 1218/2271/304 1250/2183/304 1251/2275/304
f 1233/2276/318 1232/2277/318 1264/2278/318 1265/2279/318
f 1220/2280/305 1219/2274/305 1251/2275/305 1252/2281/305
f 1234/2282/319 1233/2276/319 1265/2279/319 1266/2283/319
f 1221/2284/306 1220/2280/306 1252/2281/306 1253/2285/306
f 1235/2286/320 1234/2282/320 1266/2283/320 1267/2287/320
f 1222/2288/307 1221/2284/307 1253/2285/307 1254/2289/307
f 1236/2290/321 1235/2286/321 1267/2287/321 1268/2291/321
f 1223/2292/308 1222/2288/308 1254/2289/308 1255/2293/308
f 1237/2294/322 1236/2290/322 1268/2291/322 1269/2295/322
f 1224/2296/309 1223/2292/309 1255/2293/309 1256/2297/309
f 1238/2298/323 1237/2294/323 1269/2295/323 1270/2299/323
f 1225/2300/310 1224/2301/310 1256/2302/310 1257/2303/310
f 1211/2241/297 1212/2264/297 1244/2265/297 1243/2242/297
f 1239/2304/324 1238/2298/324 1270/2299/324 1271/2305/324
f 1226/2249/311 1225/2300/311 1257/2303/311 1258/2250/311
f 1164/2107/330 1163/2101/330 1227/2177/330 1228/2306/330
f 1210/2161/395 1180/2160/395 1244/2307/395 1274/2308/395
f 1184/2155/395 1185/2154/395 1249/2309/395 1248/2310/395
f 1165/2113/330 1164/2107/330 1228/2306/330 1229/2311/330
f 1255/2293/400 1191/2312/400 1288/2313/400 1333/2314/400
f 1166/2117/330 1165/2113/330 1229/2311/330 1230/2315/330
f 1186/2153/395 1187/2152/395 1251/2316/395 1250/2317/395
f 1167/2121/330 1166/2117/330 1230/2315/330 1231/2318/330
f 1246/2253/299 1245/2243/299 1310/2319/299 1308/2320/299
f 1168/2125/330 1167/2121/330 1231/2318/330 1232/2321/330
f 1188/2151/395 1189/2150/395 1253/2322/395 1252/2323/395
f 1169/2129/330 1168/2125/330 1232/2321/330 1233/2324/330
f 1272/2247/325 1271/2246/325 1311/2325/325 1309/2326/325
f 1170/2133/330 1169/2129/330 1233/2324/330 1234/2327/330
f 1190/2149/395 1191/2148/395 1255/2328/395 1254/2329/395
f 1171/2137/330 1170/2133/330 1234/2327/330 1235/2330/330
f 1197/2331/299 1198/2332/299 1293/2333/299 1294/2334/299
f 1172/2010/330 1171/2137/330 1235/2330/330 1236/2335/330
f 1192/2147/395 1193/2146/395 1257/2336/395 1256/2337/395
f 1173/2011/330 1172/2010/330 1236/2335/330 1237/2338/330
f 1269/2339/401 1205/2340/401 1302/2341/401 1315/2342/401
f 1174/2085/330 1173/2011/330 1237/2338/330 1238/2343/330
f 1147/2091/330 1148/2090/330 1212/2231/330 1211/2344/330
f 1194/2145/395 1195/2144/395 1259/2345/395 1258/2346/395
f 1175/2093/330 1174/2085/330 1238/2343/330 1239/2347/330
f 1149/2097/330 1147/2091/330 1211/2344/330 1213/2348/330
f 1190/2349/402 1254/2350/402 1330/2351/402 1285/2352/402
f 1176/2099/330 1175/2093/330 1239/2347/330 1240/2353/330
f 1150/2103/330 1149/2097/330 1213/2348/330 1214/2354/330
f 1196/2143/395 1197/2142/395 1261/2355/395 1260/2356/395
f 1177/2105/330 1176/2099/330 1240/2353/330 1241/2235/330
f 1151/2109/330 1150/2103/330 1214/2354/330 1215/2234/330
f 1280/2357/395 1279/2358/395 1324/2359/395 1325/2360/395
f 1306/2361/395 1305/2362/395 1338/2363/395 1307/2364/395
f 1278/2365/395 1277/2366/395 1308/2367/395 1310/2368/395
f 1304/2369/395 1303/2370/395 1309/2371/395 1311/2372/395
f 1276/2373/395 1275/2374/395 1313/2375/395 1312/2376/395
f 1302/2377/395 1301/2378/395 1314/2379/395 1315/2380/395
f 1300/2381/395 1299/2382/395 1316/2383/395 1317/2384/395
f 1298/2385/395 1297/2386/395 1318/2387/395 1319/2388/395
f 1296/2389/395 1295/2390/395 1320/2391/395 1321/2392/395
f 1294/2393/395 1293/2394/395 1323/2395/395 1322/2396/395
f 1282/2397/395 1281/2398/395 1326/2399/395 1327/2400/395
f 1284/2401/395 1283/2402/395 1328/2403/395 1329/2404/395
f 1286/2405/395 1285/2406/395 1330/2407/395 1331/2408/395
f 1288/2409/395 1287/2410/395 1332/2411/395 1333/2412/395
f 1290/2413/395 1289/2414/395 1334/2415/395 1335/2416/395
f 1292/2417/395 1291/2418/395 1336/2419/395 1337/2420/395
f 1203/2421/305 1204/2422/305 1299/2423/305 1300/2424/305
f 1252/2281/305 1251/2275/305 1329/2425/305 1328/2426/305
f 1194/2427/403 1258/2428/403 1334/2429/403 1289/2430/403
f 1265/2431/404 1201/2432/404 1298/2433/404 1319/2434/404
f 1205/2435/307 1206/2436/307 1301/2437/307 1302/2438/307
f 1180/2439/313 1179/2440/313 1275/2441/313 1276/2442/313
f 1254/2289/307 1253/2285/307 1331/2443/307 1330/2444/307
f 1200/2445/405 1264/2446/405 1320/2447/405 1295/2448/405
f 1207/2449/309 1208/2450/309 1303/2451/309 1304/2452/309
f 1181/2453/315 1182/2454/315 1277/2455/315 1278/2456/315
f 1259/2457/406 1195/2458/406 1292/2459/406 1337/2460/406
f 1247/2461/407 1183/2462/407 1280/2463/407 1325/2464/407
f 1256/2297/309 1255/2293/309 1333/2314/309 1332/2465/309
f 1209/2466/311 1210/2467/311 1305/2468/311 1306/2469/311
f 1183/2470/317 1184/2471/317 1279/2472/317 1280/2473/317
f 1263/2474/408 1199/2225/408 1296/2228/408 1321/2475/408
f 1210/2476/409 1274/2477/409 1338/2478/409 1305/2479/409
f 1258/2250/311 1257/2303/311 1335/2480/311 1334/2481/311
f 1196/2482/410 1260/2483/410 1336/2484/410 1291/2485/410
f 1184/2471/411 1248/2486/411 1324/2487/411 1279/2472/411
f 1273/2488/412 1209/2489/412 1306/2490/412 1307/2491/412
f 1185/2492/319 1186/2493/319 1281/2494/319 1282/2495/319
f 1260/2256/313 1259/2251/313 1337/2496/313 1336/2497/313
f 1249/2498/413 1185/2499/413 1282/2500/413 1327/2501/413
f 1182/2502/414 1246/2503/414 1308/2504/414 1277/2505/414
f 1187/2506/321 1188/2507/321 1283/2508/321 1284/2509/321
f 1208/2450/415 1272/2510/415 1309/2511/415 1303/2451/415
f 1262/2267/315 1261/2261/315 1322/2512/315 1323/2513/315
f 1261/2514/416 1197/2515/416 1294/2516/416 1322/2517/416
f 1186/2518/417 1250/2519/417 1326/2520/417 1281/2521/417
f 1189/2522/323 1190/2523/323 1285/2524/323 1286/2525/323
f 1198/2526/418 1262/2527/418 1323/2528/418 1293/2529/418
f 1245/2530/419 1181/2531/419 1278/2532/419 1310/2533/419
f 1264/2273/317 1263/2270/317 1321/2534/317 1320/2535/317
f 1251/2536/420 1187/2537/420 1284/2538/420 1329/2539/420
f 1271/2540/421 1207/2541/421 1304/2542/421 1311/2543/421
f 1191/2544/325 1192/2545/325 1287/2546/325 1288/2547/325
f 1266/2283/319 1265/2279/319 1319/2548/319 1318/2549/319
f 1188/2550/422 1252/2551/422 1328/2552/422 1283/2553/422
f 1244/2554/423 1180/2555/423 1276/2556/423 1312/2557/423
f 1193/2558/328 1194/2559/328 1289/2560/328 1290/2561/328
f 1179/2562/424 1243/2563/424 1313/2564/424 1275/2565/424
f 1268/2291/321 1267/2287/321 1317/2566/321 1316/2567/321
f 1253/2568/425 1189/2569/425 1286/2570/425 1331/2571/425
f 1206/2572/426 1270/2573/426 1314/2574/426 1301/2575/426
f 1195/2576/297 1196/2577/297 1291/2578/297 1292/2579/297
f 1270/2299/323 1269/2295/323 1315/2580/323 1314/2581/323
f 1243/2242/297 1244/2265/297 1312/2582/297 1313/2583/297
f 1345/2584/427 970/2585/427 972/2586/427 1344/2587/427
f 970/2585/428 974/2588/428 976/2589/428 972/2586/428
f 974/2588/429 978/2590/429 980/2591/429 976/2589/429
f 978/2590/430 982/2592/430 984/2593/430 980/2591/430
f 982/2592/431 986/2594/431 988/2595/431 984/2593/431
f 986/2594/432 990/2596/432 992/2597/432 988/2595/432
f 990/2596/433 993/2598/433 996/2599/433 992/2597/433
f 996/2599/434 993/2598/434 1350/2600/434 1349/2601/434
f 1361/2602/435 1016/2603/435 1018/2604/435 1360/2605/435
f 1016/2603/436 1020/2606/436 1021/2607/436 1018/2604/436
f 1020/2606/437 1024/2608/437 1026/2609/437 1021/2607/437
f 1024/2608/438 1028/2610/438 1030/2611/438 1026/2609/438
f 1028/2610/439 1032/2612/439 1034/2613/439 1030/2611/439
f 1032/2612/440 1036/2614/440 1038/2615/440 1034/2613/440
f 1036/2614/441 1039/2616/441 1042/2617/441 1038/2615/441
f 1364/2618/442 1042/2617/442 1039/2616/442 1365/2619/442
f 984/2593/443 1068/2593/443 1066/2591/443 980/2591/443
f 1352/2620/395 1350/2621/395 993/2622/395 990/2623/395 986/2624/395 982/2625/395 978/2626/395 974/2627/395 970/2628/395 1345/2629/395 1342/2630/395 1365/2631/395 1039/2632/395 1036/2633/395 1032/2634/395 1028/2635/395 1024/2636/395 1020/2637/395 1016/2638/395 1361/2639/395
f 1054/2640/330 1052/2641/330 1055/2642/330 1057/2643/330 1060/2644/330 1061/2645/330 1064/2646/330 1066/2647/330 1068/2648/330 1069/2649/330 1072/2650/330 1073/2651/330 1075/2652/330 1077/2653/330 1079/2654/330 1081/2655/330 1083/2656/330 1085/2657/330 1087/2658/330 1089/2659/330 1091/2660/330 1094/2661/330 1095/2662/330 1098/2663/330 1100/2664/330 1102/2665/330 1104/2666/330 1106/2667/330 1108/2668/330 1110/2669/330 1112/2670/330 1114/2671/330
f 1083/2672/444 1353/2672/444 1354/2672/444 1358/2673/444 1085/2673/444
f 1038/2615/445 1104/2615/445 1102/2613/445 1034/2613/445
f 1057/2674/446 1347/2674/446 1346/2675/446 1060/2675/446
f 1348/2676/447 1077/2676/447 1075/2677/447 1351/2677/447
f 1021/2607/448 1095/2607/448 1094/2604/448 1018/2604/448
f 1114/2678/449 1112/2679/449 1367/2679/449 1368/2678/449
f 988/2595/450 1069/2595/450 1068/2593/450 984/2593/450
f 1085/2673/451 1358/2673/451 1357/2680/451 1087/2680/451
f 1042/2617/452 1106/2617/452 1104/2615/452 1038/2615/452
f 972/2586/453 1061/2586/453 1060/2675/453 1346/2675/453 1344/2587/453
f 1355/2681/454 1079/2681/454 1077/2676/454 1348/2676/454
f 1026/2609/455 1098/2609/455 1095/2607/455 1021/2607/455
f 1054/2682/456 1339/2682/456 1343/2683/456 1052/2683/456
f 1340/2684/457 1339/2684/457 1054/2684/457 1114/2678/457 1368/2678/457
f 992/2597/458 1072/2597/458 1069/2595/458 988/2595/458
f 1087/2680/459 1357/2680/459 1362/2685/459 1089/2685/459
f 1108/2686/460 1106/2617/460 1042/2617/460 1364/2618/460 1363/2686/460
f 976/2589/461 1064/2589/461 1061/2586/461 972/2586/461
f 1356/2687/462 1081/2687/462 1079/2681/462 1355/2681/462
f 1030/2611/463 1100/2611/463 1098/2609/463 1026/2609/463
f 1052/2683/464 1343/2683/464 1341/2688/464 1055/2688/464
f 996/2599/465 1073/2599/465 1072/2597/465 992/2597/465
f 1089/2685/466 1362/2685/466 1359/2689/466 1091/2689/466
f 1110/2690/467 1108/2686/467 1363/2686/467 1366/2690/467
f 980/2591/468 1066/2591/468 1064/2589/468 976/2589/468
f 1353/2672/469 1083/2672/469 1081/2687/469 1356/2687/469
f 1034/2613/470 1102/2613/470 1100/2611/470 1030/2611/470
f 1055/2688/471 1341/2688/471 1347/2674/471 1057/2674/471
f 1351/2677/472 1075/2677/472 1073/2599/472 996/2599/472 1349/2601/472
f 1018/2604/473 1094/2604/473 1091/2689/473 1359/2689/473 1360/2691/473
f 1112/2679/474 1110/2690/474 1366/2690/474 1367/2679/474
o Cube
v -5.000000 0.000000 0.000000
v -5.000000 5.000000 0.000000
v -5.000000 0.000000 -4.000000
v -5.000000 5.000000 -4.000000
v 5.000000 0.000000 0.000000
v 5.000000 5.000000 0.000000
v 5.000000 0.000000 -4.000000
v 5.000000 5.000000 -4.000000
v 1.414213 0.000000 -3.944544
v -5.000000 0.000000 -3.000000
v 1.414213 3.000000 -3.944544
v 9.560659 0.000000 -3.060660
v 1.662939 0.000000 -3.527818
v 9.560659 2.000000 -3.060660
v -7.439340 0.000000 -3.060660
v 1.662939 3.000000 -3.527818
v -5.000000 0.000000 -2.000000
v 1.847759 0.000000 -3.052380
v 9.747204 0.000000 -2.833355
v 1.847759 3.000000 -3.052380
v 1.961570 0.000000 -2.536498
v 9.747204 2.000000 -2.833355
v -7.439340 2.000000 -3.060660
v 1.961570 3.000000 -2.536498
v 9.885818 0.000000 -2.574025
v 2.000000 0.000000 -2.000000
v 2.000000 3.000000 -2.000000
v -5.000000 0.000000 -1.000000
v 1.961570 0.000000 -1.463502
v -7.252795 0.000000 -2.833355
v 9.885818 2.000000 -2.574025
v 1.961570 3.000000 -1.463502
v 1.847759 0.000000 -0.947621
v 9.971178 0.000000 -2.292635
v -7.252795 2.000000 -2.833355
v 1.847759 3.000000 -0.947621
v 1.662939 0.000000 -0.472182
v -5.000000 5.000000 -1.000000
v 1.662939 3.000000 -0.472182
v 9.971178 2.000000 -2.292635
v 1.414213 0.000000 -0.055456
v 9.999999 0.000000 -2.000000
v 1.414213 3.000000 -0.055456
v -7.114181 0.000000 -2.574025
v 9.999999 2.000000 -2.000000
v -5.000000 5.000000 -2.000000
v -5.000000 5.000000 -3.000000
v 9.971178 0.000000 -1.707365
v 9.971178 2.000000 -1.707365
v -7.114181 2.000000 -2.574025
v 9.885818 0.000000 -1.425975
v -7.028822 0.000000 -2.292635
v 5.000000 0.000000 -1.000000
v 9.885818 2.000000 -1.425975
v 5.000000 0.000000 -2.000000
v 9.747204 0.000000 -1.166645
v -7.028822 2.000000 -2.292635
v 9.747204 2.000000 -1.166645
v -1.414213 0.000000 -0.055456
v -7.000000 0.000000 -2.000000
v -1.414213 3.000000 -0.055456
v 5.000000 0.000000 -3.000000
v -1.662939 0.000000 -0.472182
v 5.000000 5.000000 -3.000000
v -7.000000 2.000000 -2.000000
v -1.662939 3.000000 -0.472182
v -1.847759 0.000000 -0.947621
v -7.028822 0.000000 -1.707365
v -1.847759 3.000000 -0.947621
v 5.000000 5.000000 -2.000000
v 5.000000 5.000000 -1.000000
v -1.961570 0.000000 -1.463502
v -7.028822 2.000000 -1.707365
v -1.961570 3.000000 -1.463502
v -2.000000 0.000000 -2.000000
v 12.440475 0.000000 -2.000000
v -2.000000 3.000000 -2.000000
v -7.114181 0.000000 -1.425975
v 12.440475 0.000000 -3.000000
v -1.961570 0.000000 -2.536498
v -1.961570 3.000000 -2.536498
v -7.114181 2.000000 -1.425975
v -1.847759 0.000000 -3.052380
v -7.252795 0.000000 -1.166645
v -1.847759 3.000000 -3.052380
v 12.440475 5.000000 -3.000000
v -7.252795 2.000000 -1.166645
v -1.662939 0.000000 -3.527818
v -1.662939 3.000000 -3.527818
v 12.440475 0.000000 -1.000000
v -1.414213 0.000000 -3.944544
v 12.440475 5.000000 -2.000000
v 12.440475 5.000000 -1.000000
v -1.414213 3.000000 -3.944544
v -6.667036 0.000000 -1.000000
v 7.252795 0.000000 -1.166645
v 7.252795 2.000000 -1.166645
v -10.001106 0.000000 -1.000000
v 7.114181 0.000000 -1.425975
v -11.668142 0.000000 -1.000000
v 0.115101 3.743083 -2.795647
v 7.114181 2.000000 -1.425975
v 0.000000 3.743083 -2.811234
v -12.766098 5.000000 -1.000000
v 0.225779 3.743083 -2.749483
v 7.028822 0.000000 -1.707365
v -12.766098 0.000000 -3.000000
v 0.327780 3.743083 -2.674517
v -11.668140 0.000000 -2.000000
v 0.417185 3.743083 -2.573629
v 0.490558 3.743083 -2.450698
v 7.028822 2.000000 -1.707365
v 7.000000 0.000000 -2.000000
v 0.545078 3.743083 -2.310446
v -10.001106 0.000000 -2.000000
v 0.578652 3.743083 -2.158264
v 0.589989 3.743083 -2.000000
v 7.000000 2.000000 -2.000000
v -6.667035 0.000000 -2.000000
v 0.578652 3.743083 -1.841736
v -6.667036 5.000000 -3.000000
v 0.545078 3.743083 -1.689554
v 0.490558 3.743083 -1.549303
v 7.028822 0.000000 -2.292635
v 0.417185 3.743083 -1.426371
v -8.334071 5.000000 -3.000000
v 0.327780 3.743083 -1.325484
v 7.028822 2.000000 -2.292635
v 0.225779 3.743083 -1.250518
v -10.001106 5.000000 -3.000000
v 7.114181 0.000000 -2.574025
v 0.115101 3.743083 -1.204354
v -11.668142 5.000000 -3.000000
v 0.000000 3.743083 -1.188766
v 7.114181 2.000000 -2.574025
v -0.115101 3.743083 -1.204354
v -12.766098 0.000000 -2.000000
v -0.225778 3.743083 -1.250518
v -0.327780 3.743083 -1.325484
v 7.252795 0.000000 -2.833355
v -0.417184 3.743083 -1.426371
v -12.766098 0.000000 -1.000000
v -0.490557 3.743083 -1.549303
v 7.252795 2.000000 -2.833355
v -9.747204 0.000000 -1.166645
v -0.545078 3.743083 -1.689554
v 7.439340 0.000000 -3.060660
v -0.578652 3.743083 -1.841736
v 7.439340 2.000000 -3.060660
v -0.589988 3.743083 -2.000000
v -0.578652 3.743083 -2.158264
v -11.668140 5.000000 -2.000000
v -0.545078 3.743083 -2.310446
v -10.001106 5.000000 -2.000000
v -0.490557 3.743083 -2.450698
v -9.747204 2.000000 -1.166645
v -0.417184 3.743083 -2.573629
v -9.885818 0.000000 -1.425975
v -8.334070 5.000000 -2.000000
v -0.327780 3.743083 -2.674517
v -0.225778 3.743083 -2.749483
v -6.667035 5.000000 -2.000000
v -0.115101 3.743083 -2.795647
v -9.885818 2.000000 -1.425975
v -6.667036 0.000000 -3.000000
v 8.586326 2.495388 -2.433989
v 8.500000 2.495388 -2.442492
v -9.971178 0.000000 -1.707365
v -8.334071 0.000000 -3.000000
v 8.669334 2.495388 -2.408809
v 8.745834 2.495388 -2.367918
v -9.971178 2.000000 -1.707365
v 8.812888 2.495388 -2.312889
v -9.999999 0.000000 -2.000000
v 8.867918 2.495388 -2.245835
v -10.001106 0.000000 -3.000000
v 8.908808 2.495388 -2.169334
v -9.999999 2.000000 -2.000000
v 8.933989 2.495388 -2.086326
v -11.668142 0.000000 -3.000000
v 8.942492 2.495388 -2.000000
v -9.971178 0.000000 -2.292635
v 8.933989 2.495388 -1.913674
v -12.766098 5.000000 -2.000000
v -9.971178 2.000000 -2.292635
v 8.908808 2.495388 -1.830666
v 8.867918 2.495388 -1.754165
v -6.667036 5.000000 -1.000000
v 8.812888 2.495388 -1.687112
v -9.885818 0.000000 -2.574025
v 8.745834 2.495388 -1.632082
v -8.334071 5.000000 -1.000000
v 8.669334 2.495388 -1.591192
v -9.885818 2.000000 -2.574025
v -10.001106 5.000000 -1.000000
v 8.586326 2.495388 -1.566011
v 8.500000 2.495388 -1.557509
v -11.668142 5.000000 -1.000000
v -9.747204 0.000000 -2.833355
v 8.413674 2.495388 -1.566011
v 8.330666 2.495388 -1.591192
v -9.747204 2.000000 -2.833355
v 8.254165 2.495388 -1.632082
v -12.766098 5.000000 -3.000000
v 8.187112 2.495388 -1.687112
v -9.560659 0.000000 -3.060660
v 8.132082 2.495388 -1.754165
v 6.603053 5.000000 -1.000000
v 8.091191 2.495388 -1.830666
v -9.560659 2.000000 -3.060660
v 8.066011 2.495388 -1.913674
v 8.270887 5.000000 -1.000000
v 9.938723 5.000000 -1.000000
v 8.057508 2.495388 -2.000000
v 8.066011 2.495388 -2.086326
v 11.606558 5.000000 -1.000000
v 8.091191 2.495388 -2.169334
v 13.060943 5.000000 -1.000000
v 8.132082 2.495388 -2.245835
v 13.060943 0.000000 -1.000000
v 8.187112 2.495388 -2.312889
v 11.606558 5.000000 -2.000000
v 8.254165 2.495388 -2.367918
v 9.938723 5.000000 -2.000000
v 8.330666 2.495388 -2.408809
v -8.413673 2.495388 -2.433989
v 8.270887 5.000000 -2.000000
v 8.413674 2.495388 -2.433989
v 6.603052 5.000000 -2.000000
v -8.500000 2.495388 -2.442492
v 6.603053 0.000000 -1.000000
v -8.330666 2.495388 -2.408809
v -8.254165 2.495388 -2.367918
v 9.938723 0.000000 -1.000000
v -8.187111 2.495388 -2.312889
v -8.132081 2.495388 -2.245835
v 11.606558 0.000000 -1.000000
v 13.060943 5.000000 -3.000000
v -8.091191 2.495388 -2.169334
v -8.066010 2.495388 -2.086326
v 6.603053 5.000000 -3.000000
v 8.270887 5.000000 -3.000000
v -8.057508 2.495388 -2.000000
v -8.066010 2.495388 -1.913674
v 9.938723 5.000000 -3.000000
v -8.091191 2.495388 -1.830666
v 11.606558 5.000000 -3.000000
v -8.132081 2.495388 -1.754165
v 13.060943 5.000000 -2.000000
v -8.187111 2.495388 -1.687112
v 13.060943 0.000000 -2.000000
v -8.254165 2.495388 -1.632082
v 11.606558 0.000000 -3.000000
v -8.330666 2.495388 -1.591192
v 9.938723 0.000000 -3.000000
v -8.413673 2.495388 -1.566011
v 8.270887 0.000000 -3.000000
v -8.500000 2.495388 -1.557509
v 6.603052 0.000000 -3.000000
v -8.586325 2.495388 -1.566011
v 6.603053 0.000000 -2.000000
v -8.669333 2.495388 -1.591192
v -8.745834 2.495388 -1.632082
v -8.812887 2.495388 -1.687112
v 11.606558 0.000000 -2.000000
v -8.867918 2.495388 -1.754165
v 13.060943 0.000000 -3.000000
v -12.501659 0.000000 -1.000000
v -8.908808 2.495388 -1.830666
v -8.933989 2.495388 -1.913674
v -12.501659 0.000000 -2.000000
v -8.942491 2.495388 -2.000000
v -12.501659 5.000000 -3.000000
v -12.501659 5.000000 -2.000000
v -8.933989 2.495388 -2.086326
v -12.501659 0.000000 -3.000000
v -8.908808 2.495388 -2.169334
v -12.501659 5.000000 -1.000000
v -8.867918 2.495388 -2.245835
v -8.812887 2.495388 -2.312889
v 3.333333 0.000000 -4.000000
v -8.745834 2.495388 -2.367918
v 1.666666 0.000000 -4.000000
v -8.669333 2.495388 -2.408809
v -0.000000 0.000000 -4.000000
v -8.586325 2.495388 -2.433989
v -1.666667 0.000000 -4.000000
v -3.333333 0.000000 -4.000000
v -3.333333 5.000000 -4.000000
v -1.666666 5.000000 -4.000000
v 0.000000 5.000000 -4.000000
v 1.666667 5.000000 -4.000000
v 3.333333 5.000000 -4.000000
v -3.333333 0.000000 0.000000
v -1.666666 0.000000 0.000000
v 1.666667 0.000000 0.000000
v 3.333333 0.000000 0.000000
v 3.333333 5.000000 0.000000
v 1.666666 5.000000 0.000000
v -0.000000 5.000000 0.000000
v -1.666667 5.000000 0.000000
v -3.333333 5.000000 0.000000
v -3.333333 5.000000 -3.000000
v -1.666666 5.000000 -3.000000
v 0.000000 5.000000 -3.000000
v 1.666667 5.000000 -3.000000
v 3.333333 5.000000 -3.000000
v -3.333333 5.000000 -2.000000
v -1.666666 5.000000 -2.000000
v 0.000000 5.000000 -2.000000
v 1.666667 5.000000 -2.000000
v 3.333333 5.000000 -2.000000
v -3.333333 5.000000 -1.000000
v -1.666666 5.000000 -1.000000
v 0.000000 5.000000 -1.000000
v 1.666667 5.000000 -1.000000
v 3.333333 5.000000 -1.000000
v 3.333333 0.000000 -3.000000
v -3.333333 0.000000 -3.000000
v 3.333333 0.000000 -2.000000
v -3.333333 0.000000 -2.000000
v 3.333333 0.000000 -1.000000
v -3.333333 0.000000 -1.000000
v 9.104805 5.000000 -1.000000
v 9.104805 5.000000 -2.000000
v 9.104805 5.000000 -3.000000
v 9.104805 0.000000 -3.000000
v 10.772639 5.000000 -1.000000
v 10.772639 5.000000 -2.000000
v 10.772639 0.000000 -1.000000
v 10.772639 5.000000 -3.000000
v 10.772639 0.000000 -3.000000
v 10.772639 0.000000 -2.000000
v 7.436971 5.000000 -1.000000
v 7.436969 5.000000 -2.000000
v 7.436971 5.000000 -3.000000
v 7.436969 0.000000 -3.000000
v 5.801526 5.000000 -2.000000
v 5.801526 0.000000 -3.000000
v 5.801526 5.000000 -1.000000
v 5.801526 0.000000 -1.000000
v 5.801526 5.000000 -3.000000
v 5.801526 0.000000 -2.000000
v 4.166667 5.000000 -4.000000
v 4.166667 0.000000 0.000000
v 4.166667 5.000000 -3.000000
v 4.166667 5.000000 -2.000000
v 4.166667 5.000000 -1.000000
v 4.166667 0.000000 -4.000000
v 4.166667 5.000000 0.000000
v 4.166667 0.000000 -3.000000
v 4.166667 0.000000 -2.000000
v 4.166667 0.000000 -1.000000
v 2.500000 0.000000 -4.000000
v 2.500000 5.000000 -4.000000
v 2.500000 0.000000 0.000000
v 2.500000 5.000000 0.000000
v 2.500000 5.000000 -3.000000
v 2.500000 5.000000 -2.000000
v 2.500000 5.000000 -1.000000
v 2.500000 0.000000 -3.000000
v 2.500000 0.000000 -2.000000
v 2.500000 0.000000 -1.000000
v 0.833333 0.000000 -4.000000
v 0.833333 5.000000 -4.000000
v 0.833333 5.000000 0.000000
v 0.833333 5.000000 -3.000000
v 0.833333 5.000000 -2.000000
v 0.833333 5.000000 -1.000000
v 0.833333 0.000000 -3.000000
v -0.833333 0.000000 -4.000000
v -0.833333 5.000000 -4.000000
v -0.833333 5.000000 0.000000
v -0.833333 5.000000 -3.000000
v -0.833333 5.000000 -2.000000
v -0.833333 5.000000 -1.000000
v -0.833333 0.000000 -3.000000
v -2.500000 0.000000 -4.000000
v -2.500000 5.000000 -4.000000
v -2.500000 0.000000 0.000000
v -2.500000 5.000000 0.000000
v -2.500000 5.000000 -3.000000
v -2.500000 5.000000 -2.000000
v -2.500000 5.000000 -1.000000
v -2.500000 0.000000 -3.000000
v -2.500000 0.000000 -2.000000
v -2.500000 0.000000 -1.000000
v -4.166667 0.000000 -4.000000
v -4.166667 5.000000 0.000000
v -4.166667 0.000000 -3.000000
v -4.166667 0.000000 -2.000000
v -4.166667 0.000000 -1.000000
v -4.166667 5.000000 -4.000000
v -4.166667 0.000000 0.000000
v -4.166667 5.000000 -3.000000
v -4.166667 5.000000 -2.000000
v -4.166667 5.000000 -1.000000
v -10.834625 0.000000 -1.000000
v -10.834623 0.000000 -2.000000
v -10.834625 5.000000 -3.000000
v -10.834623 5.000000 -2.000000
v -10.834625 0.000000 -3.000000
v -10.834625 5.000000 -1.000000
v -9.167589 5.000000 -3.000000
v -9.167588 5.000000 -2.000000
v -9.167589 0.000000 -3.000000
v -9.167589 5.000000 -1.000000
v -7.500553 5.000000 -3.000000
v -7.500553 5.000000 -2.000000
v -7.500553 0.000000 -3.000000
v -7.500553 5.000000 -1.000000
v -5.833517 0.000000 -2.000000
v -5.833517 5.000000 -2.000000
v -5.833518 0.000000 -1.000000
v -5.833518 5.000000 -3.000000
v -5.833518 0.000000 -3.000000
v -5.833518 5.000000 -1.000000
v -5.000000 5.000000 -2.500000
v 5.000000 5.000000 -2.500000
v 12.440475 5.000000 -2.500000
v -6.667036 5.000000 -2.500000
v -8.334070 5.000000 -2.500000
v -10.001106 5.000000 -2.500000
v -11.668140 5.000000 -2.500000
v 6.603053 5.000000 -2.500000
v 8.270887 5.000000 -2.500000
v 9.938723 5.000000 -2.500000
v 11.606558 5.000000 -2.500000
v 13.060943 5.000000 -2.500000
v -12.766098 5.000000 -2.500000
v -12.501659 5.000000 -2.500000
v 3.333333 5.000000 -2.500000
v 1.666667 5.000000 -2.500000
v 0.000000 5.000000 -2.500000
v -1.666666 5.000000 -2.500000
v -3.333333 5.000000 -2.500000
v 9.104805 5.000000 -2.500000
v 10.772639 5.000000 -2.500000
v 7.436970 5.000000 -2.500000
v 5.801526 5.000000 -2.500000
v 4.166667 5.000000 -2.500000
v 2.500000 5.000000 -2.500000
v 0.833333 5.000000 -2.500000
v -0.833333 5.000000 -2.500000
v -2.500000 5.000000 -2.500000
v -4.166667 5.000000 -2.500000
v -10.834625 5.000000 -2.500000
v -9.167589 5.000000 -2.500000
v -7.500553 5.000000 -2.500000
v -5.833517 5.000000 -2.500000
v -5.000000 5.000000 -1.500000
v 5.000000 5.000000 -1.500000
v 12.440475 5.000000 -1.500000
v -6.667036 5.000000 -1.500000
v -8.334070 5.000000 -1.500000
v -10.001106 5.000000 -1.500000
v -11.668140 5.000000 -1.500000
v -12.766098 5.000000 -1.500000
v 13.060943 5.000000 -1.500000
v 6.603053 5.000000 -1.500000
v 8.270887 5.000000 -1.500000
v 9.938723 5.000000 -1.500000
v 11.606558 5.000000 -1.500000
v -12.501659 5.000000 -1.500000
v 3.333333 5.000000 -1.500000
v 1.666667 5.000000 -1.500000
v 0.000000 5.000000 -1.500000
v -1.666666 5.000000 -1.500000
v -3.333333 5.000000 -1.500000
v 9.104805 5.000000 -1.500000
v 10.772639 5.000000 -1.500000
v 7.436970 5.000000 -1.500000
v 5.801526 5.000000 -1.500000
v 4.166667 5.000000 -1.500000
v 2.500000 5.000000 -1.500000
v 0.833333 5.000000 -1.500000
v -0.833333 5.000000 -1.500000
v -2.500000 5.000000 -1.500000
v -4.166667 5.000000 -1.500000
v -10.834625 5.000000 -1.500000
v -9.167589 5.000000 -1.500000
v -7.500553 5.000000 -1.500000
v -5.833517 5.000000 -1.500000
v -5.000000 5.512359 -2.500000
v -5.000000 5.512359 -3.000000
v 5.000000 5.512359 -1.500000
v 5.000000 5.512359 -1.000000
v 12.440475 5.512359 -2.500000
v 12.440475 5.512359 -3.000000
v 11.606558 5.512359 -3.000000
v -6.667036 5.512359 -1.500000
v -6.667036 5.512359 -1.000000
v -8.334070 5.512359 -1.500000
v -8.334071 5.512359 -1.000000
v -10.001106 5.512359 -1.500000
v -10.001106 5.512359 -1.000000
v -11.668140 5.512359 -1.500000
v -11.668142 5.512359 -1.000000
v 11.606558 5.512359 -1.000000
v 12.440475 5.512359 -1.000000
v 6.603053 5.512359 -2.500000
v 6.603053 5.512359 -3.000000
v 8.270887 5.512359 -2.500000
v 8.270887 5.512359 -3.000000
v 9.938723 5.512359 -2.500000
v 9.938723 5.512359 -3.000000
v 11.606558 5.512359 -2.500000
v -11.668142 5.512359 -3.000000
v -12.501659 5.512359 -3.000000
v -12.501659 5.512359 -1.000000
v -12.501659 5.512359 -1.500000
v 8.270887 5.512359 -1.000000
v 9.104805 5.512359 -1.000000
v 9.104805 5.512359 -3.000000
v 9.104805 5.512359 -2.500000
v 9.938723 5.512359 -1.000000
v 10.772639 5.512359 -1.000000
v 10.772639 5.512359 -3.000000
v 10.772639 5.512359 -2.500000
v 6.603053 5.512359 -1.000000
v 7.436971 5.512359 -1.000000
v 7.436971 5.512359 -3.000000
v 7.436970 5.512359 -2.500000
v 5.801526 5.512359 -1.000000
v 5.000000 5.512359 -3.000000
v 5.801526 5.512359 -3.000000
v 5.801526 5.512359 -2.500000
v -10.001106 5.512359 -3.000000
v -10.834625 5.512359 -3.000000
v -10.834625 5.512359 -1.000000
v -10.834625 5.512359 -1.500000
v -8.334071 5.512359 -3.000000
v -9.167589 5.512359 -3.000000
v -9.167589 5.512359 -1.000000
v -9.167589 5.512359 -1.500000
v -6.667036 5.512359 -3.000000
v -7.500553 5.512359 -3.000000
v -7.500553 5.512359 -1.000000
v -7.500553 5.512359 -1.500000
v -5.833518 5.512359 -3.000000
v -5.000000 5.512359 -1.000000
v -5.833518 5.512359 -1.000000
v -5.833517 5.512359 -1.500000
v 5.000000 5.512359 -2.500000
v -6.667036 5.512359 -2.500000
v -8.334070 5.512359 -2.500000
v -10.001106 5.512359 -2.500000
v -11.668140 5.512359 -2.500000
v -12.501659 5.512359 -2.500000
v -10.834625 5.512359 -2.500000
v -9.167589 5.512359 -2.500000
v -7.500553 5.512359 -2.500000
v -5.833517 5.512359 -2.500000
v -5.000000 5.512359 -1.500000
v 12.440475 5.512359 -1.500000
v 6.603053 5.512359 -1.500000
v 8.270887 5.512359 -1.500000
v 9.938723 5.512359 -1.500000
v 11.606558 5.512359 -1.500000
v 9.104805 5.512359 -1.500000
v 10.772639 5.512359 -1.500000
v 7.436970 5.512359 -1.500000
v 5.801526 5.512359 -1.500000
v -5.000000 5.502514 -3.000000
v -5.000000 5.502514 -4.000000
v 4.166667 5.502514 -4.000000
v 5.000000 5.502514 -4.000000
v 5.000000 5.502514 -1.000000
v 5.000000 5.502514 0.000000
v -4.166667 5.502514 0.000000
v -5.000000 5.502514 0.000000
v -5.000000 5.502514 -1.000000
v 5.000000 5.502514 -3.000000
v 4.166667 5.502514 -3.000000
v 4.166667 5.502514 -1.000000
v 2.500000 5.502514 -4.000000
v 3.333333 5.502514 -4.000000
v -2.500000 5.502514 0.000000
v -3.333333 5.502514 0.000000
v 2.500000 5.502514 -3.000000
v 3.333333 5.502514 -3.000000
v 2.500000 5.502514 -1.000000
v 3.333333 5.502514 -1.000000
v -3.333333 5.502514 -4.000000
v -3.333333 5.502514 -3.000000
v 3.333333 5.502514 0.000000
v -3.333333 5.502514 -1.000000
v 4.166667 5.502514 0.000000
v 2.500000 5.502514 0.000000
v -2.500000 5.502514 -4.000000
v -2.500000 5.502514 -3.000000
v -2.500000 5.502514 -1.000000
v -4.166667 5.502514 -4.000000
v -4.166667 5.502514 -3.000000
v -4.166667 5.502514 -1.000000
v -5.000000 4.166667 -4.000000
v -5.000000 3.750000 -4.000000
v -5.000000 3.333333 -4.000000
v -5.000000 2.916667 -4.000000
v -5.000000 2.500000 -4.000000
v -5.000000 2.083333 -4.000000
v -5.000000 1.666667 -4.000000
v -5.000000 1.250000 -4.000000
v -5.000000 0.833333 -4.000000
v -5.000000 0.416667 -4.000000
v 5.000000 4.166667 -4.000000
v 5.000000 3.750000 -4.000000
v 5.000000 3.333333 -4.000000
v 5.000000 2.916667 -4.000000
v 5.000000 2.500000 -4.000000
v 5.000000 2.083333 -4.000000
v 5.000000 1.666667 -4.000000
v 5.000000 1.250000 -4.000000
v 5.000000 0.833333 -4.000000
v 5.000000 0.416667 -4.000000
v 5.000000 4.166667 -3.000000
v 5.000000 3.750000 -3.000000
v 5.000000 3.333333 -3.000000
v 5.000000 2.916667 -3.000000
v 5.000000 2.500000 -3.000000
v 5.000000 2.083333 -3.000000
v 5.000000 1.666667 -3.000000
v 5.000000 1.250000 -3.000000
v 5.000000 0.833333 -3.000000
v 5.000000 0.416667 -3.000000
v -5.000000 4.166667 -3.000000
v -5.000000 3.750000 -3.000000
v -5.000000 3.333333 -3.000000
v -5.000000 2.916667 -3.000000
v -5.000000 2.500000 -3.000000
v -5.000000 2.083333 -3.000000
v -5.000000 1.666667 -3.000000
v -5.000000 1.250000 -3.000000
v -5.000000 0.833333 -3.000000
v -5.000000 0.416667 -3.000000
v 12.440475 4.166667 -3.000000
v 12.440475 3.750000 -3.000000
v 12.440475 3.333333 -3.000000
v 12.440475 2.916667 -3.000000
v 12.440475 2.500000 -3.000000
v 12.440475 2.083333 -3.000000
v 12.440475 1.666667 -3.000000
v 12.440475 1.250000 -3.000000
v 12.440475 0.833333 -3.000000
v 12.440475 0.416667 -3.000000
v -6.667036 0.416667 -3.000000
v -6.667036 0.833333 -3.000000
v -6.667036 1.250000 -3.000000
v -6.667036 1.666667 -3.000000
v -6.667036 2.083333 -3.000000
v -6.667036 2.500000 -3.000000
v -6.667036 2.916667 -3.000000
v -6.667036 3.333333 -3.000000
v -6.667036 3.750000 -3.000000
v -6.667036 4.166667 -3.000000
v -8.334071 2.500000 -3.000000
v -8.334071 2.916667 -3.000000
v -8.334071 3.333333 -3.000000
v -8.334071 3.750000 -3.000000
v -8.334071 4.166667 -3.000000
v -10.001106 0.416667 -3.000000
v -10.001106 0.833333 -3.000000
v -10.001106 1.250000 -3.000000
v -10.001106 1.666667 -3.000000
v -10.001106 2.083333 -3.000000
v -10.001106 2.500000 -3.000000
v -10.001106 2.916667 -3.000000
v -10.001106 3.333333 -3.000000
v -10.001106 3.750000 -3.000000
v -10.001106 4.166667 -3.000000
v -11.668142 0.416667 -3.000000
v -11.668142 0.833333 -3.000000
v -11.668142 1.250000 -3.000000
v -11.668142 1.666667 -3.000000
v -11.668142 2.083333 -3.000000
v -11.668142 2.500000 -3.000000
v -11.668142 2.916667 -3.000000
v -11.668142 3.333333 -3.000000
v -11.668142 3.750000 -3.000000
v -11.668142 4.166667 -3.000000
v -12.766098 0.416667 -3.000000
v -12.766098 0.833333 -3.000000
v -12.766098 1.250000 -3.000000
v -12.766098 1.666667 -3.000000
v -12.766098 2.083333 -3.000000
v -12.766098 2.500000 -3.000000
v -12.766098 2.916667 -3.000000
v -12.766098 3.333333 -3.000000
v -12.766098 3.750000 -3.000000
v -12.766098 4.166667 -3.000000
v 13.060943 4.166667 -3.000000
v 13.060943 3.750000 -3.000000
v 13.060943 3.333333 -3.000000
v 13.060943 2.916667 -3.000000
v 13.060943 2.500000 -3.000000
v 13.060943 2.083333 -3.000000
v 13.060943 1.666667 -3.000000
v 13.060943 1.250000 -3.000000
v 13.060943 0.833333 -3.000000
v 13.060943 0.416667 -3.000000
v 6.603053 4.166667 -3.000000
v 6.603053 3.750000 -3.000000
v 6.603053 3.333333 -3.000000
v 6.603053 2.916667 -3.000000
v 6.603053 2.500000 -3.000000
v 6.603053 2.083333 -3.000000
v 6.603053 1.666667 -3.000000
v 6.603053 1.250000 -3.000000
v 6.603053 0.833333 -3.000000
v 6.603053 0.416667 -3.000000
v 8.270887 4.166667 -3.000000
v 8.270887 3.750000 -3.000000
v 8.270887 3.333333 -3.000000
v 8.270887 2.916667 -3.000000
v 8.270887 2.500000 -3.000000
v 9.938723 4.166667 -3.000000
v 9.938723 3.750000 -3.000000
v 9.938723 3.333333 -3.000000
v 9.938723 2.916667 -3.000000
v 9.938723 2.500000 -3.000000
v 9.938723 2.083333 -3.000000
v 9.938723 1.666667 -3.000000
v 9.938723 1.250000 -3.000000
v 9.938723 0.833333 -3.000000
v 9.938723 0.416667 -3.000000
v 11.606558 4.166667 -3.000000
v 11.606558 3.750000 -3.000000
v 11.606558 3.333333 -3.000000
v 11.606558 2.916667 -3.000000
v 11.606558 2.500000 -3.000000
v 11.606558 2.083333 -3.000000
v 11.606558 1.666667 -3.000000
v 11.606558 1.250000 -3.000000
v 11.606558 0.833333 -3.000000
v 11.606558 0.416667 -3.000000
v -12.501659 0.416667 -3.000000
v -12.501659 0.833333 -3.000000
v -12.501659 1.250000 -3.000000
v -12.501659 1.666667 -3.000000
v -12.501659 2.083333 -3.000000
v -12.501659 2.500000 -3.000000
v -12.501659 2.916667 -3.000000
v -12.501659 3.333333 -3.000000
v -12.501659 3.750000 -3.000000
v -12.501659 4.166667 -3.000000
v -3.333333 4.166667 -4.000000
v -3.333333 3.750000 -4.000000
v -3.333333 3.333333 -4.000000
v -3.333333 2.916667 -4.000000
v -3.333333 2.500000 -4.000000
v -3.333333 2.083333 -4.000000
v -3.333333 1.666667 -4.000000
v -3.333333 1.250000 -4.000000
v -3.333333 0.833333 -4.000000
v -3.333333 0.416667 -4.000000
v -1.666666 4.166667 -4.000000
v -1.666666 3.750000 -4.000000
v -1.666666 3.333333 -4.000000
v -1.666666 2.916667 -4.000000
v -1.666666 2.500000 -4.000000
v -1.666667 2.083333 -4.000000
v -1.666667 1.666667 -4.000000
v -1.666667 1.250000 -4.000000
v -1.666667 0.833333 -4.000000
v -1.666667 0.416667 -4.000000
v 0.000000 4.166667 -4.000000
v 0.000000 3.750000 -4.000000
v 1.666667 4.166667 -4.000000
v 1.666667 3.750000 -4.000000
v 1.666667 3.333333 -4.000000
v 1.666667 2.916667 -4.000000
v 1.666667 2.500000 -4.000000
v 1.666667 2.083333 -4.000000
v 1.666667 1.666667 -4.000000
v 1.666667 1.250000 -4.000000
v 1.666667 0.833333 -4.000000
v 1.666667 0.416667 -4.000000
v 3.333333 4.166667 -4.000000
v 3.333333 3.750000 -4.000000
v 3.333333 3.333333 -4.000000
v 3.333333 2.916667 -4.000000
v 3.333333 2.500000 -4.000000
v 3.333333 2.083333 -4.000000
v 3.333333 1.666667 -4.000000
v 3.333333 1.250000 -4.000000
v 3.333333 0.833333 -4.000000
v 3.333333 0.416667 -4.000000
v 9.104805 4.166667 -3.000000
v 9.104805 3.750000 -3.000000
v 9.104805 3.333333 -3.000000
v 9.104805 2.916667 -3.000000
v 9.104805 2.500000 -3.000000
v 10.772639 4.166667 -3.000000
v 10.772639 3.750000 -3.000000
v 10.772639 3.333333 -3.000000
v 10.772639 2.916667 -3.000000
v 10.772639 2.500000 -3.000000
v 10.772639 2.083333 -3.000000
v 10.772639 1.666667 -3.000000
v 10.772639 1.250000 -3.000000
v 10.772639 0.833333 -3.000000
v 10.772639 0.416667 -3.000000
v 7.436971 4.166667 -3.000000
v 7.436971 3.750000 -3.000000
v 7.436971 3.333333 -3.000000
v 7.436971 2.916667 -3.000000
v 7.436971 2.500000 -3.000000
v 5.801526 4.166667 -3.000000
v 5.801526 3.750000 -3.000000
v 5.801526 3.333333 -3.000000
v 5.801526 2.916667 -3.000000
v 5.801526 2.500000 -3.000000
v 5.801526 2.083333 -3.000000
v 5.801526 1.666667 -3.000000
v 5.801526 1.250000 -3.000000
v 5.801526 0.833333 -3.000000
v 5.801526 0.416667 -3.000000
v 4.166667 4.166667 -4.000000
v 4.166667 3.750000 -4.000000
v 4.166667 3.333333 -4.000000
v 4.166667 2.916667 -4.000000
v 4.166667 2.500000 -4.000000
v 4.166667 2.083333 -4.000000
v 4.166667 1.666667 -4.000000
v 4.166667 1.250000 -4.000000
v 4.166667 0.833333 -4.000000
v 4.166667 0.416667 -4.000000
v 2.500000 4.166667 -4.000000
v 2.500000 3.750000 -4.000000
v 2.500000 3.333333 -4.000000
v 2.500000 2.916667 -4.000000
v 2.500000 2.500000 -4.000000
v 2.500000 2.083333 -4.000000
v 2.500000 1.666667 -4.000000
v 2.500000 1.250000 -4.000000
v 2.500000 0.833333 -4.000000
v 2.500000 0.416667 -4.000000
v 0.833333 4.166667 -4.000000
v 0.833333 3.750000 -4.000000
v -0.833333 4.166667 -4.000000
v -0.833333 3.750000 -4.000000
v -2.500000 4.166667 -4.000000
v -2.500000 3.750000 -4.000000
v -2.500000 3.333333 -4.000000
v -2.500000 2.916667 -4.000000
v -2.500000 2.500000 -4.000000
v -2.500000 2.083333 -4.000000
v -2.500000 1.666667 -4.000000
v -2.500000 1.250000 -4.000000
v -2.500000 0.833333 -4.000000
v -2.500000 0.416667 -4.000000
v -4.166667 4.166667 -4.000000
v -4.166667 3.750000 -4.000000
v -4.166667 3.333333 -4.000000
v -4.166667 2.916667 -4.000000
v -4.166667 2.500000 -4.000000
v -4.166667 2.083333 -4.000000
v -4.166667 1.666667 -4.000000
v -4.166667 1.250000 -4.000000
v -4.166667 0.833333 -4.000000
v -4.166667 0.416667 -4.000000
v -10.834625 0.416667 -3.000000
v -10.834625 0.833333 -3.000000
v -10.834625 1.250000 -3.000000
v -10.834625 1.666667 -3.000000
v -10.834625 2.083333 -3.000000
v -10.834625 2.500000 -3.000000
v -10.834625 2.916667 -3.000000
v -10.834625 3.333333 -3.000000
v -10.834625 3.750000 -3.000000
v -10.834625 4.166667 -3.000000
v -9.167589 2.500000 -3.000000
v -9.167589 2.916667 -3.000000
v -9.167589 3.333333 -3.000000
v -9.167589 3.750000 -3.000000
v -9.167589 4.166667 -3.000000
v -7.500553 2.500000 -3.000000
v -7.500553 2.916667 -3.000000
v -7.500553 3.333333 -3.000000
v -7.500553 3.750000 -3.000000
v -7.500553 4.166667 -3.000000
v -5.833518 0.416667 -3.000000
v -5.833518 0.833333 -3.000000
v -5.833518 1.250000 -3.000000
v -5.833518 1.666667 -3.000000
v -5.833518 2.083333 -3.000000
v -5.833518 2.500000 -3.000000
v -5.833518 2.916667 -3.000000
v -5.833518 3.333333 -3.000000
v -5.833518 3.750000 -3.000000
v -5.833518 4.166667 -3.000000
v 8.687846 5.000000 -2.000000
v 8.687846 0.000000 -3.000000
v 8.687847 5.000000 -1.000000
v 8.687847 5.000000 -3.000000
v 8.687846 5.000000 -2.500000
v 8.687846 5.000000 -1.500000
v 8.687847 5.512359 -1.000000
v 8.687847 5.512359 -3.000000
v 8.687846 5.512359 -2.500000
v 8.687846 5.512359 -1.500000
v 8.687847 2.500000 -3.000000
v 8.687847 2.916667 -3.000000
v 8.687847 3.333333 -3.000000
v 8.687847 3.750000 -3.000000
v 8.687847 4.166667 -3.000000
v 9.521763 5.000000 -1.000000
v 9.521763 5.000000 -3.000000
v 9.521763 5.000000 -2.000000
v 9.521763 0.000000 -3.000000
v 9.521763 5.000000 -2.500000
v 9.521763 5.000000 -1.500000
v 9.521763 2.500000 -3.000000
v 9.521763 2.916667 -3.000000
v 9.521763 3.333333 -3.000000
v 9.521763 3.750000 -3.000000
v 9.521763 4.166667 -3.000000
v 7.853929 5.000000 -1.000000
v 7.853929 5.000000 -3.000000
v 7.853928 5.000000 -2.000000
v 7.853928 0.000000 -3.000000
v 7.853929 5.000000 -2.500000
v 7.853929 5.000000 -1.500000
v 7.853929 2.500000 -3.000000
v 7.853929 2.916667 -3.000000
v 7.853929 3.333333 -3.000000
v 7.853929 3.750000 -3.000000
v 7.853929 4.166667 -3.000000
v 1.250000 5.000000 -4.000000
v 1.250000 5.000000 -3.000000
v 1.250000 5.000000 -2.000000
v 1.250000 5.000000 -1.000000
v 1.250000 0.000000 -4.000000
v 1.250000 5.000000 0.000000
v 1.250000 0.000000 -3.000000
v 1.250000 5.000000 -2.500000
v 1.250000 5.000000 -1.500000
v 1.250000 3.750000 -4.000000
v 1.250000 4.166667 -4.000000
v 0.416667 0.000000 -4.000000
v 0.416667 5.000000 0.000000
v 0.416667 5.000000 -4.000000
v 0.416667 5.000000 -3.000000
v 0.416667 5.000000 -2.000000
v 0.416667 5.000000 -1.000000
v 0.416667 5.000000 -2.500000
v 0.416667 5.000000 -1.500000
v 0.416667 3.750000 -4.000000
v 0.416667 4.166667 -4.000000
v -0.416667 5.000000 -4.000000
v -0.416667 5.000000 -3.000000
v -0.416667 5.000000 -2.000000
v -0.416667 5.000000 -1.000000
v -0.416667 0.000000 -4.000000
v -0.416667 5.000000 0.000000
v -0.416667 0.000000 -3.000000
v -0.416667 5.000000 -2.500000
v -0.416667 5.000000 -1.500000
v -0.416667 3.750000 -4.000000
v -0.416667 4.166667 -4.000000
v -7.917313 5.000000 -3.000000
v -7.917313 0.000000 -3.000000
v -7.917313 5.000000 -1.000000
v -7.917312 5.000000 -2.000000
v -7.917312 5.000000 -2.500000
v -7.917312 5.000000 -1.500000
v -7.917313 4.166667 -3.000000
v -7.917313 3.750000 -3.000000
v -7.917313 3.333333 -3.000000
v -7.917313 2.916667 -3.000000
v -7.917313 2.500000 -3.000000
v -8.750830 5.000000 -2.000000
v -8.750830 5.000000 -3.000000
v -8.750830 0.000000 -3.000000
v -8.750830 5.000000 -1.000000
v -8.750830 5.000000 -2.500000
v -8.750830 5.000000 -1.500000
v -8.750830 5.512359 -3.000000
v -8.750830 5.512359 -1.000000
v -8.750830 5.512359 -2.500000
v -8.750830 5.512359 -1.500000
v -8.750830 4.166667 -3.000000
v -8.750830 3.750000 -3.000000
v -8.750830 3.333333 -3.000000
v -8.750830 2.916667 -3.000000
v -8.750830 2.500000 -3.000000
v -9.584348 5.000000 -3.000000
v -9.584348 0.000000 -3.000000
v -9.584348 5.000000 -1.000000
v -9.584347 5.000000 -2.000000
v -9.584348 5.000000 -2.500000
v -9.584348 5.000000 -1.500000
v -9.584348 4.166667 -3.000000
v -9.584348 3.750000 -3.000000
v -9.584348 3.333333 -3.000000
v -9.584348 2.916667 -3.000000
v -9.584348 2.500000 -3.000000
v 7.020011 5.000000 -2.000000
v 7.020011 0.000000 -3.000000
v 7.020011 5.000000 -1.000000
v 7.020011 0.000000 -1.000000
v 7.020011 5.000000 -3.000000
v 7.020011 5.000000 -2.500000
v 7.020011 5.000000 -1.500000
v 7.020011 5.512359 -1.000000
v 7.020011 5.512359 -3.000000
v 7.020011 5.512359 -2.500000
v 7.020011 5.512359 -1.500000
v 7.020011 0.416667 -3.000000
v 7.020011 0.833333 -3.000000
v 7.020011 1.250000 -3.000000
v 7.020011 1.666667 -3.000000
v 7.020011 2.083333 -3.000000
v 7.020011 2.500000 -3.000000
v 7.020011 2.916667 -3.000000
v 7.020011 3.333333 -3.000000
v 7.020011 3.750000 -3.000000
v 7.020011 4.166667 -3.000000
v -1.250000 0.000000 -4.000000
v -1.250000 5.000000 0.000000
v -1.250000 5.000000 -4.000000
v -1.250000 5.000000 -3.000000
v -1.250000 5.000000 -2.000000
v -1.250000 5.000000 -1.000000
v -1.250000 5.000000 -2.500000
v -1.250000 5.000000 -1.500000
v -1.250000 3.750000 -4.000000
v -1.250000 4.166667 -4.000000
v -7.083794 5.000000 -2.000000
v -7.083795 0.000000 -1.000000
v -7.083795 5.000000 -3.000000
v -7.083795 0.000000 -3.000000
v -7.083795 5.000000 -1.000000
v -7.083795 5.000000 -2.500000
v -7.083795 5.000000 -1.500000
v -7.083795 5.512359 -3.000000
v -7.083795 5.512359 -1.000000
v -7.083795 5.512359 -2.500000
v -7.083795 5.512359 -1.500000
v -7.083795 4.166667 -3.000000
v -7.083795 3.750000 -3.000000
v -7.083795 3.333333 -3.000000
v -7.083795 2.916667 -3.000000
v -7.083795 2.500000 -3.000000
v -7.083795 2.083333 -3.000000
v -7.083795 1.666667 -3.000000
v -7.083795 1.250000 -3.000000
v -7.083795 0.833333 -3.000000
v -7.083795 0.416667 -3.000000
v 1.250000 -0.001144 -4.111526
v 0.833333 -0.001144 -4.111526
v 1.250000 -0.001144 -3.111525
v 0.833333 -0.001144 -3.111525
v -0.416667 -0.001144 -4.111526
v -0.833333 -0.001144 -4.111526
v -0.416667 -0.001144 -3.111525
v -0.833333 -0.001144 -3.111525
v -8.334071 -0.001144 -3.111525
v -8.334071 2.498856 -3.111525
v -10.001106 -0.001144 -3.111525
v -10.001106 0.415523 -3.111525
v -10.001106 0.832190 -3.111525
v -10.001106 1.248856 -3.111525
v -10.001106 1.665523 -3.111525
v -10.001106 2.082190 -3.111525
v -10.001106 2.498856 -3.111525
v 8.270887 2.498856 -3.111525
v 8.270887 -0.001144 -3.111525
v 9.938723 2.498856 -3.111525
v 9.938723 2.082189 -3.111525
v 9.938723 1.665523 -3.111525
v 9.938723 1.248856 -3.111525
v 9.938723 0.832189 -3.111525
v 9.938723 0.415523 -3.111525
v 9.938723 -0.001144 -3.111525
v -1.666666 3.748856 -4.111526
v -1.666666 3.332189 -4.111526
v -1.666666 2.915523 -4.111526
v -1.666666 2.498856 -4.111526
v -1.666667 2.082189 -4.111526
v -1.666667 1.665523 -4.111526
v -1.666667 1.248856 -4.111526
v -1.666667 0.832189 -4.111526
v -1.666667 0.415523 -4.111526
v -1.666667 -0.001144 -4.111526
v 0.000000 3.748856 -4.111526
v 0.000000 3.332189 -4.111526
v -0.000000 -0.001144 -4.111526
v 1.666667 3.748856 -4.111526
v 1.666667 3.332189 -4.111526
v 1.666667 2.915523 -4.111526
v 1.666667 2.498856 -4.111526
v 1.666667 2.082189 -4.111526
v 1.666667 1.665523 -4.111526
v 1.666667 1.248856 -4.111526
v 1.666667 0.832189 -4.111526
v 1.666667 0.415523 -4.111526
v 1.666666 -0.001144 -4.111526
v 9.104805 2.498856 -3.111525
v 9.104805 -0.001144 -3.111525
v 7.436971 2.498856 -3.111525
v 7.436971 2.082189 -3.111525
v 7.436971 1.665523 -3.111525
v 7.436971 1.248856 -3.111525
v 7.436970 0.832189 -3.111525
v 7.436969 0.415523 -3.111525
v 7.436969 -0.001144 -3.111525
v 0.833333 3.748856 -4.111526
v 0.833333 3.332189 -4.111526
v -0.833333 3.748856 -4.111526
v -0.833333 3.332189 -4.111526
v -9.167589 -0.001144 -3.111525
v -9.167589 2.498856 -3.111525
v -7.500553 -0.001144 -3.111525
v -7.500553 0.415523 -3.111525
v -7.500553 0.832190 -3.111525
v -7.500553 1.248856 -3.111525
v -7.500553 1.665523 -3.111525
v -7.500553 2.082190 -3.111525
v -7.500553 2.498856 -3.111525
v -7.083795 2.498856 -3.111525
v -7.083795 2.082190 -3.111525
v -7.083795 1.665523 -3.111525
v -7.083795 1.248856 -3.111525
v -7.083795 0.832190 -3.111525
v -7.083795 0.415523 -3.111525
v -7.083795 -0.001144 -3.111525
v -8.750830 2.498856 -3.111525
v -8.750830 -0.001144 -3.111525
v -1.250000 -0.001144 -4.111526
v -1.250000 3.332189 -4.111526
v -1.250000 3.748856 -4.111526
v 0.416667 -0.001144 -4.111526
v 0.416667 3.332189 -4.111526
v 0.416667 3.748856 -4.111526
v 7.020011 -0.001144 -3.111525
v 7.020011 0.415523 -3.111525
v 7.020011 0.832189 -3.111525
v 7.020011 1.248856 -3.111525
v 7.020011 1.665523 -3.111525
v 7.020011 2.082189 -3.111525
v 7.020011 2.498856 -3.111525
v 8.687846 -0.001144 -3.111525
v 8.687847 2.498856 -3.111525
v 1.250000 3.332189 -4.111526
v 1.250000 3.748856 -4.111526
v -0.416667 3.332189 -4.111526
v -0.416667 3.748856 -4.111526
v 9.521763 -0.001144 -3.111525
v 9.521763 0.415523 -3.111525
v 9.521763 0.832189 -3.111525
v 9.521763 1.248856 -3.111525
v 9.521763 1.665523 -3.111525
v 9.521763 2.082189 -3.111525
v 9.521763 2.498856 -3.111525
v 7.853928 -0.001144 -3.111525
v 7.853929 2.498856 -3.111525
v -9.584348 2.498856 -3.111525
v -9.584348 2.082190 -3.111525
v -9.584348 1.665523 -3.111525
v -9.584348 1.248856 -3.111525
v -9.584348 0.832190 -3.111525
v -9.584348 0.415523 -3.111525
v -9.584348 -0.001144 -3.111525
v -7.917313 2.498856 -3.111525
v -7.917313 -0.001144 -3.111525
v -8.334071 2.498856 -3.225893
v -10.001106 1.248856 -3.225893
v -10.001106 1.665523 -3.225893
v -10.001106 2.082190 -3.225893
v 8.270887 2.498856 -3.225893
v 9.938723 2.082189 -3.225893
v 9.938723 1.665523 -3.225893
v 9.938723 1.248856 -3.225893
v -1.666666 3.332189 -4.225893
v -1.666666 2.915523 -4.225893
v -1.666666 2.498856 -4.225893
v 0.000000 3.748856 -4.225893
v 0.000000 3.332189 -4.225893
v 1.666667 3.332189 -4.225893
v 1.666667 2.915523 -4.225893
v 1.666667 2.498856 -4.225893
v 9.104805 2.498856 -3.225893
v 9.104805 2.082189 -3.225893
v 7.436971 2.082189 -3.225893
v 7.436971 1.665523 -3.225893
v 7.436971 1.248856 -3.225893
v -9.167589 2.082190 -3.225893
v -9.167589 2.498856 -3.225893
v -7.500553 1.248856 -3.225893
v -7.500553 1.665523 -3.225893
v -7.500553 2.082190 -3.225893
v -7.083795 2.082190 -3.225893
v -7.083795 1.665523 -3.225893
v -7.083795 1.248856 -3.225893
v -8.750830 2.498856 -3.225893
v 7.020011 1.248856 -3.225893
v 7.020011 1.665523 -3.225893
v 7.020011 2.082189 -3.225893
v 8.687847 2.498856 -3.225893
v 1.250000 2.498856 -4.225893
v 1.250000 2.915523 -4.225893
v 1.250000 3.332189 -4.225893
v -0.416667 3.332189 -4.225893
v -0.416667 3.748856 -4.225893
v 9.521763 1.248856 -3.225893
v 9.521763 1.665523 -3.225893
v 9.521763 2.082189 -3.225893
v 7.853929 2.082189 -3.225893
v 7.853929 2.498856 -3.225893
v -9.584348 2.082190 -3.225893
v -9.584348 1.665523 -3.225893
v -9.584348 1.248856 -3.225893
v -7.917313 2.498856 -3.225893
v -7.917313 2.082190 -3.225893
v 0.416667 3.332189 -4.225893
v 0.416667 3.748856 -4.225893
v -1.250000 2.498856 -4.225893
v -1.250000 2.915523 -4.225893
v -1.250000 3.332189 -4.225893
v -10.001106 -0.001144 -3.228530
v -10.001106 0.415523 -3.228530
v -10.001106 0.832190 -3.228530
v 9.938723 0.832189 -3.228530
v 9.938723 0.415523 -3.228530
v 9.938723 -0.001144 -3.228530
v -1.666667 0.832189 -4.228530
v -1.666667 0.415523 -4.228530
v -1.666667 -0.001144 -4.228530
v 1.666667 0.832189 -4.228530
v 1.666667 0.415523 -4.228530
v 1.666666 -0.001144 -4.228530
v 7.436970 0.832189 -3.228530
v 7.436969 0.415523 -3.228530
v 7.436969 -0.001144 -3.228530
v -7.500553 -0.001144 -3.228530
v -7.500553 0.415523 -3.228530
v -7.500553 0.832190 -3.228530
v -7.083795 0.832190 -3.228530
v -7.083795 0.415523 -3.228530
v -7.083795 -0.001144 -3.228530
v 7.020011 -0.001144 -3.228530
v 7.020011 0.415523 -3.228530
v 7.020011 0.832189 -3.228530
v 1.250000 -0.001144 -4.228530
v 1.250000 0.415523 -4.228530
v 1.250000 0.832189 -4.228530
v 9.521763 -0.001144 -3.228530
v 9.521763 0.415523 -3.228530
v 9.521763 0.832189 -3.228530
v -9.584348 0.832190 -3.228530
v -9.584348 0.415523 -3.228530
v -9.584348 -0.001144 -3.228530
v -1.250000 -0.001144 -4.228530
v -1.250000 0.415523 -4.228530
v -1.250000 0.832189 -4.228530
v -1.666667 2.082189 -4.223044
v -1.666667 1.665523 -4.223044
v -1.666667 1.248856 -4.223044
v 1.666667 2.082189 -4.223044
v 1.666667 1.665523 -4.223044
v 1.666667 1.248856 -4.223044
v 1.250000 1.248856 -4.223044
v 1.250000 1.665523 -4.223044
v 1.250000 2.082189 -4.223044
v -1.250000 1.248856 -4.223044
v -1.250000 1.665523 -4.223044
v -1.250000 2.082189 -4.223044
v -7.917313 2.158244 -1.000000
v -8.085786 2.195628 -1.000000
v -8.334071 2.226568 -1.000000
v -8.301087 2.225047 -1.000000
v -9.584348 2.009495 -1.000000
v -9.610442 2.000000 -1.000000
v -9.610442 0.000000 -1.000000
v -8.914213 2.195628 -1.000000
v -8.750830 2.217952 -1.000000
v -9.167589 2.139405 -1.000000
v -7.500000 2.040186 -1.000000
v -7.500553 2.040352 -1.000000
v -7.389557 2.000000 -1.000000
v -7.389557 0.000000 -1.000000
v -7.389557 0.000000 -3.000000
v -9.610442 0.000000 -3.000000
v -7.831821 2.139274 -1.000000
v -8.500000 2.234224 -1.000000
v -8.698912 2.225047 -1.000000
v -9.168178 2.139274 -1.000000
v -9.499999 2.040186 -1.000000
v -8.750830 0.000000 -3.111525
v -9.167589 0.000000 -3.111525
v -9.167589 2.082190 -3.137824
v -8.999730 2.082190 -3.225893
v -9.006883 2.082190 -3.223724
v -7.917313 0.000000 -3.111525
v -8.334071 0.000000 -3.111525
v -7.501319 0.000000 -3.111525
v -7.501319 0.415523 -3.111525
v -7.501319 0.832190 -3.111525
v -7.501319 1.248856 -3.111525
v -7.501319 1.665523 -3.111525
v -7.501319 2.000000 -3.111525
v -7.757302 2.076441 -3.111525
v -7.783208 2.082190 -3.111525
v -7.917313 2.111947 -3.111525
v -9.498680 0.000000 -3.111525
v -9.498680 0.415523 -3.111525
v -9.498680 0.832190 -3.111525
v -9.498680 1.248856 -3.111525
v -9.498680 1.665523 -3.111525
v -9.498680 2.000000 -3.111525
v -9.242697 2.076441 -3.111525
v -9.216791 2.082190 -3.111525
v -9.167589 2.093107 -3.111525
v -8.750830 2.116200 -3.225893
v -8.256154 2.117154 -3.225893
v -8.000269 2.082190 -3.225893
v -8.334071 2.120749 -3.225893
v -8.500000 2.128405 -3.225893
v -8.743845 2.117154 -3.225893
v -7.993117 2.082190 -3.223724
v -7.917313 2.082190 -3.183205
v -7.083794 0.000000 -2.473855
v -7.083794 0.000000 -1.526145
v 7.853929 2.144180 -1.000000
v 8.085786 2.195628 -1.000000
v 8.270887 2.220920 -1.000000
v 9.610442 0.000000 -1.000000
v 9.610442 2.000000 -1.000000
v 9.521763 2.032267 -1.000000
v 8.914213 2.195628 -1.000000
v 8.687847 2.225557 -1.000000
v 8.698913 2.225047 -1.000000
v 9.104805 2.153337 -1.000000
v 7.389557 0.000000 -1.000000
v 7.389557 2.000000 -1.000000
v 7.436971 2.017252 -1.000000
v 9.610442 0.000000 -3.000000
v 8.301087 2.225047 -1.000000
v 8.500000 2.234224 -1.000000
v 9.168179 2.139274 -1.000000
v 9.499999 2.040186 -1.000000
v 7.500000 2.040186 -1.000000
v 7.831821 2.139274 -1.000000
v 7.389557 0.000000 -3.000000
v 9.104805 2.082189 -3.171384
v 9.104805 2.107038 -3.111525
v 8.687846 0.000000 -3.111525
v 9.104805 0.000000 -3.111525
v 7.853928 0.000000 -3.111525
v 8.270887 0.000000 -3.111525
v 9.216793 2.082189 -3.111525
v 9.242697 2.076441 -3.111525
v 9.498680 2.000000 -3.111525
v 9.498680 1.665523 -3.111525
v 9.498680 1.248856 -3.111525
v 9.498680 0.832189 -3.111525
v 9.498680 0.415523 -3.111525
v 9.498680 0.000000 -3.111525
v 7.853929 2.097882 -3.111525
v 7.783207 2.082189 -3.111525
v 7.501319 2.000000 -3.111525
v 7.757302 2.076441 -3.111525
v 7.501319 1.665523 -3.111525
v 7.501319 1.248856 -3.111525
v 7.501319 0.832189 -3.111525
v 7.501319 0.415523 -3.111525
v 7.501319 0.000000 -3.111525
v 8.687847 2.119738 -3.225893
v 8.743845 2.117154 -3.225893
v 8.999733 2.082189 -3.225893
v 8.256154 2.117154 -3.225893
v 8.270887 2.117834 -3.225893
v 8.000267 2.082189 -3.225893
v 8.500000 2.128405 -3.225893
v 9.006883 2.082189 -3.223724
v 7.853929 2.082189 -3.149327
v 7.993116 2.082189 -3.223724
v 9.938723 0.000000 -2.399626
v 9.938723 0.000000 -1.600374
v 7.020011 0.000000 -1.796816
v 7.020011 0.000000 -2.203182
v 0.416667 3.252864 0.000000
v 0.289327 3.272439 0.000000
v -0.000000 3.287457 0.000000
v 0.000000 3.287457 0.000000
v -1.250000 3.038657 0.000000
v -1.365069 3.000000 0.000000
v -1.365069 0.000000 0.000000
v 1.250000 3.038657 0.000000
v 0.833333 3.166674 0.000000
v 0.971896 3.132085 0.000000
v -0.602492 3.224299 0.000000
v -0.416667 3.252864 0.000000
v -0.833333 3.166674 0.000000
v 1.365069 0.000000 -4.000000
v 1.365069 0.000000 0.000000
v 1.365069 3.000000 0.000000
v 0.602493 3.224299 0.000000
v -0.289327 3.272439 0.000000
v -1.365069 0.000000 -4.000000
v -0.971896 3.132085 0.000000
v -1.250000 0.000000 -4.111526
v -0.833333 0.000000 -4.111526
v -1.250000 3.005455 -4.111526
v -1.026092 3.080676 -4.111526
v -0.833333 3.128794 -4.111526
v 0.416667 0.000000 -4.111526
v 0.833333 0.000000 -4.111526
v 0.636089 3.178032 -4.111526
v 0.416667 3.211762 -4.111526
v 0.833333 3.128794 -4.111526
v -1.266237 2.498856 -4.111526
v -1.250000 2.498856 -4.129848
v 1.266237 1.248856 -4.111526
v 1.266237 0.832189 -4.111526
v 1.250000 1.248856 -4.129848
v 1.266237 2.498856 -4.111526
v 1.266237 2.082189 -4.111526
v -0.416667 0.000000 -4.111526
v -0.000000 0.000000 -4.111526
v -0.305461 3.228857 -4.111526
v -0.416667 3.211762 -4.111526
v 0.000000 3.244712 -4.111526
v 1.250000 3.005455 -4.111526
v 1.026092 3.080676 -4.111526
v 1.250000 0.000000 -4.111526
v 0.000000 3.244712 -4.111526
v 0.305461 3.228857 -4.111526
v -0.636089 3.178032 -4.111526
v -1.266237 2.082189 -4.111526
v 1.250000 2.082189 -4.129848
v 1.250000 1.665523 -4.129848
v -1.250000 2.082189 -4.129848
v -1.266237 1.248856 -4.111526
v -1.266237 0.832189 -4.111526
v 1.250000 0.415523 -4.129848
v 1.250000 0.000000 -4.129848
v -1.250000 3.000000 -4.129848
v -1.250000 2.915523 -4.129848
v 1.250000 3.000000 -4.129848
v 1.250000 2.915523 -4.129848
v 1.250000 2.498856 -4.129848
v 1.250000 0.832189 -4.129848
v -1.250000 0.832189 -4.129848
v -1.250000 0.415523 -4.129848
v -1.250000 0.000000 -4.129848
v -1.250000 1.248856 -4.129848
v -1.250000 1.665523 -4.129848
v 1.666666 0.000000 -3.518230
v 1.859315 0.000000 -3.000000
v 1.859315 0.000000 -1.000000
v 1.666667 0.000000 -0.481771
v -1.666667 0.000000 -0.481771
v -1.859315 0.000000 -1.000000
v -1.859315 0.000000 -3.000000
v -1.666667 0.000000 -3.518229
vn -1.0000 -0.0000 -0.0000
vn -0.0000 -0.0000 -1.0000
vn 1.0000 -0.0000 -0.0000
vn -0.0000 -0.0000 1.0000
vn -0.0000 -1.0000 -0.0000
vn -0.0000 1.0000 -0.0000
vn -0.0000 0.9999 -0.0103
vn -0.0000 -0.9999 0.0103
vn -0.6344 -0.0000 0.7730
vn -0.7730 -0.0000 0.6344
vn -0.8819 -0.0000 0.4714
vn -0.9569 -0.0000 0.2903
vn -0.9952 -0.0000 0.0980
vn -0.9952 -0.0000 -0.0980
vn -0.9569 -0.0000 -0.2903
vn -0.8819 -0.0000 -0.4714
vn -0.7730 -0.0000 -0.6344
vn 0.7730 -0.0000 -0.6344
vn 0.8819 -0.0000 -0.4714
vn 0.9569 -0.0000 -0.2903
vn 0.9952 -0.0000 -0.0980
vn 0.9952 -0.0000 0.0980
vn 0.9569 -0.0000 0.2903
vn 0.8819 -0.0000 0.4714
vn 0.7730 -0.0000 0.6344
vn 0.6344 -0.0000 0.7730
vn -0.4076 -0.9048 -0.1236
vn 0.2008 -0.9048 -0.3756
vn 0.3292 -0.9048 0.2702
vn -0.3756 -0.9048 0.2008
vn -0.1236 -0.9048 -0.4076
vn 0.4238 -0.9048 -0.0417
vn -0.1236 -0.9048 0.4076
vn -0.3756 -0.9048 -0.2008
vn 0.2702 -0.9048 -0.3292
vn 0.2702 -0.9048 0.3292
vn -0.4076 -0.9048 0.1236
vn -0.0417 -0.9048 -0.4238
vn 0.4238 -0.9048 0.0417
vn -0.2008 -0.9048 0.3756
vn -0.3292 -0.9048 -0.2702
vn 0.3292 -0.9048 -0.2702
vn 0.2008 -0.9048 0.3756
vn -0.4238 -0.9048 0.0417
vn 0.0417 -0.9048 -0.4238
vn 0.4076 -0.9048 0.1236
vn -0.2702 -0.9048 0.3292
vn -0.2702 -0.9048 -0.3292
vn 0.3756 -0.9048 -0.2008
vn 0.1236 -0.9048 0.4076
vn -0.4238 -0.9048 -0.0417
vn 0.1236 -0.9048 -0.4076
vn 0.3756 -0.9048 0.2008
vn -0.3292 -0.9048 0.2702
vn -0.2008 -0.9048 -0.3756
vn 0.4076 -0.9048 -0.1236
vn -0.0417 -0.9048 0.4238
vn 0.0417 -0.9048 0.4238
vn -0.7484 -0.0000 0.6632
vn -0.8587 -0.0000 0.5125
vn -0.9321 -0.0000 0.3623
vn -0.9765 -0.0000 0.2154
vn -0.9974 -0.0000 0.0714
vn -0.9974 -0.0000 -0.0714
vn -0.9765 -0.0000 -0.2154
vn -0.9321 -0.0000 -0.3623
vn -0.8587 -0.0000 -0.5125
vn -0.7484 -0.0000 -0.6632
vn 0.7484 -0.0000 -0.6632
vn 0.8587 -0.0000 -0.5125
vn 0.9321 -0.0000 -0.3623
vn 0.9765 -0.0000 -0.2154
vn 0.9974 -0.0000 -0.0714
vn 0.9974 -0.0000 0.0714
vn 0.9765 -0.0000 0.2154
vn 0.9321 -0.0000 0.3623
vn 0.8587 -0.0000 0.5125
vn 0.7484 -0.0000 0.6632
vn -0.4498 -0.8876 -0.0992
vn 0.2300 -0.9215 -0.3130
vn 0.3695 -0.9027 0.2205
vn -0.4175 -0.8940 0.1623
vn -0.1428 -0.9287 -0.3423
vn 0.4660 -0.8842 -0.0334
vn -0.1428 -0.9287 0.3423
vn -0.4175 -0.8940 -0.1623
vn 0.3065 -0.9123 -0.2716
vn 0.3065 -0.9123 0.2716
vn -0.4498 -0.8876 0.0992
vn -0.0484 -0.9327 -0.3575
vn 0.4660 -0.8842 0.0334
vn -0.2300 -0.9215 0.3130
vn -0.3695 -0.9027 -0.2205
vn 0.3695 -0.9027 -0.2205
vn 0.2300 -0.9215 0.3130
vn -0.4660 -0.8842 0.0334
vn 0.0484 -0.9327 -0.3575
vn 0.4498 -0.8876 0.0992
vn -0.3065 -0.9123 0.2716
vn -0.3065 -0.9123 -0.2716
vn 0.4175 -0.8940 -0.1623
vn 0.1428 -0.9287 0.3423
vn -0.4660 -0.8842 -0.0334
vn 0.1428 -0.9287 -0.3423
vn 0.4175 -0.8940 0.1623
vn -0.3695 -0.9027 0.2205
vn -0.2300 -0.9215 -0.3130
vn 0.4498 -0.8876 -0.0992
vn -0.0484 -0.9327 0.3575
vn 0.0484 -0.9327 0.3575
vt 0.168337 0.280058
vt 0.168337 0.265177
vt 0.190658 0.265177
vt 0.190658 0.280058
vt 0.638143 0.153905
vt 0.638143 0.139024
vt 0.645583 0.139024
vt 0.645583 0.153905
vt 0.352317 0.409896
vt 0.352317 0.320611
vt 0.374638 0.320611
vt 0.374638 0.409896
vt 0.090380 0.657585
vt 0.090380 0.568300
vt 0.097821 0.568300
vt 0.097821 0.657585
vt 0.030857 0.159720
vt 0.030857 0.167161
vt 0.008535 0.167161
vt 0.008535 0.159720
vt 0.556458 0.822391
vt 0.556458 0.844712
vt 0.547485 0.844712
vt 0.547485 0.822391
vt 0.404888 0.817489
vt 0.404888 0.839811
vt 0.395914 0.839811
vt 0.395914 0.817489
vt 0.173184 0.162353
vt 0.173184 0.169793
vt 0.162023 0.169793
vt 0.162023 0.162353
vt 0.150863 0.162353
vt 0.150863 0.169793
vt 0.139702 0.169793
vt 0.139702 0.162353
vt 0.097821 0.159720
vt 0.097821 0.167161
vt 0.075499 0.167161
vt 0.075499 0.159720
vt 0.053178 0.167161
vt 0.053178 0.159720
vt 0.168337 0.395388
vt 0.168337 0.380507
vt 0.190658 0.380507
vt 0.190658 0.395388
vt 0.229276 0.577947
vt 0.229276 0.667233
vt 0.223736 0.667233
vt 0.223736 0.577947
vt 0.352317 0.525226
vt 0.352317 0.435940
vt 0.374638 0.435940
vt 0.374638 0.525226
vt 0.053178 0.226148
vt 0.075499 0.226148
vt 0.075499 0.233594
vt 0.053178 0.233594
vt 0.173184 0.021521
vt 0.162023 0.021521
vt 0.162023 0.014075
vt 0.173184 0.014075
vt 0.030857 0.226148
vt 0.030857 0.233594
vt 0.454901 0.638076
vt 0.454901 0.623195
vt 0.462347 0.623195
vt 0.462347 0.638076
vt 0.686900 0.577600
vt 0.683179 0.577600
vt 0.683179 0.568451
vt 0.686900 0.568451
vt 0.236722 0.577947
vt 0.236722 0.667233
vt 0.150863 0.177236
vt 0.162023 0.177236
vt 0.162023 0.184678
vt 0.150863 0.184678
vt 0.150863 0.195841
vt 0.162023 0.195841
vt 0.162023 0.199562
vt 0.150863 0.199562
vt 0.150863 0.210725
vt 0.162023 0.210725
vt 0.162023 0.214446
vt 0.150863 0.214446
vt 0.150863 0.221888
vt 0.162023 0.221888
vt 0.162023 0.229330
vt 0.150863 0.229330
vt 0.053178 0.010896
vt 0.030857 0.010896
vt 0.030857 0.008535
vt 0.053178 0.008535
vt 0.660853 0.666886
vt 0.660853 0.577600
vt 0.668295 0.577600
vt 0.668295 0.666886
vt 0.680962 0.627678
vt 0.679458 0.628346
vt 0.679458 0.577600
vt 0.683179 0.627126
vt 0.682884 0.627153
vt 0.694575 0.631172
vt 0.694342 0.631002
vt 0.694342 0.577600
vt 0.698063 0.577600
vt 0.698063 0.666886
vt 0.694575 0.666886
vt 0.705505 0.666886
vt 0.705505 0.577600
vt 0.712947 0.577600
vt 0.712947 0.666886
vt 0.075499 0.010896
vt 0.075499 0.008535
vt 0.075499 0.070433
vt 0.053178 0.070433
vt 0.053178 0.062991
vt 0.075499 0.062991
vt 0.059710 0.033490
vt 0.053178 0.033232
vt 0.053178 0.033223
vt 0.075499 0.033223
vt 0.075499 0.036711
vt 0.071780 0.035490
vt 0.065991 0.034252
vt 0.075499 0.025780
vt 0.053178 0.025780
vt 0.053178 0.018338
vt 0.075499 0.018338
vt 0.150863 0.236772
vt 0.162023 0.236772
vt 0.162023 0.239134
vt 0.150863 0.239134
vt 0.173184 0.236772
vt 0.184345 0.236772
vt 0.184345 0.239134
vt 0.173184 0.239134
vt 0.030857 0.070433
vt 0.030857 0.062991
vt 0.034576 0.035490
vt 0.030857 0.036711
vt 0.030857 0.033223
vt 0.046646 0.033490
vt 0.040365 0.034252
vt 0.030857 0.025780
vt 0.030857 0.018338
vt 0.529600 0.695891
vt 0.529600 0.703331
vt 0.507279 0.703331
vt 0.484957 0.703331
vt 0.484957 0.614046
vt 0.496118 0.614046
vt 0.507279 0.614046
vt 0.518439 0.614046
vt 0.529600 0.614046
vt 0.529600 0.628927
vt 0.529600 0.636367
vt 0.529600 0.643808
vt 0.529600 0.651248
vt 0.529600 0.658688
vt 0.529600 0.666129
vt 0.529600 0.673569
vt 0.529600 0.681010
vt 0.529600 0.688450
vt 0.173184 0.177236
vt 0.184345 0.177236
vt 0.184345 0.184678
vt 0.173184 0.184678
vt 0.173184 0.195841
vt 0.184345 0.195841
vt 0.184345 0.199562
vt 0.173184 0.199562
vt 0.173184 0.210725
vt 0.184345 0.210725
vt 0.184345 0.214446
vt 0.173184 0.214446
vt 0.173184 0.221888
vt 0.184345 0.221888
vt 0.184345 0.229330
vt 0.173184 0.229330
vt 0.053178 0.174317
vt 0.075499 0.174317
vt 0.075499 0.181474
vt 0.053178 0.181474
vt 0.075499 0.211257
vt 0.062098 0.211257
vt 0.065991 0.210784
vt 0.071780 0.209547
vt 0.075499 0.208326
vt 0.053178 0.218702
vt 0.075499 0.218702
vt 0.075499 0.239134
vt 0.053178 0.239134
vt 0.173184 0.073351
vt 0.162023 0.073351
vt 0.162023 0.066195
vt 0.173184 0.066195
vt 0.173184 0.055026
vt 0.162023 0.055026
vt 0.162023 0.051303
vt 0.173184 0.051303
vt 0.173184 0.040135
vt 0.162023 0.040135
vt 0.162023 0.036412
vt 0.173184 0.036412
vt 0.173184 0.028966
vt 0.162023 0.028966
vt 0.030857 0.239134
vt 0.030857 0.174317
vt 0.030857 0.181474
vt 0.030857 0.211257
vt 0.030857 0.208326
vt 0.034576 0.209547
vt 0.040365 0.210784
vt 0.044258 0.211257
vt 0.030857 0.218702
vt 0.150863 0.014075
vt 0.139702 0.014075
vt 0.139702 0.008535
vt 0.150863 0.008535
vt 0.403071 0.638076
vt 0.403071 0.623195
vt 0.410227 0.623195
vt 0.410227 0.638076
vt 0.421396 0.638076
vt 0.421396 0.623195
vt 0.425119 0.623195
vt 0.425119 0.638076
vt 0.436287 0.638076
vt 0.436287 0.623195
vt 0.440010 0.623195
vt 0.440010 0.638076
vt 0.447456 0.638076
vt 0.447456 0.623195
vt 0.162023 0.008535
vt 0.173184 0.008535
vt 0.150863 0.073351
vt 0.139702 0.073351
vt 0.139702 0.066195
vt 0.150863 0.066195
vt 0.150863 0.055026
vt 0.139702 0.055026
vt 0.139702 0.051303
vt 0.150863 0.051303
vt 0.150863 0.040135
vt 0.139702 0.040135
vt 0.139702 0.036412
vt 0.150863 0.036412
vt 0.150863 0.028966
vt 0.139702 0.028966
vt 0.139702 0.021521
vt 0.150863 0.021521
vt 0.653410 0.698837
vt 0.653410 0.683956
vt 0.664571 0.683956
vt 0.675732 0.683956
vt 0.686893 0.683956
vt 0.698053 0.683956
vt 0.698053 0.773242
vt 0.675732 0.773242
vt 0.653410 0.773242
vt 0.653410 0.765801
vt 0.653410 0.758361
vt 0.653410 0.750920
vt 0.653410 0.743480
vt 0.653410 0.736039
vt 0.653410 0.728599
vt 0.653410 0.721159
vt 0.653410 0.713718
vt 0.653410 0.706278
vt 0.288552 0.577947
vt 0.288552 0.667233
vt 0.281396 0.667233
vt 0.281396 0.577947
vt 0.268157 0.628025
vt 0.266505 0.627573
vt 0.266505 0.577947
vt 0.270227 0.577947
vt 0.270227 0.628944
vt 0.254544 0.631518
vt 0.254544 0.667233
vt 0.251613 0.667233
vt 0.251613 0.577947
vt 0.255336 0.577947
vt 0.255336 0.630942
vt 0.244168 0.577947
vt 0.244168 0.667233
vt 0.467887 0.623195
vt 0.467887 0.638076
vt 0.341844 0.971054
vt 0.338123 0.971054
vt 0.338123 0.961905
vt 0.341844 0.961905
vt 0.720390 0.577600
vt 0.720390 0.666886
vt 0.722751 0.577600
vt 0.722751 0.666886
vt 0.053178 0.085316
vt 0.053178 0.092756
vt 0.030857 0.092756
vt 0.030857 0.085316
vt 0.030857 0.105917
vt 0.030857 0.100197
vt 0.053178 0.100197
vt 0.053178 0.104661
vt 0.041203 0.105004
vt 0.053178 0.144839
vt 0.053178 0.152280
vt 0.030857 0.152280
vt 0.030857 0.144839
vt 0.075499 0.085316
vt 0.075499 0.092756
vt 0.075499 0.100197
vt 0.075499 0.105917
vt 0.065153 0.105004
vt 0.075499 0.144839
vt 0.075499 0.152280
vt 0.097821 0.085316
vt 0.097821 0.092756
vt 0.097821 0.100197
vt 0.097821 0.107637
vt 0.087067 0.107637
vt 0.076669 0.106020
vt 0.097821 0.134706
vt 0.097821 0.137399
vt 0.087067 0.137399
vt 0.087281 0.137366
vt 0.096583 0.135145
vt 0.097821 0.144839
vt 0.097821 0.152280
vt 0.150863 0.087948
vt 0.150863 0.095389
vt 0.139702 0.095389
vt 0.139702 0.087948
vt 0.150863 0.102829
vt 0.150863 0.110270
vt 0.139702 0.110270
vt 0.139702 0.102829
vt 0.150863 0.121430
vt 0.150863 0.125151
vt 0.139702 0.125151
vt 0.139702 0.121430
vt 0.150863 0.136311
vt 0.150863 0.140032
vt 0.139702 0.140032
vt 0.139702 0.136311
vt 0.150863 0.147472
vt 0.150863 0.154912
vt 0.139702 0.154912
vt 0.139702 0.147472
vt 0.173184 0.087948
vt 0.173184 0.095389
vt 0.162023 0.095389
vt 0.162023 0.087948
vt 0.173184 0.102829
vt 0.173184 0.110270
vt 0.162023 0.110270
vt 0.162023 0.102829
vt 0.173184 0.121430
vt 0.173184 0.125151
vt 0.162023 0.125151
vt 0.162023 0.121430
vt 0.173184 0.136311
vt 0.173184 0.140032
vt 0.162023 0.140032
vt 0.162023 0.136311
vt 0.173184 0.147472
vt 0.173184 0.154912
vt 0.162023 0.154912
vt 0.162023 0.147472
vt 0.206666 0.087948
vt 0.206666 0.095389
vt 0.184345 0.095389
vt 0.184345 0.087948
vt 0.206666 0.102829
vt 0.206666 0.110270
vt 0.184345 0.110270
vt 0.184345 0.102829
vt 0.206666 0.121430
vt 0.206666 0.125151
vt 0.184345 0.125151
vt 0.184345 0.121430
vt 0.352317 0.426967
vt 0.374638 0.426967
vt 0.117380 0.095389
vt 0.117380 0.087948
vt 0.117380 0.110270
vt 0.117380 0.102829
vt 0.117380 0.125151
vt 0.117380 0.121430
vt 0.683022 0.981230
vt 0.675582 0.981230
vt 0.675582 0.972257
vt 0.683022 0.972257
vt 0.008535 0.092756
vt 0.008535 0.085316
vt 0.019289 0.107637
vt 0.008535 0.107637
vt 0.008535 0.100197
vt 0.030857 0.105917
vt 0.029687 0.106020
vt 0.019289 0.137399
vt 0.008535 0.137399
vt 0.008535 0.134706
vt 0.009773 0.135145
vt 0.019075 0.137366
vt 0.008535 0.152280
vt 0.008535 0.144839
vt 0.015976 0.657585
vt 0.015976 0.568300
vt 0.023416 0.568300
vt 0.023416 0.657585
vt 0.030857 0.657585
vt 0.030857 0.568300
vt 0.038297 0.568300
vt 0.038297 0.657585
vt 0.049458 0.568300
vt 0.053178 0.568300
vt 0.053178 0.598881
vt 0.050595 0.599149
vt 0.049458 0.599498
vt 0.064339 0.603324
vt 0.064339 0.568300
vt 0.068059 0.568300
vt 0.068059 0.657585
vt 0.065366 0.657585
vt 0.065366 0.604014
vt 0.075499 0.657585
vt 0.075499 0.568300
vt 0.082940 0.568300
vt 0.082940 0.657585
vt 0.563738 0.153905
vt 0.563738 0.139024
vt 0.571179 0.139024
vt 0.571179 0.153905
vt 0.578619 0.153905
vt 0.578619 0.139024
vt 0.586060 0.139024
vt 0.586060 0.153905
vt 0.597220 0.153905
vt 0.597220 0.139024
vt 0.600941 0.139024
vt 0.600941 0.153905
vt 0.612101 0.153905
vt 0.612101 0.139024
vt 0.615822 0.139024
vt 0.615822 0.153905
vt 0.623262 0.153905
vt 0.623262 0.139024
vt 0.630702 0.139024
vt 0.630702 0.153905
vt 0.260761 0.628025
vt 0.259059 0.628780
vt 0.259059 0.577947
vt 0.262782 0.577947
vt 0.262782 0.627491
vt 0.262683 0.627500
vt 0.124040 0.930615
vt 0.124040 0.941775
vt 0.114891 0.941775
vt 0.114891 0.930615
vt 0.428842 0.638076
vt 0.428842 0.623195
vt 0.432564 0.623195
vt 0.432564 0.638076
vt 0.173184 0.047581
vt 0.162023 0.047581
vt 0.162023 0.043858
vt 0.173184 0.043858
vt 0.413950 0.623195
vt 0.410227 0.614046
vt 0.413950 0.614046
vt 0.046646 0.211546
vt 0.053178 0.211804
vt 0.059710 0.211546
vt 0.274374 0.631518
vt 0.273950 0.631210
vt 0.273950 0.577947
vt 0.277673 0.577947
vt 0.277673 0.667233
vt 0.274374 0.667233
vt 0.716664 0.974206
vt 0.712943 0.974206
vt 0.712943 0.965057
vt 0.716664 0.965057
vt 0.413950 0.638076
vt 0.417673 0.623195
vt 0.417673 0.638076
vt 0.030857 0.185197
vt 0.048643 0.185197
vt 0.046646 0.185275
vt 0.040365 0.186037
vt 0.034576 0.187275
vt 0.030857 0.188496
vt 0.173184 0.062472
vt 0.162023 0.062472
vt 0.162023 0.058749
vt 0.173184 0.058749
vt 0.075499 0.185197
vt 0.075499 0.188496
vt 0.071780 0.187275
vt 0.065991 0.186037
vt 0.059710 0.185275
vt 0.057713 0.185197
vt 0.295709 0.577947
vt 0.295709 0.667233
vt 0.259059 0.568798
vt 0.262782 0.568798
vt 0.395914 0.638076
vt 0.395914 0.623195
vt 0.173184 0.080508
vt 0.162023 0.080508
vt 0.008535 0.657585
vt 0.008535 0.568300
vt 0.582502 0.822391
vt 0.582502 0.844712
vt 0.573528 0.844712
vt 0.573528 0.822391
vt 0.023416 0.559326
vt 0.030857 0.559326
vt 0.150863 0.080508
vt 0.139702 0.080508
vt 0.030857 0.139119
vt 0.029687 0.139016
vt 0.623262 0.130050
vt 0.630702 0.130050
vt 0.075499 0.139119
vt 0.076669 0.139016
vt 0.053178 0.140375
vt 0.065153 0.140032
vt 0.053178 0.140375
vt 0.041203 0.140032
vt 0.604661 0.153905
vt 0.604661 0.139024
vt 0.608381 0.139024
vt 0.608381 0.153905
vt 0.042017 0.603324
vt 0.042017 0.568300
vt 0.045737 0.568300
vt 0.045737 0.601038
vt 0.044500 0.601655
vt 0.988612 0.932567
vt 0.981172 0.932567
vt 0.981172 0.923594
vt 0.988612 0.923594
vt 0.173184 0.113990
vt 0.173184 0.117710
vt 0.162023 0.117710
vt 0.162023 0.113990
vt 0.150863 0.113990
vt 0.150863 0.117710
vt 0.139702 0.117710
vt 0.139702 0.113990
vt 0.589780 0.153905
vt 0.589780 0.139024
vt 0.593500 0.139024
vt 0.593500 0.153905
vt 0.056898 0.599498
vt 0.056898 0.568300
vt 0.060618 0.568300
vt 0.060618 0.601038
vt 0.058557 0.600009
vt 0.139702 0.128871
vt 0.139702 0.132591
vt 0.117380 0.132591
vt 0.117380 0.128871
vt 0.206666 0.128871
vt 0.206666 0.132591
vt 0.184345 0.132591
vt 0.184345 0.128871
vt 0.173184 0.128871
vt 0.173184 0.132591
vt 0.162023 0.132591
vt 0.162023 0.128871
vt 0.150863 0.128871
vt 0.150863 0.132591
vt 0.117380 0.147472
vt 0.117380 0.140032
vt 0.206666 0.140032
vt 0.206666 0.147472
vt 0.184345 0.147472
vt 0.184345 0.140032
vt 0.556298 0.153905
vt 0.556298 0.139024
vt 0.030857 0.077875
vt 0.008535 0.077875
vt 0.097821 0.077875
vt 0.075499 0.077875
vt 0.053178 0.077875
vt 0.206666 0.154912
vt 0.206666 0.162353
vt 0.184345 0.162353
vt 0.184345 0.154912
vt 0.117380 0.162353
vt 0.117380 0.154912
vt 0.356039 0.551445
vt 0.352317 0.551445
vt 0.352317 0.542296
vt 0.356039 0.542296
vt 0.978478 0.749567
vt 0.971036 0.749567
vt 0.971036 0.740418
vt 0.978478 0.740418
vt 0.688359 0.627678
vt 0.686900 0.627280
vt 0.690621 0.577600
vt 0.690621 0.628682
vt 0.150863 0.203283
vt 0.162023 0.203283
vt 0.162023 0.207004
vt 0.150863 0.207004
vt 0.653410 0.577600
vt 0.653410 0.568451
vt 0.660853 0.568451
vt 0.030857 0.059270
vt 0.030857 0.056540
vt 0.034576 0.057761
vt 0.040365 0.058999
vt 0.042601 0.059270
vt 0.075499 0.059270
vt 0.063755 0.059270
vt 0.065991 0.058999
vt 0.071780 0.057761
vt 0.075499 0.056540
vt 0.674746 0.631172
vt 0.674746 0.666886
vt 0.672016 0.666886
vt 0.672016 0.577600
vt 0.675737 0.577600
vt 0.675737 0.630451
vt 0.675732 0.630454
vt 0.150863 0.188399
vt 0.162023 0.188399
vt 0.162023 0.192120
vt 0.150863 0.192120
vt 0.912792 0.665804
vt 0.905346 0.665804
vt 0.905346 0.656655
vt 0.912792 0.656655
vt 0.653410 0.666886
vt 0.173184 0.188399
vt 0.173184 0.192120
vt 0.173184 0.203283
vt 0.173184 0.207004
vt 0.184345 0.113990
vt 0.184345 0.117710
vt 0.184345 0.080508
vt 0.698504 0.139200
vt 0.694783 0.139200
vt 0.694783 0.130050
vt 0.698504 0.130050
vt 0.925727 0.749567
vt 0.922004 0.749567
vt 0.922004 0.740418
vt 0.925727 0.740418
vt 0.273950 0.568798
vt 0.277673 0.568798
vt 0.712947 0.568451
vt 0.720390 0.568451
vt 0.184345 0.136311
vt 0.184345 0.014075
vt 0.184345 0.008535
vt 0.184345 0.028966
vt 0.184345 0.021521
vt 0.184345 0.040135
vt 0.184345 0.036412
vt 0.184345 0.055026
vt 0.184345 0.051303
vt 0.184345 0.073351
vt 0.184345 0.066195
vt 0.731994 0.139200
vt 0.724552 0.139200
vt 0.724552 0.130050
vt 0.731994 0.130050
vt 0.184345 0.169793
vt 0.822176 0.453307
vt 0.822176 0.464468
vt 0.813026 0.464468
vt 0.813026 0.453307
vt 0.988918 0.867270
vt 0.981761 0.867270
vt 0.981761 0.858121
vt 0.988918 0.858121
vt 0.888763 0.895589
vt 0.888763 0.906750
vt 0.879614 0.906750
vt 0.879614 0.895589
vt 0.405064 0.931735
vt 0.405064 0.942895
vt 0.395914 0.942895
vt 0.395914 0.931735
vt 0.150863 0.062472
vt 0.150863 0.058749
vt 0.150863 0.047581
vt 0.150863 0.043858
vt 0.583991 0.928393
vt 0.583991 0.939553
vt 0.574842 0.939553
vt 0.574842 0.928393
vt 0.139702 0.236772
vt 0.139702 0.239134
vt 0.139702 0.221888
vt 0.139702 0.229330
vt 0.139702 0.210725
vt 0.139702 0.214446
vt 0.139702 0.195841
vt 0.139702 0.199562
vt 0.139702 0.177236
vt 0.139702 0.184678
vt 0.958703 0.779151
vt 0.958703 0.767991
vt 0.966149 0.767991
vt 0.966149 0.779151
vt 0.970742 0.263824
vt 0.970742 0.274984
vt 0.963300 0.274984
vt 0.963300 0.263824
vt 0.075565 0.967617
vt 0.075565 0.956456
vt 0.079287 0.956456
vt 0.079287 0.967617
vt 0.484957 0.968420
vt 0.484957 0.957260
vt 0.492403 0.957260
vt 0.492403 0.968420
vt 0.551207 0.967784
vt 0.551207 0.956624
vt 0.554930 0.956624
vt 0.554930 0.967784
vt 0.838322 0.288234
vt 0.838322 0.277074
vt 0.845479 0.277074
vt 0.845479 0.288234
vt 0.970957 0.311290
vt 0.970957 0.322451
vt 0.963515 0.322451
vt 0.963515 0.311290
vt 0.967247 0.059273
vt 0.967247 0.070434
vt 0.963526 0.070434
vt 0.963526 0.059273
vt 0.653025 0.960827
vt 0.653025 0.971987
vt 0.649303 0.971987
vt 0.649303 0.960827
vt 0.971298 0.008535
vt 0.971298 0.019696
vt 0.963856 0.019696
vt 0.963856 0.008535
vt 0.905114 0.963212
vt 0.905114 0.952051
vt 0.912271 0.952051
vt 0.912271 0.963212
vt 0.577427 0.967784
vt 0.577427 0.956624
vt 0.581150 0.956624
vt 0.581150 0.967784
vt 0.511177 0.968420
vt 0.511177 0.957260
vt 0.518622 0.957260
vt 0.518622 0.968420
vt 0.601943 0.967784
vt 0.601943 0.956624
vt 0.605666 0.956624
vt 0.605666 0.967784
vt 0.622736 0.967784
vt 0.622736 0.956624
vt 0.630182 0.956624
vt 0.630182 0.967784
vt 0.971905 0.402569
vt 0.971905 0.413729
vt 0.964463 0.413729
vt 0.964463 0.402569
vt 0.968459 0.529899
vt 0.968459 0.541059
vt 0.964738 0.541059
vt 0.964738 0.529899
vt 0.967279 0.490507
vt 0.967279 0.501668
vt 0.963558 0.501668
vt 0.963558 0.490507
vt 0.403356 0.959966
vt 0.403356 0.971126
vt 0.395914 0.971126
vt 0.395914 0.959966
vt 0.427869 0.959966
vt 0.427869 0.971126
vt 0.420427 0.971126
vt 0.420427 0.959966
vt 0.431283 0.931735
vt 0.431283 0.942895
vt 0.422134 0.942895
vt 0.422134 0.931735
vt 0.231178 0.972421
vt 0.223736 0.972421
vt 0.223736 0.963271
vt 0.231178 0.963271
vt 0.658453 0.932596
vt 0.658453 0.943757
vt 0.649304 0.943757
vt 0.649304 0.932596
vt 0.454901 0.614046
vt 0.462347 0.614046
vt 0.425119 0.614046
vt 0.428842 0.614046
vt 0.816064 0.550395
vt 0.808618 0.550395
vt 0.808618 0.541245
vt 0.816064 0.541245
vt 0.786174 0.933086
vt 0.786174 0.944247
vt 0.777025 0.944247
vt 0.777025 0.933086
vt 0.610211 0.928393
vt 0.610211 0.939553
vt 0.601061 0.939553
vt 0.601061 0.928393
vt 0.812394 0.933086
vt 0.812394 0.944247
vt 0.803244 0.944247
vt 0.803244 0.933086
vt 0.229276 0.568798
vt 0.236722 0.568798
vt 0.017684 0.933106
vt 0.017684 0.944267
vt 0.008535 0.944267
vt 0.008535 0.933106
vt 0.255691 0.972421
vt 0.248249 0.972421
vt 0.248249 0.963271
vt 0.255691 0.963271
vt 0.043904 0.933106
vt 0.043904 0.944267
vt 0.034755 0.944267
vt 0.034755 0.933106
vt 0.684731 0.915973
vt 0.684731 0.927133
vt 0.675582 0.927133
vt 0.675582 0.915973
vt 0.927454 0.180789
vt 0.927454 0.191949
vt 0.918305 0.191949
vt 0.918305 0.180789
vt 0.494107 0.929029
vt 0.494107 0.940189
vt 0.484957 0.940189
vt 0.484957 0.929029
vt 0.319915 0.933626
vt 0.319915 0.944786
vt 0.310765 0.944786
vt 0.310765 0.933626
vt 0.927676 0.362029
vt 0.927676 0.373189
vt 0.918526 0.373189
vt 0.918526 0.362029
vt 0.931154 0.683956
vt 0.931154 0.695117
vt 0.922004 0.695117
vt 0.922004 0.683956
vt 0.347272 0.933674
vt 0.347272 0.944835
vt 0.338123 0.944835
vt 0.338123 0.933674
vt 0.989092 0.628339
vt 0.981935 0.628339
vt 0.981935 0.619189
vt 0.989092 0.619189
vt 0.931154 0.712187
vt 0.931154 0.723348
vt 0.922004 0.723348
vt 0.922004 0.712187
vt 0.232886 0.935040
vt 0.232886 0.946201
vt 0.223736 0.946201
vt 0.223736 0.935040
vt 0.888763 0.923820
vt 0.888763 0.934981
vt 0.879614 0.934981
vt 0.879614 0.923820
vt 0.521464 0.929029
vt 0.521464 0.940189
vt 0.512314 0.940189
vt 0.512314 0.929029
vt 0.950243 0.749567
vt 0.946520 0.749567
vt 0.946520 0.740418
vt 0.950243 0.740418
vt 0.935136 0.815003
vt 0.935136 0.826164
vt 0.925987 0.826164
vt 0.925987 0.815003
vt 0.713389 0.139200
vt 0.709668 0.139200
vt 0.709668 0.130050
vt 0.713389 0.130050
vt 0.860794 0.924744
vt 0.860794 0.935904
vt 0.851645 0.935904
vt 0.851645 0.924744
vt 0.940879 0.568451
vt 0.940879 0.579612
vt 0.931730 0.579612
vt 0.931730 0.568451
vt 0.318211 0.971006
vt 0.310765 0.971006
vt 0.310765 0.961857
vt 0.318211 0.961857
vt 0.172181 0.925672
vt 0.172181 0.936832
vt 0.163032 0.936832
vt 0.163032 0.925672
vt 0.288552 0.568798
vt 0.295709 0.568798
vt 0.244168 0.568798
vt 0.251613 0.568798
vt 0.198401 0.925672
vt 0.198401 0.936832
vt 0.189252 0.936832
vt 0.189252 0.925672
vt 0.941633 0.767991
vt 0.941633 0.779151
vt 0.932484 0.779151
vt 0.932484 0.767991
vt 0.836857 0.550395
vt 0.833134 0.550395
vt 0.833134 0.541245
vt 0.836857 0.541245
vt 0.466022 0.927048
vt 0.466022 0.938209
vt 0.456873 0.938209
vt 0.456873 0.927048
vt 0.687341 0.139200
vt 0.679899 0.139200
vt 0.679899 0.130050
vt 0.687341 0.130050
vt 0.981167 0.693105
vt 0.973725 0.693105
vt 0.973725 0.683956
vt 0.981167 0.683956
vt 0.668295 0.568451
vt 0.672016 0.568451
vt 0.938601 0.895541
vt 0.938601 0.906701
vt 0.929452 0.906701
vt 0.929452 0.895541
vt 0.395914 0.614046
vt 0.403071 0.614046
vt 0.977446 0.719325
vt 0.973725 0.719325
vt 0.973725 0.710176
vt 0.977446 0.710176
vt 0.938601 0.923772
vt 0.938601 0.934932
vt 0.929452 0.934932
vt 0.929452 0.923772
vt 0.440010 0.614046
vt 0.447456 0.614046
vt 0.280186 0.972452
vt 0.276465 0.972452
vt 0.276465 0.963303
vt 0.280186 0.963303
vt 0.698063 0.568451
vt 0.705505 0.568451
vt 0.747742 0.974160
vt 0.740300 0.974160
vt 0.740300 0.965011
vt 0.747742 0.965011
vt 0.888276 0.665804
vt 0.880831 0.665804
vt 0.880831 0.656655
vt 0.888276 0.656655
vt 0.834574 0.974186
vt 0.827132 0.974186
vt 0.827132 0.965037
vt 0.834574 0.965037
vt 0.939190 0.858121
vt 0.939190 0.869281
vt 0.930041 0.869281
vt 0.930041 0.858121
vt 0.939364 0.619189
vt 0.939364 0.630350
vt 0.930215 0.630350
vt 0.930215 0.619189
vt 0.259105 0.935040
vt 0.259105 0.946201
vt 0.249956 0.946201
vt 0.249956 0.935040
vt 0.946230 0.263824
vt 0.946230 0.274984
vt 0.937081 0.274984
vt 0.937081 0.263824
vt 0.939364 0.647420
vt 0.939364 0.658581
vt 0.930215 0.658581
vt 0.930215 0.647420
vt 0.080991 0.928225
vt 0.080991 0.939386
vt 0.071842 0.939386
vt 0.071842 0.928225
vt 0.285614 0.935072
vt 0.285614 0.946233
vt 0.276465 0.946233
vt 0.276465 0.935072
vt 0.672457 0.139200
vt 0.665015 0.139200
vt 0.665015 0.130050
vt 0.672457 0.130050
vt 0.556634 0.928393
vt 0.556634 0.939553
vt 0.547485 0.939553
vt 0.547485 0.928393
vt 0.868777 0.081595
vt 0.861336 0.081595
vt 0.861336 0.059273
vt 0.868777 0.059273
vt 0.862596 0.841050
vt 0.855156 0.841050
vt 0.855156 0.818729
vt 0.862596 0.818729
vt 0.863760 0.641511
vt 0.856320 0.641511
vt 0.856320 0.619189
vt 0.863760 0.619189
vt 0.865275 0.590772
vt 0.857834 0.590772
vt 0.857834 0.568451
vt 0.865275 0.568451
vt 0.868808 0.512828
vt 0.861368 0.512828
vt 0.861368 0.490507
vt 0.868808 0.490507
vt 0.869714 0.424890
vt 0.862273 0.424890
vt 0.862273 0.402569
vt 0.869714 0.402569
vt 0.869106 0.030857
vt 0.861666 0.030857
vt 0.861666 0.008535
vt 0.869106 0.008535
vt 0.866436 0.790312
vt 0.858996 0.790312
vt 0.858996 0.767991
vt 0.866436 0.767991
vt 0.168337 0.256204
vt 0.190658 0.256204
vt 0.556298 0.130050
vt 0.563738 0.130050
vt 0.430932 0.817489
vt 0.430932 0.839811
vt 0.421958 0.839811
vt 0.421958 0.817489
vt 0.785998 0.818729
vt 0.785998 0.841050
vt 0.777025 0.841050
vt 0.777025 0.818729
vt 0.812042 0.818729
vt 0.812042 0.841050
vt 0.803069 0.841050
vt 0.803069 0.818729
vt 0.838086 0.818729
vt 0.838086 0.841050
vt 0.829112 0.841050
vt 0.829112 0.818729
vt 0.374174 0.981647
vt 0.366734 0.981647
vt 0.366734 0.972674
vt 0.374174 0.972674
vt 0.608545 0.822391
vt 0.608545 0.844712
vt 0.599572 0.844712
vt 0.599572 0.822391
vt 0.206666 0.136311
vt 0.571179 0.130050
vt 0.578619 0.130050
vt 0.638143 0.130050
vt 0.645583 0.130050
vt 0.985148 0.823976
vt 0.977707 0.823976
vt 0.977707 0.815003
vt 0.985148 0.815003
vt 0.634589 0.822391
vt 0.634589 0.844712
vt 0.625616 0.844712
vt 0.625616 0.822391
vt 0.168337 0.371533
vt 0.190658 0.371533
vt 0.987894 0.960976
vt 0.980453 0.960976
vt 0.980453 0.952003
vt 0.987894 0.952003
vt 0.352317 0.311637
vt 0.374638 0.311637
vt 0.075499 0.559326
vt 0.082940 0.559326
vt 0.987894 0.987020
vt 0.980453 0.987020
vt 0.980453 0.978046
vt 0.987894 0.978046
vt 0.117380 0.113990
vt 0.117380 0.136311
vt 0.008535 0.559326
vt 0.015976 0.559326
vt 0.849134 0.449401
vt 0.849134 0.471722
vt 0.840161 0.471722
vt 0.840161 0.449401
vt 0.936892 0.989029
vt 0.929452 0.989029
vt 0.929452 0.980056
vt 0.936892 0.980056
vt 0.090380 0.559326
vt 0.097821 0.559326
vt 0.988612 0.904514
vt 0.981172 0.904514
vt 0.981172 0.895541
vt 0.988612 0.895541
vt 0.206666 0.113990
vt 0.206666 0.117710
vt 0.080815 0.822223
vt 0.080815 0.844545
vt 0.071842 0.844545
vt 0.071842 0.822223
vt 0.851153 0.180789
vt 0.851153 0.203110
vt 0.842180 0.203110
vt 0.842180 0.180789
vt 0.731994 0.154081
vt 0.724552 0.154081
vt 0.731994 0.161521
vt 0.724552 0.161521
vt 0.731994 0.168962
vt 0.724552 0.168962
vt 0.731994 0.176402
vt 0.724552 0.176402
vt 0.731994 0.183842
vt 0.724552 0.183842
vt 0.731994 0.191283
vt 0.724552 0.191283
vt 0.731994 0.198723
vt 0.724552 0.198723
vt 0.731994 0.206164
vt 0.724552 0.206164
vt 0.731994 0.213604
vt 0.724552 0.213604
vt 0.731994 0.221045
vt 0.724552 0.221045
vt 0.731994 0.228485
vt 0.724552 0.228485
vt 0.713389 0.154081
vt 0.709668 0.154081
vt 0.713389 0.161521
vt 0.709668 0.161521
vt 0.713389 0.168962
vt 0.709668 0.168962
vt 0.713389 0.176402
vt 0.709668 0.176402
vt 0.713389 0.183842
vt 0.709668 0.183842
vt 0.698504 0.154081
vt 0.694783 0.154081
vt 0.698504 0.161521
vt 0.694783 0.161521
vt 0.698504 0.168962
vt 0.694783 0.168962
vt 0.698504 0.176402
vt 0.694783 0.176402
vt 0.698504 0.183842
vt 0.694783 0.183842
vt 0.687341 0.154081
vt 0.679899 0.154081
vt 0.687341 0.161521
vt 0.679899 0.161521
vt 0.687341 0.168962
vt 0.679899 0.168962
vt 0.687341 0.176402
vt 0.679899 0.176402
vt 0.687341 0.183842
vt 0.679899 0.183842
vt 0.687341 0.191283
vt 0.679899 0.191283
vt 0.687341 0.198723
vt 0.679899 0.198723
vt 0.687341 0.206164
vt 0.679899 0.206164
vt 0.687341 0.213604
vt 0.679899 0.213604
vt 0.687341 0.221045
vt 0.679899 0.221045
vt 0.687341 0.228485
vt 0.679899 0.228485
vt 0.556298 0.228309
vt 0.556298 0.220869
vt 0.563738 0.220869
vt 0.563738 0.228309
vt 0.556298 0.213429
vt 0.563738 0.213429
vt 0.556298 0.205988
vt 0.563738 0.205988
vt 0.556298 0.198548
vt 0.563738 0.198548
vt 0.556298 0.191107
vt 0.563738 0.191107
vt 0.556298 0.183667
vt 0.563738 0.183667
vt 0.556298 0.176226
vt 0.563738 0.176226
vt 0.556298 0.168786
vt 0.563738 0.168786
vt 0.556298 0.161345
vt 0.563738 0.161345
vt 0.571179 0.228309
vt 0.571179 0.220869
vt 0.578619 0.220869
vt 0.578619 0.228309
vt 0.571179 0.213429
vt 0.578619 0.213429
vt 0.571179 0.205988
vt 0.578619 0.205988
vt 0.571179 0.198548
vt 0.578619 0.198548
vt 0.571179 0.191107
vt 0.578619 0.191107
vt 0.571179 0.183667
vt 0.578619 0.183667
vt 0.571179 0.176226
vt 0.578619 0.176226
vt 0.571179 0.168786
vt 0.578619 0.168786
vt 0.571179 0.161345
vt 0.578619 0.161345
vt 0.589780 0.161345
vt 0.593500 0.161345
vt 0.604661 0.161345
vt 0.608381 0.161345
vt 0.615822 0.228309
vt 0.615822 0.220869
vt 0.623262 0.220869
vt 0.623262 0.228309
vt 0.615822 0.213429
vt 0.623262 0.213429
vt 0.615822 0.205988
vt 0.623262 0.205988
vt 0.615822 0.198548
vt 0.623262 0.198548
vt 0.615822 0.191107
vt 0.623262 0.191107
vt 0.615822 0.183667
vt 0.623262 0.183667
vt 0.615822 0.176226
vt 0.623262 0.176226
vt 0.615822 0.168786
vt 0.623262 0.168786
vt 0.615822 0.161345
vt 0.623262 0.161345
vt 0.630702 0.228309
vt 0.630702 0.220869
vt 0.638143 0.220869
vt 0.638143 0.228309
vt 0.630702 0.213429
vt 0.638143 0.213429
vt 0.630702 0.205988
vt 0.638143 0.205988
vt 0.630702 0.198548
vt 0.638143 0.198548
vt 0.630702 0.191107
vt 0.638143 0.191107
vt 0.630702 0.183667
vt 0.638143 0.183667
vt 0.630702 0.176226
vt 0.638143 0.176226
vt 0.630702 0.168786
vt 0.638143 0.168786
vt 0.630702 0.161345
vt 0.638143 0.161345
vt 0.395914 0.712481
vt 0.395914 0.705040
vt 0.403071 0.705040
vt 0.403071 0.712481
vt 0.395914 0.697600
vt 0.403071 0.697600
vt 0.395914 0.690159
vt 0.403071 0.690159
vt 0.395914 0.682719
vt 0.403071 0.682719
vt 0.395914 0.675278
vt 0.403071 0.675278
vt 0.395914 0.667838
vt 0.403071 0.667838
vt 0.395914 0.660397
vt 0.403071 0.660397
vt 0.395914 0.652957
vt 0.403071 0.652957
vt 0.395914 0.645516
vt 0.403071 0.645516
vt 0.413950 0.667838
vt 0.413950 0.660397
vt 0.417673 0.660397
vt 0.417673 0.667838
vt 0.413950 0.652957
vt 0.417673 0.652957
vt 0.413950 0.645516
vt 0.417673 0.645516
vt 0.440010 0.712481
vt 0.440010 0.705040
vt 0.447456 0.705040
vt 0.447456 0.712481
vt 0.440010 0.697600
vt 0.447456 0.697600
vt 0.440010 0.690159
vt 0.447456 0.690159
vt 0.440010 0.682719
vt 0.447456 0.682719
vt 0.440010 0.675278
vt 0.447456 0.675278
vt 0.440010 0.667838
vt 0.447456 0.667838
vt 0.440010 0.660397
vt 0.447456 0.660397
vt 0.440010 0.652957
vt 0.447456 0.652957
vt 0.440010 0.645516
vt 0.447456 0.645516
vt 0.428842 0.667838
vt 0.428842 0.660397
vt 0.432564 0.660397
vt 0.432564 0.667838
vt 0.428842 0.652957
vt 0.432564 0.652957
vt 0.428842 0.645516
vt 0.432564 0.645516
vt 0.612101 0.161345
vt 0.597220 0.161345
vt 0.600941 0.161345
vt 0.586060 0.220869
vt 0.586060 0.228309
vt 0.586060 0.213429
vt 0.586060 0.205988
vt 0.586060 0.198548
vt 0.586060 0.191107
vt 0.586060 0.183667
vt 0.586060 0.176226
vt 0.586060 0.168786
vt 0.586060 0.161345
vt 0.672457 0.154081
vt 0.665015 0.154081
vt 0.672457 0.161521
vt 0.665015 0.161521
vt 0.672457 0.168962
vt 0.665015 0.168962
vt 0.672457 0.176402
vt 0.665015 0.176402
vt 0.672457 0.183842
vt 0.665015 0.183842
vt 0.672457 0.191283
vt 0.665015 0.191283
vt 0.672457 0.198723
vt 0.665015 0.198723
vt 0.672457 0.206164
vt 0.665015 0.206164
vt 0.672457 0.213604
vt 0.665015 0.213604
vt 0.672457 0.221045
vt 0.665015 0.221045
vt 0.672457 0.228485
vt 0.665015 0.228485
vt 0.462347 0.712481
vt 0.462347 0.705040
vt 0.467887 0.705040
vt 0.467887 0.712481
vt 0.462347 0.697600
vt 0.467887 0.697600
vt 0.462347 0.690159
vt 0.467887 0.690159
vt 0.462347 0.682719
vt 0.467887 0.682719
vt 0.462347 0.675278
vt 0.467887 0.675278
vt 0.462347 0.667838
vt 0.467887 0.667838
vt 0.462347 0.660397
vt 0.467887 0.660397
vt 0.462347 0.652957
vt 0.467887 0.652957
vt 0.462347 0.645516
vt 0.467887 0.645516
vt 0.454901 0.705040
vt 0.454901 0.712481
vt 0.454901 0.697600
vt 0.454901 0.690159
vt 0.454901 0.682719
vt 0.454901 0.675278
vt 0.454901 0.667838
vt 0.454901 0.660397
vt 0.454901 0.652957
vt 0.454901 0.645516
vt 0.726544 0.252996
vt 0.726544 0.245556
vt 0.729034 0.245576
vt 0.729034 0.253016
vt 0.292003 0.706624
vt 0.292003 0.714065
vt 0.289513 0.714085
vt 0.289513 0.706645
vt 0.436287 0.667838
vt 0.436287 0.660397
vt 0.436287 0.652957
vt 0.436287 0.645516
vt 0.653410 0.855768
vt 0.653410 0.852046
vt 0.655900 0.852046
vt 0.655900 0.855768
vt 0.370496 0.793738
vt 0.370496 0.786297
vt 0.372986 0.786318
vt 0.372986 0.793758
vt 0.865080 0.278715
vt 0.865080 0.282438
vt 0.862591 0.282438
vt 0.862591 0.278715
vt 0.726544 0.260436
vt 0.729034 0.260457
vt 0.292003 0.699184
vt 0.289513 0.699204
vt 0.421396 0.667838
vt 0.421396 0.660397
vt 0.425119 0.660397
vt 0.425119 0.667838
vt 0.421396 0.652957
vt 0.425119 0.652957
vt 0.421396 0.645516
vt 0.425119 0.645516
vt 0.410227 0.705040
vt 0.410227 0.712481
vt 0.410227 0.697600
vt 0.410227 0.690159
vt 0.410227 0.682719
vt 0.410227 0.675278
vt 0.410227 0.667838
vt 0.410227 0.660397
vt 0.410227 0.652957
vt 0.410227 0.645516
vt 0.662654 0.154081
vt 0.662654 0.139200
vt 0.662654 0.161521
vt 0.662654 0.168962
vt 0.662654 0.176402
vt 0.662654 0.183842
vt 0.662654 0.191283
vt 0.662654 0.198723
vt 0.662654 0.206164
vt 0.662654 0.213604
vt 0.662654 0.221045
vt 0.662654 0.228485
vt 0.691062 0.139200
vt 0.691062 0.154081
vt 0.691062 0.161521
vt 0.691062 0.168962
vt 0.691062 0.176402
vt 0.691062 0.183842
vt 0.866014 0.329896
vt 0.866014 0.333617
vt 0.863525 0.333617
vt 0.863525 0.329896
vt 0.370496 0.778857
vt 0.372986 0.778877
vt 0.879667 0.837329
vt 0.879667 0.833608
vt 0.882156 0.833608
vt 0.882156 0.837329
vt 0.292003 0.691743
vt 0.289513 0.691764
vt 0.726544 0.267877
vt 0.729034 0.267897
vt 0.292003 0.684303
vt 0.289513 0.684323
vt 0.705946 0.139200
vt 0.705946 0.154081
vt 0.702225 0.154081
vt 0.702225 0.139200
vt 0.705946 0.161521
vt 0.702225 0.161521
vt 0.705946 0.168962
vt 0.702225 0.168962
vt 0.705946 0.176402
vt 0.702225 0.176402
vt 0.705946 0.183842
vt 0.702225 0.183842
vt 0.726544 0.275317
vt 0.729034 0.275338
vt 0.865080 0.267547
vt 0.865080 0.271269
vt 0.862591 0.271269
vt 0.862591 0.267547
vt 0.376106 0.675171
vt 0.376106 0.697492
vt 0.376086 0.699982
vt 0.376086 0.677660
vt 0.726544 0.282758
vt 0.729034 0.282778
vt 0.461309 0.839647
vt 0.461309 0.843368
vt 0.458820 0.843368
vt 0.458820 0.840675
vt 0.458820 0.839647
vt 0.840161 0.413729
vt 0.840161 0.410009
vt 0.842650 0.410009
vt 0.842650 0.413729
vt 0.717110 0.154081
vt 0.717110 0.139200
vt 0.717110 0.161521
vt 0.717110 0.168962
vt 0.717110 0.176402
vt 0.717110 0.183842
vt 0.717110 0.191283
vt 0.717110 0.198723
vt 0.717110 0.206164
vt 0.717110 0.213604
vt 0.717110 0.221045
vt 0.717110 0.228485
vt 0.168337 0.469792
vt 0.168337 0.462352
vt 0.190658 0.462352
vt 0.190658 0.469792
vt 0.168337 0.454911
vt 0.190658 0.454911
vt 0.168337 0.447471
vt 0.190658 0.447471
vt 0.168337 0.440030
vt 0.190658 0.440030
vt 0.168337 0.432590
vt 0.190658 0.432590
vt 0.168337 0.425149
vt 0.190658 0.425149
vt 0.168337 0.417709
vt 0.190658 0.417709
vt 0.168337 0.410268
vt 0.190658 0.410268
vt 0.168337 0.402828
vt 0.190658 0.402828
vt 0.645583 0.220869
vt 0.645583 0.228309
vt 0.645583 0.213429
vt 0.645583 0.205988
vt 0.645583 0.198548
vt 0.645583 0.191107
vt 0.645583 0.183667
vt 0.645583 0.176226
vt 0.645583 0.168786
vt 0.645583 0.161345
vt 0.168337 0.354463
vt 0.168337 0.347022
vt 0.190658 0.347022
vt 0.190658 0.354463
vt 0.168337 0.339582
vt 0.190658 0.339582
vt 0.168337 0.332141
vt 0.190658 0.332141
vt 0.168337 0.324701
vt 0.190658 0.324701
vt 0.168337 0.317261
vt 0.190658 0.317261
vt 0.168337 0.309820
vt 0.190658 0.309820
vt 0.168337 0.302380
vt 0.190658 0.302380
vt 0.168337 0.294939
vt 0.190658 0.294939
vt 0.168337 0.287499
vt 0.190658 0.287499
vt 0.726544 0.290198
vt 0.729034 0.290219
vt 0.840161 0.406289
vt 0.842650 0.406289
vt 0.865080 0.289884
vt 0.862591 0.289884
vt 0.862591 0.286953
vt 0.862591 0.286161
vt 0.865080 0.286161
vt 0.866014 0.318733
vt 0.866014 0.322454
vt 0.863525 0.322454
vt 0.863525 0.318733
vt 0.879667 0.822445
vt 0.879667 0.818724
vt 0.882156 0.818724
vt 0.882156 0.822445
vt 0.075499 0.133679
vt 0.075499 0.129959
vt 0.077989 0.129959
vt 0.077989 0.133679
vt 0.840580 0.550395
vt 0.840580 0.541245
vt 0.432564 0.614046
vt 0.598220 0.967784
vt 0.598220 0.956624
vt 0.071842 0.967617
vt 0.071842 0.956456
vt 0.359762 0.551445
vt 0.359762 0.542296
vt 0.266505 0.568798
vt 0.264459 0.627336
vt 0.266235 0.627500
vt 0.828958 0.721158
vt 0.828958 0.728599
vt 0.826469 0.728619
vt 0.826469 0.721179
vt 0.866014 0.326175
vt 0.863525 0.326175
vt 0.205150 0.762528
vt 0.205170 0.765017
vt 0.205170 0.787338
vt 0.205150 0.784849
vt 0.828958 0.713718
vt 0.826469 0.713738
vt 0.653410 0.859491
vt 0.655900 0.859491
vt 0.828958 0.706277
vt 0.826469 0.706298
vt 0.184345 0.043858
vt 0.255530 0.630801
vt 0.259059 0.628780
vt 0.258493 0.629031
vt 0.139702 0.043858
vt 0.840161 0.421170
vt 0.840161 0.417450
vt 0.842650 0.417450
vt 0.842650 0.421170
vt 0.828958 0.698837
vt 0.826469 0.698857
vt 0.828958 0.691397
vt 0.826469 0.691417
vt 0.879667 0.829887
vt 0.882156 0.829887
vt 0.184345 0.058749
vt 0.270425 0.629031
vt 0.273950 0.631210
vt 0.273388 0.630801
vt 0.139702 0.058749
vt 0.658512 0.790312
vt 0.658512 0.797752
vt 0.656022 0.797773
vt 0.656022 0.790332
vt 0.653410 0.866937
vt 0.653410 0.863214
vt 0.655900 0.863214
vt 0.655900 0.866937
vt 0.828958 0.683956
vt 0.826469 0.683977
vt 0.840161 0.432331
vt 0.840161 0.428610
vt 0.842650 0.428610
vt 0.842650 0.432331
vt 0.458820 0.835927
vt 0.458820 0.832207
vt 0.461309 0.832207
vt 0.461309 0.835927
vt 0.075499 0.118798
vt 0.075499 0.115078
vt 0.077989 0.115078
vt 0.077989 0.118798
vt 0.658512 0.805193
vt 0.656022 0.805213
vt 0.117380 0.117710
vt 0.040990 0.657585
vt 0.040990 0.604014
vt 0.879667 0.826166
vt 0.882156 0.826166
vt 0.658512 0.812633
vt 0.656022 0.812654
vt 0.653410 0.870660
vt 0.655900 0.870660
vt 0.840161 0.424890
vt 0.842650 0.424890
vt 0.658512 0.820074
vt 0.656022 0.820094
vt 0.653410 0.878105
vt 0.653410 0.874383
vt 0.655900 0.874383
vt 0.655900 0.878105
vt 0.458820 0.796515
vt 0.458820 0.789075
vt 0.461309 0.789095
vt 0.461309 0.796535
vt 0.658512 0.827514
vt 0.656022 0.827535
vt 0.863525 0.334608
vt 0.866014 0.337338
vt 0.863525 0.337338
vt 0.047799 0.600009
vt 0.458820 0.781634
vt 0.461309 0.781655
vt 0.658512 0.834955
vt 0.656022 0.834975
vt 0.458820 0.774194
vt 0.461309 0.774214
vt 0.865080 0.274992
vt 0.862591 0.274992
vt 0.461309 0.824767
vt 0.461309 0.828487
vt 0.458820 0.828487
vt 0.458820 0.824767
vt 0.863525 0.314779
vt 0.863525 0.311290
vt 0.866014 0.311290
vt 0.866014 0.315012
vt 0.863525 0.315012
vt 0.458820 0.766753
vt 0.461309 0.766774
vt 0.056898 0.599499
vt 0.055761 0.599149
vt 0.458820 0.759313
vt 0.461309 0.759333
vt 0.292003 0.743827
vt 0.292003 0.751267
vt 0.289513 0.751288
vt 0.289513 0.743847
vt 0.840161 0.402569
vt 0.842650 0.402569
vt 0.139702 0.192120
vt 0.184345 0.192120
vt 0.678695 0.628685
vt 0.679458 0.628346
vt 0.458820 0.751872
vt 0.461309 0.751893
vt 0.292003 0.736386
vt 0.289513 0.736407
vt 0.634901 0.793974
vt 0.634901 0.771652
vt 0.634921 0.774142
vt 0.634921 0.796463
vt 0.862591 0.267123
vt 0.862591 0.263824
vt 0.865080 0.263824
vt 0.370496 0.823500
vt 0.370496 0.816059
vt 0.372986 0.816079
vt 0.372986 0.823520
vt 0.283907 0.972452
vt 0.283907 0.963303
vt 0.971000 0.490507
vt 0.971000 0.501668
vt 0.970968 0.059273
vt 0.970968 0.070434
vt 0.702225 0.130050
vt 0.684661 0.626989
vt 0.686436 0.627153
vt 0.345565 0.971054
vt 0.345565 0.961905
vt 0.690621 0.568451
vt 0.461309 0.813606
vt 0.461309 0.817326
vt 0.458820 0.817326
vt 0.458820 0.816299
vt 0.458820 0.813606
vt 0.458820 0.744432
vt 0.461309 0.744452
vt 0.292003 0.728946
vt 0.289513 0.728966
vt 0.370496 0.808619
vt 0.372986 0.808639
vt 0.879667 0.815003
vt 0.882156 0.815003
vt 0.458820 0.736991
vt 0.461309 0.737012
vt 0.139702 0.207004
vt 0.184345 0.207004
vt 0.690626 0.628684
vt 0.693589 0.630454
vt 0.413950 0.675278
vt 0.413950 0.682719
vt 0.413950 0.690159
vt 0.413950 0.697600
vt 0.413950 0.705040
vt 0.413950 0.712481
vt 0.953966 0.749567
vt 0.953966 0.740418
vt 0.573704 0.967784
vt 0.573704 0.956624
vt 0.547485 0.967784
vt 0.547485 0.956624
vt 0.281396 0.568798
vt 0.929450 0.749567
vt 0.929450 0.740418
vt 0.053178 0.185018
vt 0.053178 0.185018
vt 0.048643 0.185197
vt 0.417673 0.614046
vt 0.376106 0.717052
vt 0.376106 0.739373
vt 0.376086 0.741863
vt 0.376086 0.719541
vt 0.292003 0.721505
vt 0.289513 0.721526
vt 0.370496 0.801178
vt 0.372986 0.801199
vt 0.458820 0.729551
vt 0.461309 0.729571
vt 0.461309 0.821046
vt 0.458820 0.821046
vt 0.879667 0.841050
vt 0.882156 0.841050
vt 0.097821 0.110330
vt 0.096583 0.109891
vt 0.087281 0.107670
vt 0.008535 0.110330
vt 0.019075 0.107670
vt 0.009773 0.109891
vt 0.061856 0.601655
vt 0.713389 0.228485
vt 0.713389 0.221045
vt 0.713389 0.213604
vt 0.713389 0.206164
vt 0.713389 0.198723
vt 0.713389 0.191283
vt 0.981167 0.719325
vt 0.981167 0.710176
vt 0.675737 0.568451
vt 0.717110 0.130050
vt 0.972180 0.529899
vt 0.972180 0.541059
vt 0.656746 0.960827
vt 0.656746 0.971987
vt 0.053178 0.060018
vt 0.059710 0.059761
vt 0.042601 0.059270
vt 0.046646 0.059761
vt 0.720385 0.974206
vt 0.720385 0.965057
vt 0.582345 0.245380
vt 0.582345 0.252820
vt 0.578624 0.252820
vt 0.578624 0.245380
vt 0.091465 0.988407
vt 0.091465 0.984687
vt 0.094018 0.984687
vt 0.094018 0.988407
vt 0.933646 0.162963
vt 0.933646 0.159241
vt 0.936199 0.159241
vt 0.936199 0.162963
vt 0.582345 0.267701
vt 0.582345 0.275142
vt 0.578624 0.275142
vt 0.578624 0.267701
vt 0.142248 0.906104
vt 0.142248 0.898663
vt 0.144860 0.898663
vt 0.144860 0.906104
vt 0.052728 0.961337
vt 0.052728 0.968777
vt 0.050116 0.968777
vt 0.050116 0.961337
vt 0.463862 0.737012
vt 0.463862 0.744452
vt 0.567461 0.290023
vt 0.563740 0.290023
vt 0.563740 0.290002
vt 0.567461 0.290002
vt 0.784465 0.750900
vt 0.784465 0.750920
vt 0.780745 0.750920
vt 0.780745 0.750900
vt 0.780745 0.697231
vt 0.780745 0.691397
vt 0.784465 0.691397
vt 0.784465 0.695029
vt 0.782744 0.695888
vt 0.780745 0.683956
vt 0.784465 0.683956
vt 0.799346 0.750920
vt 0.795626 0.750920
vt 0.795626 0.750900
vt 0.799346 0.750900
vt 0.795626 0.691397
vt 0.799346 0.691397
vt 0.799346 0.695029
vt 0.797585 0.694149
vt 0.795626 0.693547
vt 0.795626 0.683956
vt 0.799346 0.683956
vt 0.731645 0.275338
vt 0.731645 0.282778
vt 0.463921 0.839647
vt 0.463921 0.843368
vt 0.168337 0.516624
vt 0.168337 0.509184
vt 0.172059 0.509184
vt 0.172059 0.516624
vt 0.884709 0.822445
vt 0.884709 0.826166
vt 0.773075 0.111817
vt 0.771739 0.112261
vt 0.770522 0.112261
vt 0.770522 0.104820
vt 0.773075 0.104820
vt 0.168337 0.494303
vt 0.168337 0.486862
vt 0.172059 0.486862
vt 0.172059 0.494303
vt 0.186951 0.531505
vt 0.183228 0.531505
vt 0.183228 0.531485
vt 0.186951 0.531485
vt 0.586731 0.988430
vt 0.586731 0.984855
vt 0.589284 0.984855
vt 0.589284 0.988575
vt 0.587140 0.988575
vt 0.868626 0.311290
vt 0.868626 0.315012
vt 0.142248 0.913544
vt 0.144860 0.913544
vt 0.803212 0.728599
vt 0.806787 0.728599
vt 0.806787 0.736039
vt 0.803211 0.736039
vt 0.526566 0.985491
vt 0.526566 0.989211
vt 0.524076 0.989211
vt 0.524076 0.985636
vt 0.524485 0.985491
vt 0.463798 0.759333
vt 0.463798 0.766774
vt 0.803211 0.706278
vt 0.806787 0.706278
vt 0.806787 0.713718
vt 0.803211 0.713718
vt 0.880201 0.980104
vt 0.882167 0.980104
vt 0.882167 0.981603
vt 0.882118 0.981539
vt 0.854198 0.981028
vt 0.854198 0.988468
vt 0.851645 0.988468
vt 0.851645 0.981028
vt 0.803066 0.691397
vt 0.803066 0.683956
vt 0.806787 0.683956
vt 0.806787 0.691397
vt 0.791906 0.750920
vt 0.788186 0.750920
vt 0.788186 0.750900
vt 0.791906 0.750900
vt 0.788186 0.691397
vt 0.791906 0.691397
vt 0.791906 0.692959
vt 0.789178 0.693242
vt 0.788186 0.693547
vt 0.884709 0.829887
vt 0.884709 0.833608
vt 0.867692 0.263824
vt 0.867692 0.267547
vt 0.731645 0.290219
vt 0.190674 0.516624
vt 0.190674 0.509184
vt 0.194397 0.509184
vt 0.194397 0.516624
vt 0.845203 0.413729
vt 0.845203 0.417450
vt 0.951353 0.600403
vt 0.951353 0.596682
vt 0.953906 0.596682
vt 0.953906 0.600403
vt 0.190674 0.494303
vt 0.190674 0.486862
vt 0.194397 0.486862
vt 0.194397 0.494303
vt 0.179505 0.531505
vt 0.175782 0.531505
vt 0.175782 0.531485
vt 0.179505 0.531485
vt 0.182655 0.989396
vt 0.182655 0.985676
vt 0.185208 0.985676
vt 0.185208 0.989396
vt 0.560019 0.245380
vt 0.560019 0.252820
vt 0.556298 0.252820
vt 0.556298 0.245380
vt 0.823916 0.706298
vt 0.823916 0.698857
vt 0.823916 0.691417
vt 0.560019 0.267701
vt 0.560019 0.275142
vt 0.556298 0.275142
vt 0.556298 0.267701
vt 0.463921 0.789095
vt 0.463921 0.796535
vt 0.868626 0.333617
vt 0.868626 0.337338
vt 0.202278 0.985677
vt 0.202278 0.981956
vt 0.204831 0.981956
vt 0.204831 0.985677
vt 0.574903 0.290023
vt 0.571182 0.290023
vt 0.571182 0.290002
vt 0.574903 0.290002
vt 0.547485 0.988575
vt 0.547485 0.984855
vt 0.550037 0.984855
vt 0.550037 0.988575
vt 0.187951 0.494303
vt 0.186951 0.493859
vt 0.186951 0.486862
vt 0.188182 0.494406
vt 0.187951 0.494303
vt 0.190674 0.501743
vt 0.190468 0.501743
vt 0.190468 0.495771
vt 0.190468 0.509184
vt 0.190468 0.516624
vt 0.190674 0.524065
vt 0.190468 0.524065
vt 0.190674 0.531505
vt 0.190468 0.531485
vt 0.175151 0.494303
vt 0.175782 0.486862
vt 0.175782 0.494023
vt 0.172634 0.501743
vt 0.172059 0.501743
vt 0.174920 0.494406
vt 0.172634 0.495771
vt 0.172634 0.509184
vt 0.172634 0.516624
vt 0.172059 0.524065
vt 0.172634 0.524065
vt 0.172634 0.531485
vt 0.172059 0.531505
vt 0.172634 0.524065
vt 0.799346 0.695029
vt 0.803066 0.697231
vt 0.801067 0.695888
vt 0.803066 0.750900
vt 0.803066 0.750920
vt 0.100310 0.129959
vt 0.100310 0.133679
vt 0.286961 0.706645
vt 0.286961 0.699204
vt 0.795626 0.693547
vt 0.794633 0.693242
vt 0.788186 0.683956
vt 0.786226 0.694149
vt 0.784465 0.750900
vt 0.788186 0.750900
vt 0.100310 0.115078
vt 0.100310 0.118798
vt 0.578617 0.290002
vt 0.578617 0.282582
vt 0.578624 0.282582
vt 0.578624 0.290023
vt 0.574903 0.290002
vt 0.578617 0.275142
vt 0.578617 0.267701
vt 0.578617 0.260261
vt 0.578624 0.260261
vt 0.576332 0.252923
vt 0.576101 0.252820
vt 0.578617 0.254288
vt 0.574903 0.252289
vt 0.574903 0.245380
vt 0.576100 0.252820
vt 0.567461 0.290002
vt 0.571182 0.290002
vt 0.456873 0.987053
vt 0.456873 0.983332
vt 0.459426 0.983332
vt 0.459426 0.987053
vt 0.560784 0.290002
vt 0.563740 0.290002
vt 0.560019 0.290023
vt 0.560019 0.282582
vt 0.560784 0.282582
vt 0.560784 0.275142
vt 0.560784 0.267701
vt 0.560019 0.260261
vt 0.560784 0.260261
vt 0.560784 0.254288
vt 0.563301 0.252820
vt 0.563069 0.252923
vt 0.563740 0.245380
vt 0.563740 0.252625
vt 0.777025 0.691397
vt 0.777025 0.683956
vt 0.286961 0.691764
vt 0.658453 0.866937
vt 0.658453 0.870660
vt 0.777025 0.713718
vt 0.777025 0.706278
vt 0.780600 0.706278
vt 0.780600 0.713718
vt 0.988777 0.008535
vt 0.990858 0.008535
vt 0.990858 0.015976
vt 0.988777 0.015976
vt 0.507006 0.989211
vt 0.504517 0.989211
vt 0.504517 0.985636
vt 0.504926 0.985491
vt 0.507006 0.985491
vt 0.777025 0.736039
vt 0.777025 0.728599
vt 0.780600 0.728599
vt 0.780600 0.736039
vt 0.910998 0.041446
vt 0.910998 0.037725
vt 0.913610 0.037725
vt 0.913610 0.041446
vt 0.141520 0.970006
vt 0.143722 0.970006
vt 0.143722 0.977447
vt 0.141111 0.977447
vt 0.141111 0.977426
vt 0.141520 0.977426
vt 0.969682 0.226335
vt 0.969682 0.233776
vt 0.965961 0.233776
vt 0.965961 0.226335
vt 0.969682 0.241216
vt 0.965961 0.241216
vt 0.121724 0.966288
vt 0.122332 0.968510
vt 0.122332 0.970009
vt 0.114891 0.970009
vt 0.114891 0.966288
vt 0.141111 0.945495
vt 0.141111 0.938055
vt 0.144833 0.938055
vt 0.144833 0.945495
vt 0.141111 0.930615
vt 0.144833 0.930615
vt 0.257863 0.909573
vt 0.251094 0.909573
vt 0.251094 0.905850
vt 0.258534 0.905850
vt 0.258534 0.906788
vt 0.257910 0.909073
vt 0.970247 0.376910
vt 0.970247 0.369469
vt 0.973967 0.369469
vt 0.973967 0.376910
vt 0.970247 0.362029
vt 0.973967 0.362029
vt 0.746011 0.112261
vt 0.746011 0.104820
vt 0.749731 0.104820
vt 0.749731 0.112261
vt 0.830851 0.947967
vt 0.830851 0.940526
vt 0.834574 0.940526
vt 0.834574 0.947967
vt 0.830851 0.933086
vt 0.834574 0.933086
vt 0.257910 0.913427
vt 0.258534 0.915712
vt 0.258534 0.917019
vt 0.251094 0.917019
vt 0.251094 0.913296
vt 0.257897 0.913296
vt 0.970543 0.130050
vt 0.970543 0.137491
vt 0.966822 0.137491
vt 0.966822 0.130050
vt 0.970543 0.144931
vt 0.966822 0.144931
vt 0.121707 0.961871
vt 0.121643 0.962567
vt 0.114891 0.962567
vt 0.114891 0.958846
vt 0.122332 0.958846
vt 0.122332 0.959586
vt 0.257709 0.911250
vt 0.257863 0.909573
vt 0.753452 0.104820
vt 0.753452 0.112261
vt 0.121707 0.966225
vt 0.121506 0.964048
vt 0.777025 0.968758
vt 0.777025 0.961317
vt 0.780745 0.961317
vt 0.780745 0.968758
vt 0.777025 0.976198
vt 0.780745 0.976198
vt 0.882167 0.990527
vt 0.882167 0.991268
vt 0.881214 0.991268
vt 0.882118 0.990591
vt 0.463862 0.751893
vt 0.987812 0.271264
vt 0.987812 0.263824
vt 0.990365 0.263824
vt 0.990365 0.271264
vt 0.950362 0.041448
vt 0.950362 0.037725
vt 0.952915 0.037725
vt 0.952915 0.041448
vt 0.987812 0.278705
vt 0.990365 0.278705
vt 0.182655 0.981956
vt 0.185208 0.981956
vt 0.990171 0.317222
vt 0.990171 0.318731
vt 0.988027 0.318731
vt 0.988027 0.311290
vt 0.990580 0.311290
vt 0.990580 0.317125
vt 0.845203 0.421170
vt 0.988039 0.059273
vt 0.990591 0.059273
vt 0.990591 0.066714
vt 0.988448 0.066714
vt 0.988448 0.065205
vt 0.988039 0.065108
vt 0.990171 0.326171
vt 0.988027 0.326171
vt 0.990591 0.074154
vt 0.988448 0.074154
vt 0.990623 0.490507
vt 0.990623 0.497948
vt 0.988070 0.497948
vt 0.988070 0.490507
vt 0.990623 0.505388
vt 0.988070 0.505388
vt 0.931730 0.600405
vt 0.931730 0.596682
vt 0.934283 0.596682
vt 0.934283 0.600405
vt 0.856320 0.665826
vt 0.856320 0.658581
vt 0.858873 0.658581
vt 0.858873 0.666021
vt 0.856907 0.666021
vt 0.957505 0.990286
vt 0.957505 0.991224
vt 0.956289 0.991224
vt 0.957457 0.990350
vt 0.989305 0.233776
vt 0.989305 0.241216
vt 0.986752 0.241216
vt 0.986752 0.233776
vt 0.950021 0.344203
vt 0.950021 0.340481
vt 0.952574 0.340481
vt 0.952574 0.344203
vt 0.731587 0.260457
vt 0.731587 0.267897
vt 0.658453 0.859491
vt 0.658453 0.863214
vt 0.989305 0.226335
vt 0.986752 0.226335
vt 0.731587 0.253016
vt 0.630509 0.938594
vt 0.629556 0.938594
vt 0.629556 0.931154
vt 0.632109 0.931154
vt 0.632109 0.938063
vt 0.987614 0.144931
vt 0.987614 0.137491
vt 0.990166 0.137491
vt 0.990166 0.144931
vt 0.987614 0.130050
vt 0.990166 0.130050
vt 0.905958 0.987723
vt 0.905114 0.987443
vt 0.905114 0.980282
vt 0.907667 0.980282
vt 0.907667 0.987723
vt 0.375539 0.786318
vt 0.375539 0.793758
vt 0.653469 0.812654
vt 0.653469 0.805213
vt 0.375539 0.801199
vt 0.653469 0.797773
vt 0.163032 0.989396
vt 0.163032 0.981956
vt 0.165585 0.981956
vt 0.165585 0.989396
vt 0.071842 0.988408
vt 0.071842 0.984687
vt 0.074395 0.984687
vt 0.074395 0.988408
vt 0.955796 0.980056
vt 0.957505 0.980056
vt 0.957505 0.981362
vt 0.957457 0.981298
vt 0.569660 0.984855
vt 0.569660 0.988575
vt 0.567108 0.988575
vt 0.567108 0.985000
vt 0.567517 0.984855
vt 0.972629 0.094767
vt 0.972629 0.102207
vt 0.968908 0.102207
vt 0.968908 0.094767
vt 0.972629 0.109648
vt 0.968908 0.109648
vt 0.140234 0.878885
vt 0.140234 0.871445
vt 0.143957 0.871445
vt 0.143957 0.878885
vt 0.140234 0.864004
vt 0.143957 0.864004
vt 0.970025 0.195670
vt 0.970025 0.188229
vt 0.973745 0.188229
vt 0.973745 0.195670
vt 0.970025 0.180789
vt 0.973745 0.180789
vt 0.629556 0.914083
vt 0.629556 0.906643
vt 0.633279 0.906643
vt 0.633279 0.914083
vt 0.629556 0.899203
vt 0.633279 0.899203
vt 0.972864 0.449401
vt 0.972864 0.456841
vt 0.969143 0.456841
vt 0.969143 0.449401
vt 0.972864 0.464282
vt 0.969143 0.464282
vt 0.797815 0.968758
vt 0.797815 0.961317
vt 0.801536 0.961317
vt 0.801536 0.968758
vt 0.797815 0.976198
vt 0.801536 0.976198
vt 0.375598 0.808639
vt 0.375598 0.816079
vt 0.910657 0.344203
vt 0.910657 0.340481
vt 0.913269 0.340481
vt 0.913269 0.344203
vt 0.052728 0.976218
vt 0.050116 0.976218
vt 0.823857 0.721179
vt 0.823857 0.713738
vt 0.286902 0.743847
vt 0.286902 0.736407
vt 0.930339 0.344056
vt 0.930339 0.340481
vt 0.932951 0.340481
vt 0.932951 0.344201
vt 0.930748 0.344201
vt 0.375598 0.823520
vt 0.823857 0.728619
vt 0.286902 0.751288
vt 0.463921 0.813606
vt 0.463921 0.817326
vt 0.984547 0.652849
vt 0.984547 0.660290
vt 0.981935 0.660290
vt 0.981935 0.652849
vt 0.983219 0.775431
vt 0.983219 0.767991
vt 0.985831 0.767991
vt 0.985831 0.775431
vt 0.933292 0.041446
vt 0.930680 0.041446
vt 0.930680 0.037870
vt 0.931089 0.037725
vt 0.933292 0.037725
vt 0.984547 0.645409
vt 0.981935 0.645409
vt 0.983219 0.782872
vt 0.985831 0.782872
vt 0.867692 0.286161
vt 0.867692 0.289884
vt 0.985653 0.575891
vt 0.983450 0.575891
vt 0.983450 0.568451
vt 0.985653 0.568451
vt 0.986062 0.583311
vt 0.986062 0.583332
vt 0.983450 0.583332
vt 0.985653 0.575891
vt 0.985653 0.583311
vt 0.823857 0.749412
vt 0.823857 0.745690
vt 0.826469 0.745690
vt 0.826469 0.749412
vt 0.653410 0.834975
vt 0.653410 0.827535
vt 0.913964 0.162962
vt 0.913964 0.159241
vt 0.916576 0.159241
vt 0.916576 0.162962
vt 0.653410 0.820094
vt 0.141520 0.962566
vt 0.143722 0.962566
vt 0.463921 0.781655
vt 0.008535 0.976218
vt 0.008535 0.968777
vt 0.012255 0.968777
vt 0.012255 0.976218
vt 0.008535 0.961337
vt 0.012255 0.961337
vt 0.029326 0.968777
vt 0.029326 0.961337
vt 0.033046 0.961337
vt 0.033046 0.968777
vt 0.029326 0.976218
vt 0.033046 0.976218
vt 0.990858 0.023416
vt 0.988777 0.023416
vt 0.287024 0.721526
vt 0.287024 0.714085
vt 0.114891 0.990654
vt 0.114891 0.987079
vt 0.117380 0.987079
vt 0.117380 0.990799
vt 0.115300 0.990799
vt 0.463798 0.774214
vt 0.991056 0.410009
vt 0.988976 0.410009
vt 0.988976 0.402569
vt 0.991056 0.402569
vt 0.287024 0.728966
vt 0.484957 0.989066
vt 0.484957 0.985491
vt 0.487447 0.985491
vt 0.487447 0.989211
vt 0.485366 0.989211
vt 0.991056 0.417450
vt 0.988976 0.417450
vt 0.883521 0.603881
vt 0.883521 0.500000
vt 0.875000 0.500000
vt 0.875000 1.000000
vt 0.883521 1.000000
vt 0.883521 0.916381
vt 0.883521 0.812214
vt 0.883521 0.708047
vt 0.866660 0.500000
vt 0.843750 0.500000
vt 0.843750 1.000000
vt 0.812500 1.000000
vt 0.812500 0.500000
vt 0.801376 0.500000
vt 0.781250 0.500000
vt 0.781250 1.000000
vt 0.750000 1.000000
vt 0.750000 0.500000
vt 0.718750 1.000000
vt 0.718750 0.500000
vt 0.698624 0.500000
vt 0.687500 0.500000
vt 0.687500 1.000000
vt 0.656250 1.000000
vt 0.656250 0.500000
vt 0.633340 0.500000
vt 0.633340 1.000000
vt 0.366660 0.500000
vt 0.343750 0.500000
vt 0.343750 1.000000
vt 0.366660 1.000000
vt 0.312500 0.500000
vt 0.312500 1.000000
vt 0.281250 0.500000
vt 0.281250 1.000000
vt 0.250000 0.500000
vt 0.250000 1.000000
vt 0.218750 0.500000
vt 0.218750 1.000000
vt 0.187500 0.500000
vt 0.187500 1.000000
vt 0.156250 0.500000
vt 0.156250 1.000000
vt 0.133340 0.500000
vt 0.125000 0.500000
vt 0.125000 1.000000
vt 0.116479 0.916381
vt 0.116479 1.000000
vt 0.116479 0.500000
vt 0.116479 0.603881
vt 0.116479 0.708047
vt 0.116479 0.812214
vt 0.909911 0.410000
vt 0.927671 0.410000
vt 0.919706 0.419706
vt 0.909789 0.427844
vt 0.843230 0.427844
vt 0.776549 0.427844
vt 0.709867 0.427844
vt 0.643186 0.427844
vt 0.590211 0.427844
vt 0.580294 0.419706
vt 0.572329 0.410000
vt 0.576504 0.410000
vt 0.643186 0.410000
vt 0.709867 0.410000
vt 0.776549 0.410000
vt 0.843230 0.410000
vt 0.158156 0.471731
vt 0.203178 0.485388
vt 0.250000 0.490000
vt 0.296822 0.485388
vt 0.341844 0.471731
vt 0.383337 0.449553
vt 0.419706 0.419706
vt 0.449553 0.383337
vt 0.471731 0.341844
vt 0.485388 0.296822
vt 0.490000 0.250000
vt 0.485388 0.203178
vt 0.471731 0.158156
vt 0.449553 0.116663
vt 0.419706 0.080294
vt 0.383337 0.050447
vt 0.341844 0.028269
vt 0.296822 0.014612
vt 0.250000 0.010000
vt 0.203178 0.014612
vt 0.158156 0.028269
vt 0.116663 0.050447
vt 0.080294 0.080294
vt 0.050447 0.116663
vt 0.028269 0.158156
vt 0.014612 0.203178
vt 0.010000 0.250000
vt 0.014612 0.296822
vt 0.028269 0.341844
vt 0.050447 0.383337
vt 0.080294 0.419706
vt 0.116663 0.449553
vt 0.406320 1.000000
vt 0.406250 1.000000
vt 0.437500 1.000000
vt 0.531250 1.000000
vt 0.562500 1.000000
vt 0.938443 1.000000
vt 0.937500 1.000000
vt 0.968750 1.000000
vt 0.406250 1.000000
vt 0.375000 1.000000
vt 0.093750 1.000000
vt 0.526090 1.000000
vt 0.500000 1.000000
vt 0.927572 1.000000
vt 0.923677 1.000000
vt 0.909044 1.000000
vt 0.906250 1.000000
vt 0.625000 1.000000
vt 0.633340 1.000000
vt 0.368574 1.000000
vt 0.062500 1.000000
vt 0.090956 1.000000
vt 0.085630 1.000000
vt 0.083953 1.000000
vt 0.468750 1.000000
vt 0.624950 1.000000
vt 0.593750 1.000000
vt 0.031250 1.000000
vt 0.061557 1.000000
vt 0.032097 1.000000
vt 0.461113 1.000000
vt 0.583463 1.000000
vt 0.978709 1.000000
vt 1.000000 1.000000
vt 0.000000 1.000000
vt 0.883521 0.603881
vt 0.883521 0.916381
vt 0.883521 0.708047
vt 0.866660 0.500000
vt 0.793132 0.500000
vt 0.706868 0.500000
vt 0.271698 0.500000
vt 0.228303 0.500000
vt 0.133340 0.500000
vt 0.116479 0.916381
vt 0.116479 1.000000
vt 0.116479 0.500000
vt 0.116479 0.603881
vt 0.116479 0.708047
vt 0.116479 0.812214
vt 0.646629 0.427844
vt 0.579915 0.410000
vt 0.646629 0.410000
vt 0.713342 0.410000
vt 0.780055 0.410000
vt 0.846769 0.410000
vt 0.913482 0.410000
vt 0.846769 0.427844
vt 0.780056 0.427844
vt 0.713342 0.427844
vt 0.408893 1.000000
vt 0.938442 1.000000
vt 0.529520 1.000000
vt 0.921234 1.000000
vt 0.909044 1.000000
vt 0.924625 1.000000
vt 0.626698 1.000000
vt 0.370160 1.000000
vt 0.090956 1.000000
vt 0.083288 1.000000
vt 0.080972 1.000000
vt 0.061558 1.000000
vt 0.464299 1.000000
vt 0.586142 1.000000
vt 0.975909 1.000000
vt 0.029365 1.000000
vt 0.891932 0.916476
vt 0.890258 0.916476
vt 0.890258 0.847032
vt 0.891932 0.847032
vt 0.891932 0.777587
vt 0.891932 0.708143
vt 0.890258 0.708143
vt 0.890258 0.638698
vt 0.891932 0.638698
vt 0.891932 0.569254
vt 0.891932 0.500000
vt 0.880067 0.500000
vt 0.891932 1.000000
vt 0.891932 0.985920
vt 0.843120 0.500000
vt 0.809327 0.500000
vt 0.690673 0.500000
vt 0.656880 0.500000
vt 0.625000 0.500000
vt 0.619933 0.500000
vt 0.619933 1.000000
vt 0.380067 0.500000
vt 0.375000 0.500000
vt 0.380067 1.000000
vt 0.343120 0.500000
vt 0.309327 0.500000
vt 0.190673 0.500000
vt 0.156880 0.500000
vt 0.108068 0.638698
vt 0.109742 0.638698
vt 0.109742 0.708143
vt 0.108068 0.708143
vt 0.108068 0.777587
vt 0.108068 0.847032
vt 0.109742 0.847032
vt 0.109742 0.916476
vt 0.108068 0.916476
vt 0.108068 0.985920
vt 0.108068 1.000000
vt 0.119933 0.500000
vt 0.108068 0.500000
vt 0.108068 0.569254
vt 0.600000 0.434279
vt 0.600000 0.435878
vt 0.586192 0.424545
vt 0.600000 0.424545
vt 0.650000 0.424545
vt 0.650000 0.337273
vt 0.700000 0.337273
vt 0.700000 0.424545
vt 0.750000 0.424545
vt 0.800000 0.424545
vt 0.850000 0.424545
vt 0.850000 0.337273
vt 0.900000 0.337273
vt 0.900000 0.424545
vt 0.913808 0.424545
vt 0.900000 0.435878
vt 0.900000 0.434279
vt 0.850000 0.434279
vt 0.800000 0.434279
vt 0.750000 0.434279
vt 0.700000 0.434279
vt 0.650000 0.434279
vt 0.417812 1.000000
vt 0.544041 1.000000
vt 0.958156 1.000000
vt 0.387541 1.000000
vt 0.380067 1.000000
vt 0.108678 1.000000
vt 0.921503 1.000000
vt 0.078497 1.000000
vt 0.906250 1.000000
vt 0.891322 1.000000
vt 0.619933 1.000000
vt 0.612459 1.000000
vt 0.041844 1.000000
vt 0.455958 1.000000
vt 0.582188 1.000000
s 0
usemtl Material.001
f 1994/2692/475 1415/2693/475 1372/2694/475 1964/2695/475
f 2186/2696/476 1712/2697/476 1376/2698/476 1974/2699/476
f 1421/2700/477 1439/2701/477 1374/2702/477 1373/2703/477
f 1762/2704/478 1757/2705/478 1370/2706/478 1369/2707/478
f 1721/2708/479 1421/2709/479 1373/2710/479 1713/2711/479
f 1716/2712/475 1718/2713/475 1956/2714/475 1943/2715/475
f 1757/2716/477 1765/2717/477 1963/2718/477 1938/2719/477
f 1814/2720/480 1786/2721/480 1414/2722/480 1764/2723/480
f 1847/2724/480 1819/2725/480 1406/2726/480 1765/2727/480
f 1717/2728/479 1375/2729/479 1430/2730/479 1719/2731/479
f 1719/2731/479 1430/2730/479 1423/2732/479 1720/2733/479
f 1720/2733/479 1423/2732/479 1421/2709/479 1721/2708/479
f 1974/2734/477 1376/2735/477 1432/2736/477 1984/2737/477
f 1461/2738/478 1458/2739/478 1588/2740/478 1586/2741/478
f 1369/2742/475 1370/2743/475 1406/2744/475 1396/2745/475
f 1633/2746/479 1621/2747/479 1447/2748/479 1444/2749/479
f 1796/2750/480 1590/2751/480 1460/2752/480 1788/2753/480
f 1605/2754/479 1633/2746/479 1444/2749/479 1458/2755/479
f 2094/2756/476 1615/2757/476 1454/2758/476 2004/2759/476
f 2343/2760/478 1560/2761/478 1862/2762/478 2347/2763/478
f 1584/2764/478 1605/2765/478 1458/2739/478 1461/2738/478
f 1851/2766/480 1781/2767/480 1530/2768/480 1822/2769/480
f 2334/2770/480 2332/2771/480 1527/2772/480 1823/2773/480
f 2360/2774/480 2358/2775/480 1522/2776/480 1824/2777/480
f 1848/2778/480 1769/2779/480 1520/2780/480 1825/2781/480
f 1639/2782/479 1636/2783/479 1510/2784/479 1505/2785/479
f 1782/2786/478 1785/2787/478 1556/2788/478 1463/2789/478
f 2638/2790/478 2637/2791/478 2331/2792/478 1560/2761/478 2639/2793/478 2640/2794/478
f 2642/2795/478 2641/2796/478 2357/2797/478 1563/2798/478 1466/2799/478 2643/2800/478
f 1766/2801/478 1771/2802/478 1566/2803/478 1468/2804/478
f 1644/2805/479 1639/2782/479 1505/2785/479 1475/2806/479
f 1784/2807/479 1780/2808/479 1487/2809/479 1533/2810/479
f 1550/2811/479 1542/2812/479 1483/2813/479 1544/2814/479 2652/2815/479 1567/2816/479 1558/2817/479
f 1770/2818/479 1767/2819/479 1477/2820/479 1548/2821/479
f 1832/2822/480 1642/2823/480 1552/2824/480 1826/2825/480
f 1799/2826/480 1641/2827/480 1572/2828/480 1798/2829/480
f 1780/2808/479 1782/2830/479 1463/2831/479 1487/2809/479
f 1513/2832/479 2643/2833/479 1466/2834/479 1483/2813/479 1542/2812/479 1536/2835/479 1526/2836/479
f 1767/2819/479 1766/2837/479 1468/2838/479 1477/2820/479
f 2049/2839/475 1475/2840/475 1505/2841/475 1510/2842/475 1472/2843/475 1826/2844/475 1552/2845/475 1798/2846/475 1572/2847/475 2058/2848/475 2057/2849/475 2056/2850/475 2055/2851/475 2054/2852/475 2053/2853/475 2052/2854/475 2051/2855/475 2050/2856/475
f 1818/2857/480 1783/2858/480 1489/2859/480 1789/2860/480
f 2333/2861/480 2329/2862/480 1494/2863/480 1790/2864/480
f 2359/2865/480 2355/2866/480 1498/2867/480 1791/2868/480
f 1815/2869/480 1768/2870/480 1501/2871/480 1792/2872/480
f 1711/2873/479 1707/2874/479 1627/2875/479 1629/2876/479
f 1623/2877/479 2747/2878/479 1393/2879/479 1387/2880/479 2706/2881/479
f 1701/2882/479 1700/2883/479 1621/2747/479 1633/2746/479
f 1444/2749/479 1447/2748/479 1635/2884/479 1619/2885/479
f 1808/2886/480 1706/2887/480 1597/2888/480 1793/2889/480
f 2290/2890/480 2288/2891/480 1595/2892/480 1794/2893/480
f 2279/2894/480 2277/2895/480 1592/2896/480 1795/2897/480
f 1806/2898/480 1697/2899/480 1590/2751/480 1796/2750/480
f 1458/2755/479 1444/2749/479 1619/2885/479 1588/2900/479
f 1709/2901/479 1711/2873/479 1629/2876/479 1599/2902/479
f 1602/2903/479 2696/2904/479 1424/2905/479 1419/2906/479 2748/2907/479
f 1698/2908/479 1701/2882/479 1633/2746/479 1605/2754/479
f 1821/2909/480 1461/2910/480 1586/2911/480 1827/2912/480
f 2176/2913/476 1710/2914/476 1609/2915/476 2069/2916/476
f 2296/2917/476 2287/2918/476 1610/2919/476 2079/2920/476
f 2285/2921/476 2276/2922/476 1613/2923/476 2084/2924/476
f 2161/2925/476 1699/2926/476 1615/2757/476 2094/2756/476
f 1788/2753/480 1460/2752/480 1617/2927/480 1797/2928/480
f 1841/2929/480 1708/2930/480 1576/2931/480 1828/2932/480
f 2291/2933/480 2286/2934/480 1580/2935/480 1829/2936/480
f 2280/2937/480 2275/2938/480 1581/2939/480 1830/2940/480
f 1839/2941/480 1696/2942/480 1584/2943/480 1831/2944/480
f 2059/2945/477 1606/2946/477 1797/2947/477 1617/2948/477 1827/2949/477 1586/2950/477 1588/2951/477 1619/2952/477 1635/2953/477 2068/2954/477 2067/2955/477 2066/2956/477 2065/2957/477 2064/2958/477 2063/2959/477 2062/2960/477 2061/2961/477 2060/2962/477
f 1708/2963/478 1709/2964/478 1599/2965/478 1576/2966/478
f 2694/2967/478 2695/2968/478 1580/2969/478 2286/2970/478 2693/2971/478
f 2697/2972/478 2696/2973/478 1602/2974/478 1581/2975/478 2275/2976/478 2698/2977/478
f 1696/2978/478 1698/2979/478 1605/2765/478 1584/2764/478
f 2004/2759/476 1454/2758/476 1606/2980/476 2059/2981/476
f 2345/2982/476 1849/2983/476 1903/2984/476 2349/2985/476
f 1477/2820/479 1468/2838/479 1636/2783/479 1639/2782/479
f 1548/2821/479 1477/2820/479 1639/2782/479 1644/2805/479
f 1468/2804/478 1566/2803/478 1646/2986/478 1636/2987/478
f 1825/2781/480 1520/2780/480 1642/2823/480 1832/2822/480
f 1636/2987/478 1646/2986/478 1472/2988/478 1510/2989/478
f 1759/2990/479 1689/2991/479 1691/2992/479 1760/2993/479
f 2823/2994/479 1755/2995/479 1754/2996/479 1443/2997/479 1440/2998/479
f 1730/2999/479 1688/3000/479 1690/3001/479 1731/3002/479
f 1758/3003/479 1687/3004/479 1689/2991/479 1759/2990/479
f 1443/2997/479 1754/2996/479 1753/3005/479 2824/3006/479 1448/3007/479
f 1729/3008/479 1686/3009/479 1688/3000/479 1730/2999/479
f 1756/3010/479 1656/3011/479 1687/3004/479 1758/3003/479
f 2824/3006/479 1753/3005/479 1746/3012/479 1655/3013/479 2825/3014/479 1451/3015/479
f 2764/3016/479 1651/3017/479 2818/3018/479 1381/3019/479 1377/3020/479
f 1722/3021/479 1649/3022/479 1686/3009/479 1729/3008/479
f 1842/3023/480 1833/3024/480 1685/3025/480 1716/3026/480
f 1843/3027/480 1834/3028/480 1684/3029/480 1728/3030/480
f 2315/3031/480 1835/3032/480 1683/3033/480 2313/3034/480
f 2394/3035/480 1836/3036/480 1682/3037/480 2392/3038/480
f 1846/3039/480 1837/3040/480 1681/3041/480 1752/3042/480
f 1809/3043/480 1800/3044/480 1680/3045/480 1715/3046/480
f 1810/3047/480 1801/3048/480 1679/3049/480 1727/3050/480
f 2314/3051/480 1802/3052/480 1678/3053/480 2312/3054/480
f 2393/3055/480 1803/3056/480 1677/3057/480 2391/3058/480
f 1813/3059/480 1804/3060/480 1676/3061/480 1751/3062/480
f 1712/3063/480 1661/3064/480 1675/3065/480 1714/3066/480
f 1723/3067/480 1660/3068/480 1674/3069/480 1726/3070/480
f 2310/3071/480 1659/3072/480 1673/3073/480 2311/3074/480
f 1406/2744/475 1370/2743/475 1939/3075/475 1940/3076/475
f 1716/3026/480 1685/3025/480 1666/3077/480 1718/3078/480
f 1728/3030/480 1684/3029/480 1667/3079/480 1725/3080/480
f 2313/3034/480 1683/3033/480 1668/3081/480 2309/3082/480
f 1726/3083/478 1675/3084/478 1949/3085/478 1948/3086/478
f 1760/2993/479 1691/2992/479 1662/3087/479 1762/3088/479
f 2822/3089/479 1663/3090/479 1748/3091/479 1755/2995/479 2823/3092/479 1435/3093/479
f 2821/3094/479 1664/3095/479 2765/3096/479 1409/3097/479 1405/3098/479
f 1731/3002/479 1690/3001/479 1665/3099/479 1724/3100/479
f 1713/3101/478 1718/3102/478 1666/3103/478 1665/3104/478
f 1724/3105/478 1725/3106/478 1667/3107/478 1664/3108/478
f 2309/3109/478 1668/3110/478 2753/3111/478 2754/3111/478 2752/3112/478 2751/3113/478
f 2755/3114/478 2388/3115/478 1669/3116/478 1663/3117/478 2757/3118/478 2756/3119/478
f 1748/3120/478 1749/3121/478 1670/3122/478 1662/3123/478
f 2220/3124/476 1761/3125/476 1657/3126/476 2114/3127/476
f 2210/3128/476 1747/3129/476 1658/3130/476 2124/3131/476
f 2328/3132/476 2318/3133/476 1659/3134/476 2134/3135/476
f 2307/3136/476 2297/3137/476 1660/3138/476 2136/3139/476
f 2196/3140/476 1723/3141/476 1661/3142/476 2146/3143/476
f 2699/3144/478 2702/3145/478 1692/3146/478 2262/3147/478 2700/3148/478 2701/3149/478
f 1786/3150/477 1415/3151/477 1853/3152/477 1852/3153/477
f 2274/3154/476 2263/3155/476 1694/3156/476 2156/3157/476
f 2264/3158/480 2260/3159/480 1693/3160/480 1805/3161/480
f 1581/2975/478 1602/2974/478 1698/2979/478 1696/2978/478
f 2370/3162/476 1609/2915/476 1870/3163/476 2374/3164/476
f 2084/2924/476 1613/2923/476 1699/2926/476 2161/2925/476
f 1698/2908/479 1602/2903/479 2748/2907/479 1416/3165/479 1410/3166/479 1701/2882/479
f 1795/2897/480 1592/2896/480 1697/2899/480 1806/2898/480
f 1701/2882/479 1410/3166/479 1402/3167/479 2747/2878/479 1623/2877/479 1700/2883/479
f 2704/3168/478 2705/3169/478 1702/3170/478 2368/3171/478 2369/3172/478 2703/3173/478
f 2403/3174/476 1850/3175/476 1907/3176/476 2407/3177/476
f 2386/3178/476 2370/3162/476 1704/3179/476 2171/3180/476
f 2369/3181/479 2749/3182/479 1474/3183/479 1467/3184/479 1464/3185/479 2703/3186/479
f 2371/3187/480 2366/3188/480 1703/3189/480 1807/3190/480
f 2367/3191/479 2713/3192/479 1508/3193/479 1499/3194/479 1492/3195/479 2750/3196/479
f 1439/3197/478 1421/3198/478 1709/2964/478 1708/2963/478
f 2262/3147/478 1692/3146/478 1881/3199/478 2266/3200/478
f 1984/3201/476 1432/3202/476 1710/2914/476 2176/2913/476
f 1421/2709/479 1423/2732/479 1711/2873/479 1709/2901/479
f 1787/3203/480 1438/3204/480 1706/2887/480 1808/2886/480
f 1423/2732/479 1430/2730/479 1707/2874/479 1711/2873/479
f 1373/3205/478 1374/3206/478 1718/3102/478 1713/3101/478
f 1763/3207/477 1761/3208/477 1961/3209/477 1962/3210/477
f 1725/3106/478 1666/3103/478 1954/3211/478 1957/3212/478
f 1787/3203/480 1809/3043/480 1715/3046/480 1438/3204/480
f 1820/3213/480 1842/3023/480 1716/3026/480 1439/3214/480
f 1688/3000/479 1720/2733/479 1721/2708/479 1690/3001/479
f 1686/3009/479 1719/2731/479 1720/2733/479 1688/3000/479
f 1649/3022/479 1717/2728/479 1719/2731/479 1686/3009/479
f 1690/3001/479 1721/2708/479 1713/2711/479 1665/3099/479
f 2146/3143/476 1661/3142/476 1712/2697/476 2186/2696/476
f 2136/3139/476 1660/3138/476 1723/3141/476 2196/3140/476
f 1665/3104/478 1666/3103/478 1725/3106/478 1724/3105/478
f 2820/3215/479 1731/3002/479 1724/3100/479 1664/3095/479 2821/3094/479 1401/3216/479
f 1661/3142/476 1723/3141/476 1944/3217/476 1945/3218/476
f 1800/3044/480 1810/3047/480 1727/3050/480 1680/3045/480
f 1833/3024/480 1843/3027/480 1728/3030/480 1685/3025/480
f 2818/3018/479 1651/3017/479 1722/3021/479 1729/3008/479 2819/3219/479 1386/3220/479
f 2819/3219/479 1729/3008/479 1730/2999/479 1394/3221/479 1389/3222/479
f 1394/3223/479 1730/2999/479 1731/3002/479 2820/3215/479 1397/3224/479
f 2317/3225/476 2310/3226/476 1733/3227/476 2206/3228/476
f 2758/3229/478 2302/3230/478 1734/3231/478 2759/3232/478 2760/3233/478
f 1439/3234/476 1716/3235/476 1943/3236/476 1936/3237/476
f 2304/3238/480 1811/3239/480 1736/3240/480 2299/3241/480
f 2305/3242/480 1844/3243/480 1737/3244/480 2300/3245/480
f 2396/3246/476 2389/3247/476 1740/3248/476 2208/3249/476
f 2762/3250/478 2323/3251/478 1741/3252/478 2763/3253/478 2761/3254/478
f 2321/3255/480 1744/3256/480 1741/3257/480 2323/3258/480
f 2318/3259/480 1740/3260/480 1742/3261/480 2319/3262/480
f 2325/3263/480 1812/3264/480 1743/3265/480 2320/3266/480
f 2326/3267/480 1845/3268/480 1744/3256/480 2321/3255/480
f 2114/3127/476 1657/3126/476 1747/3129/476 2210/3128/476
f 1663/3117/478 1669/3116/478 1749/3121/478 1748/3120/478
f 1691/2992/479 1755/2995/479 1748/3091/479 1662/3087/479
f 1682/3037/480 1752/3042/480 1749/3269/480 1669/3270/480
f 1658/3271/480 1747/3272/480 1750/3273/480 1672/3274/480
f 1803/3056/480 1813/3059/480 1751/3062/480 1677/3057/480
f 1836/3036/480 1846/3039/480 1752/3042/480 1682/3037/480
f 1656/3011/479 1746/3012/479 1753/3005/479 1687/3004/479
f 1687/3004/479 1753/3005/479 1754/2996/479 1689/2991/479
f 1689/2991/479 1754/2996/479 1755/2995/479 1691/2992/479
f 1964/3275/476 1372/3276/476 1761/3125/476 2220/3124/476
f 1396/3277/479 1760/2993/479 1762/3088/479 1369/3278/479
f 1371/3279/479 1756/3010/479 1758/3003/479 1378/3280/479
f 1378/3280/479 1758/3003/479 1759/2990/479 1385/3281/479
f 1385/3281/479 1759/2990/479 1760/2993/479 1396/3277/479
f 1837/3040/480 1847/2724/480 1765/2727/480 1681/3041/480
f 1804/3060/480 1814/2720/480 1764/2723/480 1676/3061/480
f 1657/3282/480 1761/3283/480 1763/3284/480 1671/3285/480
f 1681/3041/480 1765/2727/480 1757/3286/480 1670/3287/480
f 1662/3123/478 1670/3122/478 1757/2705/478 1762/2704/478
f 2264/3288/478 1805/3289/478 1883/3290/478 2268/3291/478
f 1483/2813/479 1466/2834/479 1766/2837/479 1767/2819/479
f 1544/2814/479 1483/2813/479 1767/2819/479 1770/2818/479
f 1466/2799/478 1563/2798/478 1771/2802/478 1766/2801/478
f 1824/2777/480 1522/2776/480 1769/2779/480 1848/2778/480
f 1819/3292/476 1851/3293/476 1911/3294/476 1922/3295/476
f 2644/3296/478 2645/3297/478 2343/2760/478 1775/3298/478 2646/3299/478
f 2345/3300/480 2340/3301/480 1773/3302/480 1849/3303/480
f 1785/2787/478 1406/3304/478 1909/3305/478 1910/3306/478
f 2398/3307/479 2650/3308/479 1452/3309/479 1446/3310/479 2692/3311/479
f 2400/3312/479 2691/3313/479 1412/3314/479 1398/3315/479 2651/3316/479
f 2649/3317/478 2650/3318/478 2398/3319/478 2401/3320/478 1779/3321/478 2648/3322/478 2647/3323/478
f 2403/3324/480 2397/3325/480 1777/3326/480 1850/3327/480
f 1795/3328/478 1806/3329/478 1887/3330/478 1873/3331/478
f 1385/3281/479 1396/3277/479 1782/2830/479 1780/2808/479
f 1378/3280/479 1385/3281/479 1780/2808/479 1784/2807/479
f 1396/3332/478 1406/3304/478 1785/2787/478 1782/2786/478
f 1819/2725/480 1414/2722/480 1781/2767/480 1851/2766/480
f 1414/2722/480 1786/2721/480 1818/2857/480 1781/2767/480
f 2397/3325/480 2402/3333/480 1817/3334/480 1777/3326/480
f 2340/3301/480 2344/3335/480 1816/3336/480 1773/3302/480
f 1522/2776/480 1791/2868/480 1815/2869/480 1769/2779/480
f 1671/3285/480 1763/3284/480 1814/2720/480 1804/3060/480
f 1672/3274/480 1750/3273/480 1813/3059/480 1803/3056/480
f 2319/3262/480 1742/3261/480 1812/3264/480 2325/3263/480
f 2298/3337/480 1735/3338/480 1811/3239/480 2304/3238/480
f 1675/3065/480 1726/3070/480 1810/3047/480 1800/3044/480
f 1432/3339/480 1714/3066/480 1809/3043/480 1787/3203/480
f 2341/3340/476 1772/3341/476 1901/3342/476 2346/3343/476
f 2371/3344/478 1807/3345/478 1891/3346/478 2375/3347/478
f 2368/3171/478 1702/3170/478 1889/3348/478 2373/3349/478
f 1646/2986/478 1566/2803/478 1866/3350/478 1878/3351/478
f 1750/3273/480 1671/3285/480 1804/3060/480 1813/3059/480
f 2390/3352/480 1672/3274/480 1803/3056/480 2393/3055/480
f 2311/3074/480 1673/3073/480 1802/3052/480 2314/3051/480
f 1726/3070/480 1674/3069/480 1801/3048/480 1810/3047/480
f 1714/3066/480 1675/3065/480 1800/3044/480 1809/3043/480
f 1520/2780/480 1792/2872/480 1799/2826/480 1642/2823/480
f 1454/3353/480 1788/2753/480 1797/2928/480 1606/3354/480
f 1699/3355/480 1806/2898/480 1796/2750/480 1615/3356/480
f 2276/3357/480 2279/2894/480 1795/2897/480 1613/3358/480
f 2287/3359/480 2290/2890/480 1794/2893/480 1610/3360/480
f 1710/3361/480 1808/2886/480 1793/2889/480 1609/3362/480
f 1769/2779/480 1815/2869/480 1792/2872/480 1520/2780/480
f 2358/2775/480 2359/2865/480 1791/2868/480 1522/2776/480
f 2332/2771/480 2333/2861/480 1790/2864/480 1527/2772/480
f 1781/2767/480 1818/2857/480 1789/2860/480 1530/2768/480
f 1642/2823/480 1799/2826/480 1798/2829/480 1552/2824/480
f 1415/3363/476 1783/3364/476 1908/3365/476 1853/3366/476
f 1763/3284/480 1415/3367/480 1786/2721/480 1814/2720/480
f 1615/3368/475 1796/3369/475 1875/3370/475 1858/3371/475
f 1787/3372/478 1808/3373/478 1895/3374/478 1912/3375/478
f 1613/3376/475 1795/3377/475 1873/3378/475 1874/3379/475
f 1806/3380/477 1699/3381/477 1886/3382/477 1887/3383/477
f 1676/3061/480 1764/2723/480 1847/2724/480 1837/3040/480
f 1677/3057/480 1751/3062/480 1846/3039/480 1836/3036/480
f 2320/3266/480 1743/3265/480 1845/3268/480 2326/3267/480
f 2299/3241/480 1736/3240/480 1844/3243/480 2305/3242/480
f 1680/3045/480 1727/3050/480 1843/3027/480 1833/3024/480
f 1438/3204/480 1715/3046/480 1842/3023/480 1820/3213/480
f 1438/3204/480 1820/3213/480 1841/2929/480 1706/2887/480
f 2366/3188/480 2372/3384/480 1840/3385/480 1703/3189/480
f 1592/2896/480 1830/2940/480 1839/2941/480 1697/2899/480
f 2260/3159/480 2265/3386/480 1838/3387/480 1693/3160/480
f 1751/3062/480 1676/3061/480 1837/3040/480 1846/3039/480
f 2391/3058/480 1677/3057/480 1836/3036/480 2394/3035/480
f 2312/3054/480 1678/3053/480 1835/3032/480 2315/3031/480
f 1727/3050/480 1679/3049/480 1834/3028/480 1843/3027/480
f 1715/3046/480 1680/3045/480 1833/3024/480 1842/3023/480
f 1848/3388/475 1771/3389/475 1898/3390/475 1899/3391/475
f 1697/2899/480 1839/2941/480 1831/2944/480 1590/2751/480
f 2277/2895/480 2280/2937/480 1830/2940/480 1592/2896/480
f 2288/2891/480 2291/2933/480 1829/2936/480 1595/2892/480
f 1706/2887/480 1841/2929/480 1828/2932/480 1597/2888/480
f 1460/2752/480 1821/2909/480 1827/2912/480 1617/2927/480
f 1646/3392/480 1832/2822/480 1826/2825/480 1472/3393/480
f 1771/3394/480 1848/2778/480 1825/2781/480 1566/3395/480
f 2357/3396/480 2360/2774/480 1824/2777/480 1563/3397/480
f 2331/3398/480 2334/2770/480 1823/2773/480 1560/3399/480
f 1785/3400/480 1851/2766/480 1822/2769/480 1556/3401/480
f 1590/2751/480 1831/2944/480 1821/2909/480 1460/2752/480
f 1764/2723/480 1414/2722/480 1819/2725/480 1847/2724/480
f 1927/3402/480 1867/3403/480 1868/3404/480 1923/3405/480
f 1916/3406/480 1876/3407/480 1877/3408/480 1917/3409/480
f 2269/3410/480 2266/3411/480 1881/3412/480 1928/3413/480
f 1926/3414/480 1884/3415/480 1885/3416/480 1929/3417/480
f 2376/3418/480 2373/3419/480 1889/3420/480 1930/3421/480
f 1854/3422/480 1855/3423/480 1892/3424/480 1931/3425/480
f 1915/3426/480 1896/3427/480 1897/3428/480 1918/3429/480
f 2348/3430/480 2346/3431/480 1901/3432/480 1919/3433/480
f 2406/3434/480 2404/3435/480 1905/3436/480 1920/3437/480
f 1852/3438/480 1853/3439/480 1908/3440/480 1921/3441/480
f 1893/3442/480 1912/3443/480 1895/3444/480 1894/3445/480
f 2374/3446/480 2375/3447/480 1891/3448/480 1890/3449/480
f 1874/3450/480 1873/3451/480 1887/3452/480 1886/3453/480
f 2267/3454/480 2268/3455/480 1883/3456/480 1882/3457/480
f 1858/3458/480 1875/3459/480 1856/3460/480 1857/3461/480
f 1909/3462/480 1922/3463/480 1911/3464/480 1910/3465/480
f 2405/3466/480 2407/3467/480 1907/3468/480 1906/3469/480
f 2347/3470/480 2349/3471/480 1903/3472/480 1902/3473/480
f 1864/3474/480 1863/3475/480 1899/3476/480 1898/3477/480
f 1866/3478/480 1865/3479/480 1879/3480/480 1878/3481/480
f 1828/3482/475 1576/3483/475 1888/3484/475 1924/3485/475
f 1824/3486/476 1848/3487/476 1899/3488/476 1863/3489/476
f 1829/3490/475 1580/3491/475 1880/3492/475 1925/3493/475
f 1454/2758/476 1615/2757/476 1858/3494/476 1857/3495/476
f 2263/3155/476 1610/2919/476 1872/3496/476 2267/3497/476
f 1821/3498/476 1831/3499/476 1927/3500/476 1923/3501/476
f 1830/3502/475 1581/3503/475 1884/3504/475 1926/3505/475
f 1832/3506/475 1646/3507/475 1878/3508/475 1879/3509/475
f 1831/3510/475 1584/3511/475 1867/3512/475 1927/3513/475
f 1584/2764/478 1461/2738/478 1868/3514/478 1867/3515/478
f 1851/3516/475 1785/3517/475 1910/3518/475 1911/3519/475
f 1799/3520/478 1792/3521/478 1916/3522/478 1917/3523/478
f 1820/3524/475 1439/3525/475 1855/3526/475 1854/3527/475
f 1432/3528/475 1787/3529/475 1912/3530/475 1893/3531/475
f 1556/3532/477 1822/3533/477 1859/3534/477 1860/3535/477
f 1849/3536/475 1775/3537/475 1902/3538/475 1903/3539/475
f 1807/3540/477 1704/3541/477 1890/3542/477 1891/3543/477
f 1560/3544/477 1823/3545/477 1861/3546/477 1862/3547/477
f 1768/3548/475 1815/3549/475 1918/3550/475 1897/3551/475
f 1789/3552/477 1489/3553/477 1904/3554/477 1913/3555/477
f 1841/3556/476 1820/3557/476 1854/3558/476 1931/3559/476
f 1563/3560/477 1824/3561/477 1863/3562/477 1864/3563/477
f 1805/3564/477 1694/3565/477 1882/3566/477 1883/3567/477
f 1772/3568/475 1816/3569/475 1919/3570/475 1901/3571/475
f 1790/3572/477 1494/3573/477 1900/3574/477 1914/3575/477
f 2372/3576/476 1828/3577/476 1924/3578/476 2376/3579/476
f 1566/3580/477 1825/3581/477 1865/3582/477 1866/3583/477
f 2399/3584/476 1776/3585/476 1905/3586/476 2404/3587/476
f 1776/3588/475 1817/3589/475 1920/3590/475 1905/3591/475
f 1791/3592/477 1498/3593/477 1896/3594/477 1915/3595/477
f 1839/3596/476 1830/3597/476 1926/3598/476 1929/3599/476
f 1692/3600/477 1838/3601/477 1928/3602/477 1881/3603/477
f 1439/3197/478 1708/2963/478 1892/3604/478 1855/3605/478
f 1581/2975/478 1696/2978/478 1885/3606/478 1884/3607/478
f 1783/3608/475 1818/3609/475 1921/3610/475 1908/3611/475
f 1792/3612/477 1501/3613/477 1876/3614/477 1916/3615/477
f 2265/3616/476 1829/3617/476 1925/3618/476 2269/3619/476
f 1696/3620/477 1839/3621/477 1929/3622/477 1885/3623/477
f 1498/3624/476 1768/3625/476 1897/3626/476 1896/3627/476
f 1818/3628/478 1786/3629/478 1852/3630/478 1921/3631/478
f 2401/3320/478 1556/2788/478 1860/3632/478 2405/3633/478
f 1702/3634/477 1840/3635/477 1930/3636/477 1889/3637/477
f 1710/2914/476 1432/3202/476 1893/3638/476 1894/3639/476
f 2402/3640/478 1789/3641/478 1913/3642/478 2406/3643/478
f 1708/3644/477 1841/3645/477 1931/3646/477 1892/3647/477
f 1699/2926/476 1613/2923/476 1874/3648/476 1886/3649/476
f 2344/3650/478 1790/3651/478 1914/3652/478 2348/3653/478
f 1771/2802/478 1563/2798/478 1864/3654/478 1898/3655/478
f 1815/3656/478 1791/3657/478 1915/3658/478 1918/3659/478
f 1796/3660/478 1788/3661/478 1856/3662/478 1875/3663/478
f 1825/3664/476 1832/3665/476 1879/3666/476 1865/3667/476
f 1406/3668/477 1819/3669/477 1922/3670/477 1909/3671/477
f 1641/3672/475 1799/3673/475 1917/3674/475 1877/3675/475
f 1850/3676/475 1779/3677/475 1906/3678/475 1907/3679/475
f 1808/3680/477 1710/3681/477 1894/3682/477 1895/3683/477
f 1609/3684/475 1793/3685/475 1869/3686/475 1870/3687/475
f 1461/3688/477 1821/3689/477 1923/3690/477 1868/3691/477
f 1788/3692/477 1454/3693/477 1857/3694/477 1856/3695/477
f 1501/3696/476 1641/3697/476 1877/3698/476 1876/3699/476
f 1610/3700/475 1794/3701/475 1871/3702/475 1872/3703/475
f 1963/3704/480 1940/3705/480 1939/3706/480 1938/3707/480
f 1961/3708/480 1933/3709/480 1932/3710/480 1962/3711/480
f 1958/3712/480 1952/3713/480 1953/3714/480 1959/3715/480
f 1960/3716/480 1955/3717/480 1947/3718/480 1946/3719/480
f 1936/3720/480 1943/3721/480 1956/3722/480 1937/3723/480
f 1935/3724/480 1934/3725/480 1942/3726/480 1941/3727/480
f 1951/3728/480 1950/3729/480 1957/3730/480 1954/3731/480
f 1945/3732/480 1944/3733/480 1948/3734/480 1949/3735/480
f 1372/2694/475 1415/2693/475 1932/3736/475 1933/3737/475
f 1761/3125/476 1372/3276/476 1933/3738/476 1961/3739/476
f 1657/3740/475 1671/3741/475 1953/3742/475 1952/3743/475
f 1712/3744/475 1714/3745/475 1942/3746/475 1934/3747/475
f 1666/3748/477 1685/3749/477 1951/3750/477 1954/3751/477
f 1749/3752/477 1752/3753/477 1960/3754/477 1946/3755/477
f 1415/3756/478 1763/3757/478 1962/3758/478 1932/3759/478
f 1750/3760/477 1747/3761/477 1958/3762/477 1959/3763/477
f 2390/3352/480 1742/3261/480 1740/3260/480 2389/3764/480
f 1747/3129/476 1657/3126/476 1952/3765/476 1958/3766/476
f 1376/2698/476 1712/2697/476 1934/3767/476 1935/3768/476
f 1765/3769/476 1406/3770/476 1940/3771/476 1963/3772/476
f 1681/3773/475 1670/3774/475 1947/3775/475 1955/3776/475
f 1432/2736/477 1376/2735/477 1935/3777/477 1941/3778/477
f 1671/3779/478 1750/3780/478 1959/3781/478 1953/3782/478
f 1374/2702/477 1439/2701/477 1936/3783/477 1937/3784/477
f 1670/3122/478 1749/3121/478 1946/3785/478 1947/3786/478
f 1752/3787/476 1681/3788/476 1955/3789/476 1960/3790/476
f 2300/3245/480 2302/3791/480 1667/3079/480 1684/3029/480
f 2388/3792/480 2392/3038/480 1682/3037/480 1669/3270/480
f 1718/3102/478 1374/3206/478 1937/3793/478 1956/3794/478
f 1728/3795/475 1725/3796/475 1957/3797/475 1950/3798/475
f 1714/3799/478 1432/3800/478 1941/3801/478 1942/3802/478
f 1370/2706/478 1757/2705/478 1938/3803/478 1939/3804/478
f 1685/3805/476 1728/3806/476 1950/3807/476 1951/3808/476
f 2297/3809/480 1733/3810/480 1735/3338/480 2298/3337/480
f 1723/3811/475 1726/3812/475 1948/3813/475 1944/3814/475
f 1675/3815/477 1661/3816/477 1945/3817/477 1949/3818/477
f 1415/3363/476 1994/3819/476 2259/3820/476 1783/3364/476
f 1994/3819/476 1995/3821/476 2258/3822/476 2259/3820/476
f 1995/3821/476 1996/3823/476 2257/3824/476 2258/3822/476
f 1996/3823/476 1997/3825/476 2256/3826/476 2257/3824/476
f 1997/3825/476 1998/3827/476 2255/3828/476 2256/3826/476
f 1998/3827/476 1999/3829/476 2254/3830/476 2255/3828/476
f 1999/3829/476 2000/3831/476 2253/3832/476 2254/3830/476
f 2000/3831/476 2001/3833/476 2252/3834/476 2253/3832/476
f 2001/3833/476 2002/3835/476 2251/3836/476 2252/3834/476
f 2002/3835/476 2003/3837/476 2250/3838/476 2251/3836/476
f 2003/3837/476 1378/3839/476 1784/3840/476 2250/3838/476
f 2399/3584/476 2408/3841/476 2249/3842/476 1776/3585/476
f 2408/3841/476 2409/3843/476 2248/3844/476 2249/3842/476
f 2409/3843/476 2410/3845/476 2247/3846/476 2248/3844/476
f 2410/3845/476 2411/3847/476 2246/3848/476 2247/3846/476
f 2411/3847/476 2412/3849/476 2245/3850/476 2246/3848/476
f 2341/3340/476 2350/3851/476 2244/3852/476 1772/3341/476
f 2350/3851/476 2351/3853/476 2243/3854/476 2244/3852/476
f 2351/3853/476 2352/3855/476 2242/3856/476 2243/3854/476
f 2352/3855/476 2353/3857/476 2241/3858/476 2242/3856/476
f 2353/3857/476 2354/3859/476 2240/3860/476 2241/3858/476
f 1498/3624/476 2038/3861/476 2239/3862/476 1768/3625/476
f 2038/3861/476 2037/3863/476 2238/3864/476 2239/3862/476
f 2037/3863/476 2036/3865/476 2237/3866/476 2238/3864/476
f 2036/3865/476 2035/3867/476 2236/3868/476 2237/3866/476
f 2035/3867/476 2034/3869/476 2235/3870/476 2236/3868/476
f 2034/3869/476 2033/3871/476 2234/3872/476 2235/3870/476
f 2033/3871/476 2032/3873/476 2233/3874/476 2234/3872/476
f 2032/3873/476 2031/3875/476 2232/3876/476 2233/3874/476
f 2031/3875/476 2030/3877/476 2231/3878/476 2232/3876/476
f 2030/3877/476 2029/3879/476 2230/3880/476 2231/3878/476
f 2029/3879/476 1544/3881/476 1770/3882/476 2230/3880/476
f 1371/3883/476 1973/3884/476 2229/3885/476 1756/3886/476
f 1973/3884/476 1972/3887/476 2228/3888/476 2229/3885/476
f 1972/3887/476 1971/3889/476 2227/3890/476 2228/3888/476
f 1971/3889/476 1970/3891/476 2226/3892/476 2227/3890/476
f 1970/3891/476 1969/3893/476 2225/3894/476 2226/3892/476
f 1969/3893/476 1968/3895/476 2224/3896/476 2225/3894/476
f 1968/3895/476 1967/3897/476 2223/3898/476 2224/3896/476
f 1967/3897/476 1966/3899/476 2222/3900/476 2223/3898/476
f 1966/3899/476 1965/3901/476 2221/3902/476 2222/3900/476
f 1965/3901/476 1964/3275/476 2220/3124/476 2221/3902/476
f 1656/3903/476 2123/3904/476 2219/3905/476 1746/3906/476
f 2123/3904/476 2122/3907/476 2218/3908/476 2219/3905/476
f 2122/3907/476 2121/3909/476 2217/3910/476 2218/3908/476
f 2121/3909/476 2120/3911/476 2216/3912/476 2217/3910/476
f 2120/3911/476 2119/3913/476 2215/3914/476 2216/3912/476
f 2119/3913/476 2118/3915/476 2214/3916/476 2215/3914/476
f 2118/3915/476 2117/3917/476 2213/3918/476 2214/3916/476
f 2117/3917/476 2116/3919/476 2212/3920/476 2213/3918/476
f 2116/3919/476 2115/3921/476 2211/3922/476 2212/3920/476
f 2115/3921/476 2114/3127/476 2210/3128/476 2211/3922/476
f 2395/3923/476 2396/3246/476 2208/3249/476 2209/3924/476
f 2316/3925/476 2317/3225/476 2206/3228/476 2207/3926/476
f 1651/3927/476 2145/3928/476 2205/3929/476 1722/3930/476
f 2145/3928/476 2144/3931/476 2204/3932/476 2205/3929/476
f 2144/3931/476 2143/3933/476 2203/3934/476 2204/3932/476
f 2143/3933/476 2142/3935/476 2202/3936/476 2203/3934/476
f 2142/3935/476 2141/3937/476 2201/3938/476 2202/3936/476
f 2141/3937/476 2140/3939/476 2200/3940/476 2201/3938/476
f 2140/3939/476 2139/3941/476 2199/3942/476 2200/3940/476
f 2139/3941/476 2138/3943/476 2198/3944/476 2199/3942/476
f 2138/3943/476 2137/3945/476 2197/3946/476 2198/3944/476
f 2137/3945/476 2136/3139/476 2196/3140/476 2197/3946/476
f 1649/3947/476 2155/3948/476 2195/3949/476 1717/3950/476
f 2155/3948/476 2154/3951/476 2194/3952/476 2195/3949/476
f 2154/3951/476 2153/3953/476 2193/3954/476 2194/3952/476
f 2153/3953/476 2152/3955/476 2192/3956/476 2193/3954/476
f 2152/3955/476 2151/3957/476 2191/3958/476 2192/3956/476
f 2151/3957/476 2150/3959/476 2190/3960/476 2191/3958/476
f 2150/3959/476 2149/3961/476 2189/3962/476 2190/3960/476
f 2149/3961/476 2148/3963/476 2188/3964/476 2189/3962/476
f 2148/3963/476 2147/3965/476 2187/3966/476 2188/3964/476
f 2147/3965/476 2146/3143/476 2186/2696/476 2187/3966/476
f 1430/3967/476 1993/3968/476 2185/3969/476 1707/3970/476
f 1993/3968/476 1992/3971/476 2184/3972/476 2185/3969/476
f 1992/3971/476 1991/3973/476 2183/3974/476 2184/3972/476
f 1991/3973/476 1990/3975/476 2182/3976/476 2183/3974/476
f 1990/3975/476 1989/3977/476 2181/3978/476 2182/3976/476
f 1989/3977/476 1988/3979/476 2180/3980/476 2181/3978/476
f 1988/3979/476 1987/3981/476 2179/3982/476 2180/3980/476
f 1987/3981/476 1986/3983/476 2178/3984/476 2179/3982/476
f 1986/3983/476 1985/3985/476 2177/3986/476 2178/3984/476
f 1985/3985/476 1984/3201/476 2176/2913/476 2177/3986/476
f 2382/3987/476 2383/3988/476 2174/3989/476 2175/3990/476
f 2383/3988/476 2384/3991/476 2173/3992/476 2174/3989/476
f 2384/3991/476 2385/3993/476 2172/3994/476 2173/3992/476
f 2385/3993/476 2386/3178/476 2171/3180/476 2172/3994/476
f 1623/3995/476 2093/3996/476 2170/3997/476 1700/3998/476
f 2093/3996/476 2092/3999/476 2169/4000/476 2170/3997/476
f 2092/3999/476 2091/4001/476 2168/4002/476 2169/4000/476
f 2091/4001/476 2090/4003/476 2167/4004/476 2168/4002/476
f 2090/4003/476 2089/4005/476 2166/4006/476 2167/4004/476
f 2089/4005/476 2088/4007/476 2165/4008/476 2166/4006/476
f 2088/4007/476 2087/4009/476 2164/4010/476 2165/4008/476
f 2087/4009/476 2086/4011/476 2163/4012/476 2164/4010/476
f 2086/4011/476 2085/4013/476 2162/4014/476 2163/4012/476
f 2085/4013/476 2084/2924/476 2161/2925/476 2162/4014/476
f 2270/4015/476 2271/4016/476 2159/4017/476 2160/4018/476
f 2271/4016/476 2272/4019/476 2158/4020/476 2159/4017/476
f 2272/4019/476 2273/4021/476 2157/4022/476 2158/4020/476
f 2273/4021/476 2274/3154/476 2156/3157/476 2157/4022/476
f 1722/3930/476 2205/3929/476 2155/3948/476 1649/3947/476
f 2205/3929/476 2204/3932/476 2154/3951/476 2155/3948/476
f 2204/3932/476 2203/3934/476 2153/3953/476 2154/3951/476
f 2203/3934/476 2202/3936/476 2152/3955/476 2153/3953/476
f 2202/3936/476 2201/3938/476 2151/3957/476 2152/3955/476
f 2201/3938/476 2200/3940/476 2150/3959/476 2151/3957/476
f 2200/3940/476 2199/3942/476 2149/3961/476 2150/3959/476
f 2199/3942/476 2198/3944/476 2148/3963/476 2149/3961/476
f 2198/3944/476 2197/3946/476 2147/3965/476 2148/3963/476
f 2197/3946/476 2196/3140/476 2146/3143/476 2147/3965/476
f 2306/4023/476 2307/3136/476 2136/3139/476 2137/3945/476
f 2327/4024/476 2328/3132/476 2134/3135/476 2135/4025/476
f 1746/3906/476 2219/3905/476 2133/4026/476 1655/4027/476
f 2219/3905/476 2218/3908/476 2132/4028/476 2133/4026/476
f 2218/3908/476 2217/3910/476 2131/4029/476 2132/4028/476
f 2217/3910/476 2216/3912/476 2130/4030/476 2131/4029/476
f 2216/3912/476 2215/3914/476 2129/4031/476 2130/4030/476
f 2215/3914/476 2214/3916/476 2128/4032/476 2129/4031/476
f 2214/3916/476 2213/3918/476 2127/4033/476 2128/4032/476
f 2213/3918/476 2212/3920/476 2126/4034/476 2127/4033/476
f 2212/3920/476 2211/3922/476 2125/4035/476 2126/4034/476
f 2211/3922/476 2210/3128/476 2124/3131/476 2125/4035/476
f 1756/3886/476 2229/3885/476 2123/3904/476 1656/3903/476
f 2229/3885/476 2228/3888/476 2122/3907/476 2123/3904/476
f 2228/3888/476 2227/3890/476 2121/3909/476 2122/3907/476
f 2227/3890/476 2226/3892/476 2120/3911/476 2121/3909/476
f 2226/3892/476 2225/3894/476 2119/3913/476 2120/3911/476
f 2225/3894/476 2224/3896/476 2118/3915/476 2119/3913/476
f 2224/3896/476 2223/3898/476 2117/3917/476 2118/3915/476
f 2223/3898/476 2222/3900/476 2116/3919/476 2117/3917/476
f 2222/3900/476 2221/3902/476 2115/3921/476 2116/3919/476
f 2221/3902/476 2220/3124/476 2114/3127/476 2115/3921/476
f 1501/3696/476 2048/4036/476 2113/4037/476 1641/3697/476
f 2048/4036/476 2047/4038/476 2112/4039/476 2113/4037/476
f 2047/4038/476 2046/4040/476 2111/4041/476 2112/4039/476
f 2046/4040/476 2045/4042/476 2110/4043/476 2111/4041/476
f 2045/4042/476 2044/4044/476 2109/4045/476 2110/4043/476
f 2044/4044/476 2043/4046/476 2108/4047/476 2109/4045/476
f 2043/4046/476 2042/4048/476 2107/4049/476 2108/4047/476
f 2042/4048/476 2041/4050/476 2106/4051/476 2107/4049/476
f 2041/4050/476 2040/4052/476 2105/4053/476 2106/4051/476
f 2040/4052/476 2039/4054/476 2104/4055/476 2105/4053/476
f 2039/4054/476 1548/4056/476 1644/4057/476 2104/4055/476
f 1447/4058/476 2013/4059/476 2068/4060/476 1635/4061/476
f 2013/4059/476 2012/4062/476 2067/4063/476 2068/4060/476
f 2012/4062/476 2011/4064/476 2066/4065/476 2067/4063/476
f 2011/4064/476 2010/4066/476 2065/4067/476 2066/4065/476
f 2010/4066/476 2009/4068/476 2064/4069/476 2065/4067/476
f 2009/4068/476 2008/4070/476 2063/4071/476 2064/4069/476
f 2008/4070/476 2007/4072/476 2062/4073/476 2063/4071/476
f 2007/4072/476 2006/4074/476 2061/4075/476 2062/4073/476
f 2006/4074/476 2005/4076/476 2060/4077/476 2061/4075/476
f 2005/4076/476 2004/2759/476 2059/2981/476 2060/4077/476
f 1700/3998/476 2170/3997/476 2103/4078/476 1621/4079/476
f 2170/3997/476 2169/4000/476 2102/4080/476 2103/4078/476
f 2169/4000/476 2168/4002/476 2101/4081/476 2102/4080/476
f 2168/4002/476 2167/4004/476 2100/4082/476 2101/4081/476
f 2167/4004/476 2166/4006/476 2099/4083/476 2100/4082/476
f 2166/4006/476 2165/4008/476 2098/4084/476 2099/4083/476
f 2165/4008/476 2164/4010/476 2097/4085/476 2098/4084/476
f 2164/4010/476 2163/4012/476 2096/4086/476 2097/4085/476
f 2163/4012/476 2162/4014/476 2095/4087/476 2096/4086/476
f 2162/4014/476 2161/2925/476 2094/2756/476 2095/4087/476
f 2033/4088/475 2034/4089/475 2434/4090/475 2433/4091/475
f 2140/4092/477 2141/4093/477 2461/4094/477 2460/4095/477
f 2281/4096/476 2282/4097/476 2087/4009/476 2088/4007/476
f 2282/4097/476 2283/4098/476 2086/4011/476 2087/4009/476
f 2283/4098/476 2284/4099/476 2085/4013/476 2086/4011/476
f 2284/4099/476 2285/2921/476 2084/2924/476 2085/4013/476
f 2281/4100/481 2088/4101/481 2437/4102/481 2523/4103/481
f 2380/4104/475 2381/4105/475 2509/4106/475 2508/4107/475
f 2511/4108/482 2468/4109/482 1695/4110/482 2261/4111/482
f 2032/4112/475 2033/4088/475 2433/4091/475 2432/4113/475
f 2139/4114/477 2140/4092/477 2460/4095/477 2459/4115/477
f 2292/4116/476 2293/4117/476 2082/4118/476 2083/4119/476
f 2293/4117/476 2294/4120/476 2081/4121/476 2082/4118/476
f 2294/4120/476 2295/4122/476 2080/4123/476 2081/4121/476
f 2295/4122/476 2296/2917/476 2079/2920/476 2080/4123/476
f 1707/3970/476 2185/3969/476 2078/4124/476 1627/4125/476
f 2185/3969/476 2184/3972/476 2077/4126/476 2078/4124/476
f 2184/3972/476 2183/3974/476 2076/4127/476 2077/4126/476
f 2183/3974/476 2182/3976/476 2075/4128/476 2076/4127/476
f 2182/3976/476 2181/3978/476 2074/4129/476 2075/4128/476
f 2181/3978/476 2180/3980/476 2073/4130/476 2074/4129/476
f 2180/3980/476 2179/3982/476 2072/4131/476 2073/4130/476
f 2179/3982/476 2178/3984/476 2071/4132/476 2072/4131/476
f 2178/3984/476 2177/3986/476 2070/4133/476 2071/4132/476
f 2177/3986/476 2176/2913/476 2069/2916/476 2070/4133/476
f 1641/3697/476 2113/4037/476 2058/4134/476 1572/4135/476
f 2113/4037/476 2112/4039/476 2057/4136/476 2058/4134/476
f 2112/4039/476 2111/4041/476 2056/4137/476 2057/4136/476
f 2111/4041/476 2110/4043/476 2055/4138/476 2056/4137/476
f 2110/4043/476 2109/4045/476 2054/4139/476 2055/4138/476
f 2109/4045/476 2108/4047/476 2053/4140/476 2054/4139/476
f 2108/4047/476 2107/4049/476 2052/4141/476 2053/4140/476
f 2107/4049/476 2106/4051/476 2051/4142/476 2052/4141/476
f 2106/4051/476 2105/4053/476 2050/4143/476 2051/4142/476
f 2105/4053/476 2104/4055/476 2049/4144/476 2050/4143/476
f 2104/4055/476 1644/4057/476 1475/4145/476 2049/4144/476
f 1768/3625/476 2239/3862/476 2048/4036/476 1501/3696/476
f 2239/3862/476 2238/3864/476 2047/4038/476 2048/4036/476
f 2238/3864/476 2237/3866/476 2046/4040/476 2047/4038/476
f 2237/3866/476 2236/3868/476 2045/4042/476 2046/4040/476
f 2236/3868/476 2235/3870/476 2044/4044/476 2045/4042/476
f 2235/3870/476 2234/3872/476 2043/4046/476 2044/4044/476
f 2234/3872/476 2233/3874/476 2042/4048/476 2043/4046/476
f 2233/3874/476 2232/3876/476 2041/4050/476 2042/4048/476
f 2232/3876/476 2231/3878/476 2040/4052/476 2041/4050/476
f 2231/3878/476 2230/3880/476 2039/4054/476 2040/4052/476
f 2230/3880/476 1770/3882/476 1548/4056/476 2039/4054/476
f 2355/4146/476 2361/4147/476 2038/3861/476 1498/3624/476
f 2361/4147/476 2362/4148/476 2037/3863/476 2038/3861/476
f 2362/4148/476 2363/4149/476 2036/3865/476 2037/3863/476
f 2363/4149/476 2364/4150/476 2035/3867/476 2036/3865/476
f 2364/4150/476 2365/4151/476 2034/3869/476 2035/3867/476
f 2534/4152/482 2482/4153/482 1778/4154/482 2330/4155/482
f 2381/4105/475 2382/4156/475 2510/4157/475 2509/4106/475
f 2365/4158/481 2240/4159/481 2481/4160/481 2526/4161/481
f 2138/4162/477 2139/4114/477 2459/4115/477 2458/4163/477
f 2031/4164/475 2032/4112/475 2432/4113/475 2431/4165/475
f 2137/4166/477 2138/4162/477 2458/4163/477 2457/4167/477
f 2329/4168/476 2335/4169/476 2028/4170/476 1494/4171/476
f 2335/4169/476 2336/4172/476 2027/4173/476 2028/4170/476
f 2336/4172/476 2337/4174/476 2026/4175/476 2027/4173/476
f 2337/4174/476 2338/4176/476 2025/4177/476 2026/4175/476
f 2338/4176/476 2339/4178/476 2024/4179/476 2025/4177/476
f 2030/4180/475 2031/4164/475 2431/4165/475 2430/4181/475
f 2475/4182/482 2524/4183/482 2289/4184/482 1705/4185/482
f 2423/4186/475 2425/4187/475 1745/4188/475 1739/4189/475
f 2029/4190/475 2030/4180/475 2430/4181/475 2429/4191/475
f 2418/4192/482 2466/4193/482 1651/4194/482 2764/4195/482 2301/4196/482
f 2316/4197/481 2207/4198/481 2476/4199/481 2503/4200/481
f 1783/3364/476 2259/3820/476 2023/4201/476 1489/4202/476
f 2259/3820/476 2258/3822/476 2022/4203/476 2023/4201/476
f 2258/3822/476 2257/3824/476 2021/4204/476 2022/4203/476
f 2257/3824/476 2256/3826/476 2020/4205/476 2021/4204/476
f 2256/3826/476 2255/3828/476 2019/4206/476 2020/4205/476
f 2255/3828/476 2254/3830/476 2018/4207/476 2019/4206/476
f 2254/3830/476 2253/3832/476 2017/4208/476 2018/4207/476
f 2253/3832/476 2252/3834/476 2016/4209/476 2017/4208/476
f 2252/3834/476 2251/3836/476 2015/4210/476 2016/4209/476
f 2251/3836/476 2250/3838/476 2014/4211/476 2015/4210/476
f 2250/3838/476 1784/3840/476 1533/4212/476 2014/4211/476
f 1621/4079/476 2103/4078/476 2013/4059/476 1447/4058/476
f 2103/4078/476 2102/4080/476 2012/4062/476 2013/4059/476
f 2102/4080/476 2101/4081/476 2011/4064/476 2012/4062/476
f 2101/4081/476 2100/4082/476 2010/4066/476 2011/4064/476
f 2100/4082/476 2099/4083/476 2009/4068/476 2010/4066/476
f 2099/4083/476 2098/4084/476 2008/4070/476 2009/4068/476
f 2098/4084/476 2097/4085/476 2007/4072/476 2008/4070/476
f 2097/4085/476 2096/4086/476 2006/4074/476 2007/4072/476
f 2096/4086/476 2095/4087/476 2005/4076/476 2006/4074/476
f 2095/4087/476 2094/2756/476 2004/2759/476 2005/4076/476
f 1375/4213/477 1983/4214/477 1993/4215/477 1430/4216/477
f 1983/4214/477 1982/4217/477 1992/4218/477 1993/4215/477
f 1982/4217/477 1981/4219/477 1991/4220/477 1992/4218/477
f 1981/4219/477 1980/4221/477 1990/4222/477 1991/4220/477
f 1980/4221/477 1979/4223/477 1989/4224/477 1990/4222/477
f 1979/4223/477 1978/4225/477 1988/4226/477 1989/4224/477
f 1978/4225/477 1977/4227/477 1987/4228/477 1988/4226/477
f 1977/4227/477 1976/4229/477 1986/4230/477 1987/4228/477
f 1976/4229/477 1975/4231/477 1985/4232/477 1986/4230/477
f 1975/4231/477 1974/2734/477 1984/2737/477 1985/4232/477
f 1717/3950/476 2195/3949/476 1983/4233/476 1375/4234/476
f 2195/3949/476 2194/3952/476 1982/4235/476 1983/4233/476
f 2194/3952/476 2193/3954/476 1981/4236/476 1982/4235/476
f 2193/3954/476 2192/3956/476 1980/4237/476 1981/4236/476
f 2192/3956/476 2191/3958/476 1979/4238/476 1980/4237/476
f 2191/3958/476 2190/3960/476 1978/4239/476 1979/4238/476
f 2190/3960/476 2189/3962/476 1977/4240/476 1978/4239/476
f 2189/3962/476 2188/3964/476 1976/4241/476 1977/4240/476
f 2188/3964/476 2187/3966/476 1975/4242/476 1976/4241/476
f 2187/3966/476 2186/2696/476 1974/2699/476 1975/4242/476
f 1378/4243/475 2003/4244/475 1973/4245/475 1371/4246/475
f 2003/4244/475 2002/4247/475 1972/4248/475 1973/4245/475
f 2002/4247/475 2001/4249/475 1971/4250/475 1972/4248/475
f 2001/4249/475 2000/4251/475 1970/4252/475 1971/4250/475
f 2000/4251/475 1999/4253/475 1969/4254/475 1970/4252/475
f 1999/4253/475 1998/4255/475 1968/4256/475 1969/4254/475
f 1998/4255/475 1997/4257/475 1967/4258/475 1968/4256/475
f 1997/4257/475 1996/4259/475 1966/4260/475 1967/4258/475
f 1996/4259/475 1995/4261/475 1965/4262/475 1966/4260/475
f 1995/4261/475 1994/2692/475 1964/2695/475 1965/4262/475
f 2080/4123/476 2079/2920/476 2274/3154/476 2273/4021/476
f 2081/4121/476 2080/4123/476 2273/4021/476 2272/4019/476
f 2082/4118/476 2081/4121/476 2272/4019/476 2271/4016/476
f 2083/4119/476 2082/4118/476 2271/4016/476 2270/4015/476
f 1544/4263/475 2029/4190/475 2429/4191/475 2428/4264/475
f 2207/4198/481 2306/4265/481 2514/4266/481 2476/4199/481
f 2443/4267/482 1623/4268/482 2706/4269/482 2278/4270/482 2517/4271/482
f 2480/4272/482 2497/4273/482 2342/4274/482 1774/4275/482
f 2339/4276/481 2245/4277/481 2488/4278/481 2533/4279/481
f 2303/4280/482 1738/4281/482 2421/4282/482 2420/4283/482
f 1838/4284/476 2265/3616/476 2269/3619/476 1928/4285/476
f 1694/3156/476 2263/3155/476 2267/3497/476 1882/4286/476
f 1872/4287/480 1871/4288/480 2268/3455/480 2267/3454/480
f 1925/4289/480 1880/4290/480 2266/3411/480 2269/3410/480
f 1595/2892/480 1829/2936/480 2265/3386/480 2260/3159/480
f 1794/4291/478 2264/3288/478 2268/3291/478 1871/4292/478
f 1580/2969/478 2262/3147/478 2266/3200/478 1880/4293/478
f 1794/2893/480 1595/2892/480 2260/3159/480 2264/3158/480
f 2079/2920/476 1610/2919/476 2263/3155/476 2274/3154/476
f 2708/4294/478 2700/3148/478 2262/3147/478 1580/2969/478 2695/2968/478 2707/4295/478
f 2157/4022/476 2156/3157/476 2285/2921/476 2284/4099/476
f 2158/4020/476 2157/4022/476 2284/4099/476 2283/4098/476
f 2159/4017/476 2158/4020/476 2283/4098/476 2282/4097/476
f 2160/4018/476 2159/4017/476 2282/4097/476 2281/4096/476
f 2093/4296/477 1623/4297/477 2443/4298/477 2442/4299/477
f 2426/4300/482 2534/4152/482 2330/4155/482 1537/4301/482
f 2303/4302/477 2420/4303/477 2418/4304/477 2301/4305/477
f 2092/4306/477 2093/4296/477 2442/4299/477 2441/4307/477
f 2160/4308/481 2281/4100/481 2523/4103/481 2467/4309/481
f 2091/4310/477 2092/4306/477 2441/4307/477 2440/4311/477
f 1693/3160/480 1838/3387/480 2280/2937/480 2277/2895/480
f 1694/4312/480 1805/3161/480 2279/2894/480 2276/3357/480
f 2710/4313/478 2698/2977/478 2275/2976/478 1692/3146/478 2702/4314/478 2709/4315/478
f 1838/3387/480 1692/4316/480 2275/2938/480 2280/2937/480
f 2156/3157/476 1694/3156/476 2276/2922/476 2285/2921/476
f 1805/3161/480 1693/3160/480 2277/2895/480 2279/2894/480
f 2172/3994/476 2171/3180/476 2296/2917/476 2295/4122/476
f 2173/3992/476 2172/3994/476 2295/4122/476 2294/4120/476
f 2174/3989/476 2173/3992/476 2294/4120/476 2293/4117/476
f 2175/3990/476 2174/3989/476 2293/4117/476 2292/4116/476
f 2327/4317/481 2135/4318/481 2454/4319/481 2516/4320/481
f 2090/4321/477 2091/4310/477 2440/4311/477 2439/4322/477
f 2135/4318/481 2316/4197/481 2503/4200/481 2454/4319/481
f 2497/4273/482 2426/4300/482 1537/4301/482 2342/4274/482
f 2089/4323/477 2090/4321/477 2439/4322/477 2438/4324/477
f 2240/4159/481 2354/4325/481 2496/4326/481 2481/4160/481
f 1703/3189/480 1840/3385/480 2291/2933/480 2288/2891/480
f 1704/4327/480 1807/3190/480 2290/2890/480 2287/3359/480
f 2712/4328/478 2693/2971/478 2286/2970/478 1702/3170/478 2705/4329/478 2711/4330/478
f 1840/3385/480 1702/4331/480 2286/2934/480 2291/2933/480
f 2171/3180/476 1704/3179/476 2287/2918/476 2296/2917/476
f 1807/3190/480 1703/3189/480 2288/2891/480 2290/2890/480
f 2207/3926/476 2206/3228/476 2307/3136/476 2306/4023/476
f 2412/4332/477 2413/4333/477 2490/4334/477 2489/4335/477
f 2083/4336/481 2270/4337/481 2512/4338/481 2435/4339/481
f 2088/4340/477 2089/4323/477 2438/4324/477 2437/4341/477
f 2125/4342/481 2395/4343/481 2500/4344/481 2444/4345/481
f 1732/4346/482 2308/4347/482 2501/4348/482 2419/4349/482
f 2324/4350/482 1745/4351/482 2425/4352/482 2424/4353/482
f 2413/4333/477 2414/4354/477 2491/4355/477 2490/4334/477
f 1660/3068/480 2297/3809/480 2298/3337/480 1674/3069/480
f 1737/3244/480 1734/4356/480 2302/3791/480 2300/3245/480
f 1679/3049/480 2299/3241/480 2305/3242/480 1834/3028/480
f 1674/3069/480 2298/3337/480 2304/3238/480 1801/3048/480
f 1834/3028/480 2305/3242/480 2300/3245/480 1684/3029/480
f 1801/3048/480 2304/3238/480 2299/3241/480 1679/3049/480
f 2765/4357/478 1664/3108/478 1667/3107/478 2302/3230/478 2758/3229/478 2766/4358/478
f 2206/3228/476 1733/3227/476 2297/3137/476 2307/3136/476
f 2024/4359/481 2339/4276/481 2533/4279/481 2427/4360/481
f 2135/4025/476 2134/3135/476 2317/3225/476 2316/3925/476
f 2414/4354/477 2415/4361/477 2492/4362/477 2491/4355/477
f 2292/4363/481 2083/4336/481 2435/4339/481 2525/4364/481
f 2468/4109/482 2517/4271/482 2278/4270/482 1695/4110/482
f 2395/4343/481 2209/4365/481 2478/4366/481 2500/4344/481
f 2415/4361/477 2416/4367/477 2493/4368/477 2492/4362/477
f 2382/4369/481 2175/4370/481 2469/4371/481 2510/4372/481
f 1655/4373/475 2133/4374/475 2452/4375/475 2453/4376/475
f 2416/4367/477 2417/4377/477 2494/4378/477 2493/4368/477
f 2651/4379/482 1778/4154/482 2482/4153/482 2495/4380/482 2400/4381/482
f 1736/3240/480 2312/3054/480 2315/3031/480 1844/3243/480
f 1735/3338/480 2311/3074/480 2314/3051/480 1811/3239/480
f 2134/3135/476 1659/3134/476 2310/3226/476 2317/3225/476
f 1734/3231/478 2309/3109/478 2751/3113/478 2767/4382/478 2759/3232/478
f 1737/3244/480 2313/3034/480 2309/3082/480 1734/4356/480
f 1733/3810/480 2310/3071/480 2311/3074/480 1735/3338/480
f 1811/3239/480 2314/3051/480 2312/3054/480 1736/3240/480
f 1844/3243/480 2315/3031/480 2313/3034/480 1737/3244/480
f 2209/3924/476 2208/3249/476 2328/3132/476 2327/4024/476
f 2354/4325/481 2024/4359/481 2427/4360/481 2496/4326/481
f 2133/4374/475 2132/4383/475 2451/4384/475 2452/4375/475
f 2209/4365/481 2327/4317/481 2516/4320/481 2478/4366/481
f 2417/4377/477 2400/4385/477 2495/4386/477 2494/4378/477
f 2132/4383/475 2131/4387/475 2450/4388/475 2451/4384/475
f 2436/4389/482 2511/4108/482 2261/4111/482 1625/4390/482
f 2422/4391/482 2456/4392/482 1653/4393/482 2322/4394/482
f 2652/4395/482 1544/4396/482 2428/4397/482 2532/4398/482 2356/4399/482
f 2131/4387/475 2130/4400/475 2449/4401/475 2450/4388/475
f 1678/3053/480 2320/3266/480 2326/3267/480 1835/3032/480
f 1673/3073/480 2319/3262/480 2325/3263/480 1802/3052/480
f 1835/3032/480 2326/3267/480 2321/3255/480 1683/3033/480
f 1802/3052/480 2325/3263/480 2320/3266/480 1678/3053/480
f 1659/3072/480 2318/3259/480 2319/3262/480 1673/3073/480
f 1683/3033/480 2321/3255/480 2323/3258/480 1668/3081/480
f 2753/3111/478 1668/3110/478 2323/3251/478 2762/4402/478 2768/4403/478
f 2208/3249/476 1740/3248/476 2318/3133/476 2328/3132/476
f 2270/4337/481 2160/4308/481 2467/4309/481 2512/4338/481
f 2456/4392/482 2501/4348/482 2308/4347/482 1653/4393/482
f 2130/4400/475 2129/4404/475 2448/4405/475 2449/4401/475
f 2145/4406/477 1651/4407/477 2466/4408/477 2465/4409/477
f 2524/4183/482 2436/4389/482 1625/4390/482 2289/4184/482
f 2306/4265/481 2137/4410/481 2457/4411/481 2514/4266/481
f 2246/3848/476 2245/3850/476 2339/4178/476 2338/4176/476
f 2247/3846/476 2246/3848/476 2338/4176/476 2337/4174/476
f 2248/3844/476 2247/3846/476 2337/4174/476 2336/4172/476
f 2249/3842/476 2248/3844/476 2336/4172/476 2335/4169/476
f 1776/3585/476 2249/3842/476 2335/4169/476 2329/4168/476
f 1779/4412/480 1850/3327/480 2334/2770/480 2331/3398/480
f 1777/3326/480 1817/3334/480 2333/2861/480 2332/2771/480
f 1817/3334/480 1776/4413/480 2329/2862/480 2333/2861/480
f 2653/4414/478 2648/3322/478 1779/3321/478 2331/2792/478 2637/4415/478
f 1850/3327/480 1777/3326/480 2332/2771/480 2334/2770/480
f 2129/4404/475 2128/4416/475 2447/4417/475 2448/4405/475
f 2532/4398/482 2480/4272/482 1774/4275/482 2356/4399/482
f 2144/4418/477 2145/4406/477 2465/4409/477 2464/4419/477
f 2322/4420/477 2324/4421/477 2424/4422/477 2422/4423/477
f 2475/4182/482 1705/4185/482 2713/4424/482 2367/4425/482 2504/4426/482
f 2367/4427/475 2377/4428/475 2505/4429/475 2504/4430/475
f 2025/4177/476 2024/4179/476 2354/3859/476 2353/3857/476
f 2026/4175/476 2025/4177/476 2353/3857/476 2352/3855/476
f 2027/4173/476 2026/4175/476 2352/3855/476 2351/3853/476
f 2028/4170/476 2027/4173/476 2351/3853/476 2350/3851/476
f 1494/4171/476 2028/4170/476 2350/3851/476 2341/3340/476
f 1816/4431/478 2344/3650/478 2348/3653/478 1919/4432/478
f 1862/4433/480 1861/4434/480 2349/3471/480 2347/3470/480
f 1914/4435/480 1900/4436/480 2346/3431/480 2348/3430/480
f 1494/4171/476 2341/3340/476 2346/3343/476 1900/4437/476
f 1527/2772/480 1790/2864/480 2344/3335/480 2340/3301/480
f 1823/2773/480 1527/2772/480 2340/3301/480 2345/3300/480
f 2654/4438/478 2639/2793/478 1560/2761/478 2343/2760/478 2645/3297/478 2655/4439/478
f 1823/4440/476 2345/2982/476 2349/2985/476 1861/4441/476
f 1775/3298/478 2343/2760/478 2347/2763/478 1902/4442/478
f 2453/4443/482 2498/4444/482 2387/4445/482 2769/4446/482 1655/4447/482
f 2128/4416/475 2127/4448/475 2446/4449/475 2447/4417/475
f 2143/4450/477 2144/4418/477 2464/4419/477 2463/4451/477
f 2377/4428/475 2378/4452/475 2506/4453/475 2505/4429/475
f 2245/4277/481 2412/4454/481 2489/4455/481 2488/4278/481
f 2127/4448/475 2126/4456/475 2445/4457/475 2446/4449/475
f 2241/3858/476 2240/3860/476 2365/4151/476 2364/4150/476
f 2242/3856/476 2241/3858/476 2364/4150/476 2363/4149/476
f 2243/3854/476 2242/3856/476 2363/4149/476 2362/4148/476
f 2244/3852/476 2243/3854/476 2362/4148/476 2361/4147/476
f 1772/3341/476 2244/3852/476 2361/4147/476 2355/4146/476
f 1775/4458/480 1849/3303/480 2360/2774/480 2357/3396/480
f 1773/3302/480 1816/3336/480 2359/2865/480 2358/2775/480
f 1816/3336/480 1772/4459/480 2355/2866/480 2359/2865/480
f 2656/4460/478 2646/3299/478 1775/3298/478 2357/2797/478 2641/2796/478 2657/4461/478
f 1849/3303/480 1773/3302/480 2358/2775/480 2360/2774/480
f 2070/4133/476 2069/2916/476 2386/3178/476 2385/3993/476
f 2071/4132/476 2070/4133/476 2385/3993/476 2384/3991/476
f 2072/4131/476 2071/4132/476 2384/3991/476 2383/3988/476
f 2073/4130/476 2072/4131/476 2383/3988/476 2382/3987/476
f 2074/4129/476 2073/4130/476 2382/3987/476 2381/4462/476
f 2075/4128/476 2074/4129/476 2381/4462/476 2380/4463/476
f 2076/4127/476 2075/4128/476 2380/4463/476 2379/4464/476
f 2077/4126/476 2076/4127/476 2379/4464/476 2378/4465/476
f 2078/4124/476 2077/4126/476 2378/4465/476 2377/4466/476
f 1627/4125/476 2078/4124/476 2377/4466/476 2367/4467/476
f 1840/4468/476 2372/3576/476 2376/3579/476 1930/4469/476
f 1870/4470/480 1869/4471/480 2375/3447/480 2374/3446/480
f 1924/4472/480 1888/4473/480 2373/3419/480 2376/3418/480
f 1597/2888/480 1828/2932/480 2372/3384/480 2366/3188/480
f 1576/2966/478 2368/3171/478 2373/3349/478 1888/4474/478
f 1793/4475/478 2371/3344/478 2375/3347/478 1869/4476/478
f 1627/2875/479 2367/3191/479 2750/3196/479 1481/4477/479 1629/2876/479
f 1793/2889/480 1597/2888/480 2366/3188/480 2371/3187/480
f 2369/3181/479 1599/2902/479 1629/2876/479 1481/4478/479 2749/4479/479
f 2069/2916/476 1609/2915/476 2370/3162/476 2386/3178/476
f 1576/2966/478 1599/2965/478 2369/3172/478 2368/3171/478
f 1704/3179/476 2370/3162/476 2374/3164/476 1890/4480/476
f 2125/4035/476 2124/3131/476 2396/3246/476 2395/3923/476
f 2419/4481/475 2421/4482/475 1738/4483/475 1732/4484/475
f 2175/4370/481 2292/4363/481 2525/4364/481 2469/4371/481
f 2142/4485/477 2143/4450/477 2463/4451/477 2462/4486/477
f 2378/4452/475 2379/4487/475 2507/4488/475 2506/4453/475
f 2126/4456/475 2125/4489/475 2444/4490/475 2445/4457/475
f 2498/4444/482 2423/4491/482 1739/4492/482 2387/4445/482
f 2141/4093/477 2142/4485/477 2462/4486/477 2461/4094/477
f 2379/4487/475 2380/4104/475 2508/4107/475 2507/4488/475
f 2034/4493/481 2365/4158/481 2526/4161/481 2434/4494/481
f 1741/3257/480 1744/3256/480 2392/3038/480 2388/3792/480
f 1672/3274/480 2390/3352/480 2389/3764/480 1658/3271/480
f 1743/3265/480 2391/3058/480 2394/3035/480 1845/3268/480
f 1742/3261/480 2390/3352/480 2393/3055/480 1812/3264/480
f 2825/3014/479 1655/3013/479 2769/4495/479 1459/4496/479 1456/4497/479
f 2757/4498/479 1663/3090/479 2822/3089/479 1431/4499/479 1427/4500/479
f 2124/3131/476 1658/3130/476 2389/3247/476 2396/3246/476
f 2763/3253/478 1741/3252/478 2388/3115/478 2755/3114/478 2770/4501/478
f 1812/3264/480 2393/3055/480 2391/3058/480 1743/3265/480
f 1845/3268/480 2394/3035/480 2392/3038/480 1744/3256/480
f 2014/4211/476 1533/4212/476 2400/4502/476 2417/4503/476
f 2015/4210/476 2014/4211/476 2417/4503/476 2416/4504/476
f 2016/4209/476 2015/4210/476 2416/4504/476 2415/4505/476
f 2017/4208/476 2016/4209/476 2415/4505/476 2414/4506/476
f 2018/4207/476 2017/4208/476 2414/4506/476 2413/4507/476
f 2019/4206/476 2018/4207/476 2413/4507/476 2412/3849/476
f 2020/4205/476 2019/4206/476 2412/3849/476 2411/3847/476
f 2021/4204/476 2020/4205/476 2411/3847/476 2410/3845/476
f 2022/4203/476 2021/4204/476 2410/3845/476 2409/3843/476
f 2023/4201/476 2022/4203/476 2409/3843/476 2408/3841/476
f 1489/4202/476 2023/4201/476 2408/3841/476 2399/3584/476
f 1817/4508/478 2402/3640/478 2406/3643/478 1920/4509/478
f 1779/3321/478 2401/3320/478 2405/3633/478 1906/4510/478
f 1489/4202/476 2399/3584/476 2404/3587/476 1904/4511/476
f 1860/4512/480 1859/4513/480 2407/3467/480 2405/3466/480
f 1913/4514/480 1904/4515/480 2404/3435/480 2406/3434/480
f 1530/2768/480 1789/2860/480 2402/3333/480 2397/3325/480
f 1822/2769/480 1530/2768/480 2397/3325/480 2403/3324/480
f 1463/2789/478 1556/2788/478 2401/3320/478 2398/3319/478
f 1533/2810/479 1487/2809/479 1428/4516/479 1420/4517/479 2691/3313/479 2400/3312/479
f 2398/3307/479 2692/4518/479 1436/4519/479 1428/4516/479 1487/2809/479 1463/2831/479
f 1822/4520/476 2403/3174/476 2407/3177/476 1859/4521/476
f 2489/4522/476 2490/4523/476 2487/4524/476 2488/4525/476
f 2445/4526/480 2499/4527/480 2588/4528/480 2543/4529/480
f 2472/4530/479 2507/4531/479 2565/4532/479 2555/4533/479
f 2492/4534/476 2493/4535/476 2484/4536/476 2485/4537/476
f 2483/4538/475 2484/4539/475 2606/4540/475 2605/4541/475
f 2473/4542/477 2474/4543/477 2602/4544/477 2601/4545/477
f 2446/4449/475 2445/4457/475 2543/4546/475 2544/4547/475
f 2497/4548/476 2480/4549/476 2659/4550/476 2658/4551/476
f 2772/4552/476 2423/4553/476 2498/4554/476 2771/4555/476
f 2773/4556/476 2499/4557/476 2479/4558/476 2775/4559/476 2774/4560/476
f 2499/4557/476 2500/4561/476 2478/4562/476 2479/4558/476
f 2419/4563/476 2501/4564/476 2776/4565/476 2777/4566/476
f 2502/4567/476 2477/4568/476 2780/4569/476 2778/4570/476 2779/4571/476
f 2502/4567/476 2503/4572/476 2476/4573/476 2477/4568/476
f 2429/4191/475 2430/4181/475 2591/4574/475 2590/4575/475
f 2466/4193/479 2418/4192/479 2613/4576/479 2600/4577/479
f 2506/4578/476 2507/4579/476 2472/4580/476 2473/4581/476
f 2427/4360/480 2533/4279/480 2582/4582/480 2535/4583/480
f 2715/4584/477 2714/4585/477 2552/4586/477 2551/4587/477 2467/4588/477
f 2509/4589/476 2510/4590/476 2469/4591/476 2470/4592/476
f 2468/4593/476 2511/4594/476 2716/4595/476 2717/4596/476
f 2781/4597/479 2447/4598/479 2545/4599/479 2586/4600/479 2782/4601/479
f 2532/4398/479 2428/4397/479 2589/4602/479 2621/4603/479
f 2482/4604/475 2483/4538/475 2605/4541/475 2604/4605/475
f 2783/4606/476 2463/4607/476 2464/4608/476 2784/4609/476
f 2631/4610/479 2630/4611/479 2463/4612/479 2783/4613/479 2785/4614/479
f 2449/4401/475 2448/4405/475 2625/4615/475 2626/4616/475
f 2786/4617/476 2460/4618/476 2461/4619/476 2787/4620/476
f 2660/4621/479 2556/4622/479 2661/4623/479 2662/4624/479
f 2503/4625/477 2502/4626/477 2584/4627/477 2585/4628/477
f 2513/4629/476 2514/4630/476 2457/4631/476 2458/4632/476
f 2456/4633/476 2422/4634/476 2788/4635/476 2789/4636/476
f 2515/4637/476 2455/4638/476 2792/4639/476 2790/4640/476 2791/4641/476
f 2481/4160/480 2496/4326/480 2564/4642/480 2557/4643/480
f 2475/4182/479 2504/4426/479 2610/4644/479 2603/4645/479
f 2428/4264/475 2429/4191/475 2590/4575/475 2589/4646/475
f 2519/4647/476 2520/4648/476 2440/4649/476 2441/4650/476
f 2454/4319/480 2503/4200/480 2585/4651/480 2546/4652/480
f 2529/4653/479 2431/4654/479 2536/4655/479 2581/4656/479
f 2522/4657/476 2523/4658/476 2437/4659/476 2438/4660/476
f 2436/4661/476 2524/4662/476 2718/4663/476 2719/4664/476
f 2502/4665/479 2455/4666/479 2547/4667/479 2584/4668/479
f 2526/4669/476 2527/4670/476 2433/4671/476 2434/4672/476
f 2439/4322/477 2440/4311/477 2542/4673/477 2541/4674/477
f 2438/4324/477 2439/4322/477 2541/4674/477 2540/4675/477
f 2529/4676/476 2530/4677/476 2430/4678/476 2431/4679/476
f 2453/4376/475 2452/4375/475 2596/4680/475 2597/4681/475
f 2495/4380/479 2482/4153/479 2604/4682/479 2609/4683/479
f 2433/4684/480 2527/4685/480 2579/4686/480 2538/4687/480
f 2534/4688/476 2426/4689/476 2664/4690/476 2663/4691/476
f 2513/4692/480 2458/4693/480 2548/4694/480 2571/4695/480
f 2511/4594/476 2436/4661/476 2719/4664/476 2716/4595/476
f 2720/4696/476 2715/4697/476 2467/4698/476 2523/4658/476 2522/4657/476
f 2721/4699/476 2720/4700/476 2522/4657/476 2521/4701/476 2723/4702/476 2722/4703/476
f 2723/4702/476 2521/4701/476 2520/4648/476 2724/4704/476
f 2724/4704/476 2520/4648/476 2519/4647/476 2725/4705/476
f 2725/4705/476 2519/4647/476 2518/4706/476 2726/4707/476
f 2726/4707/476 2518/4706/476 2517/4708/476 2468/4593/476 2717/4596/476 2727/4709/476
f 2729/4710/476 2470/4592/476 2469/4591/476 2525/4711/476 2728/4712/476
f 2732/4713/476 2471/4714/476 2470/4592/476 2729/4710/476 2731/4715/476 2730/4716/476
f 2472/4580/476 2471/4714/476 2732/4713/476 2733/4717/476
f 2473/4581/476 2472/4580/476 2733/4717/476 2734/4718/476
f 2474/4719/476 2473/4581/476 2734/4718/476 2735/4720/476
f 2736/4721/476 2718/4663/476 2524/4662/476 2475/4722/476 2474/4719/476 2735/4723/476
f 2477/4568/476 2476/4573/476 2514/4630/476 2513/4629/476
f 2780/4724/476 2477/4568/476 2513/4629/476 2793/4725/476 2794/4726/476
f 2795/4727/476 2418/4728/476 2419/4563/476 2777/4566/476
f 2419/4729/479 2418/4730/479 2420/4283/479 2421/4282/479
f 2459/4115/477 2460/4095/477 2550/4731/477 2549/4732/477
f 2796/4639/476 2792/4639/476 2455/4638/476 2502/4567/476 2779/4733/476 2797/4734/476
f 2501/4564/476 2456/4633/476 2789/4636/476 2776/4565/476
f 2479/4558/476 2478/4562/476 2516/4735/476 2515/4637/476
f 2479/4558/476 2515/4637/476 2791/4641/476 2798/4736/476 2775/4559/476
f 2422/4634/476 2423/4553/476 2772/4737/476 2788/4738/476
f 2423/4739/479 2422/4740/479 2424/4353/479 2425/4352/479
f 2665/4741/476 2666/4742/476 2483/4743/476 2482/4744/476 2534/4688/476 2663/4745/476
f 2667/4746/476 2484/4536/476 2483/4743/476 2666/4742/476
f 2668/4747/476 2485/4537/476 2484/4536/476 2667/4746/476
f 2669/4748/476 2486/4749/476 2485/4537/476 2668/4747/476
f 2671/4750/476 2672/4751/476 2487/4524/476 2486/4749/476 2669/4748/476 2670/4752/476
f 2673/4753/476 2533/4754/476 2488/4525/476 2487/4524/476 2672/4755/476
f 2426/4689/476 2497/4548/476 2658/4756/476 2664/4757/476
f 2492/4758/479 2485/4759/479 2558/4760/479 2563/4761/479
f 2674/4762/476 2659/4763/476 2480/4549/476 2532/4764/476 2531/4765/476 2675/4766/476
f 2531/4765/476 2530/4677/476 2676/4767/476 2675/4766/476
f 2530/4677/476 2529/4676/476 2677/4768/476 2676/4767/476
f 2529/4676/476 2528/4769/476 2678/4770/476 2677/4768/476
f 2679/4771/476 2678/4770/476 2528/4769/476 2527/4670/476 2681/4772/476 2680/4773/476
f 2681/4772/476 2527/4670/476 2526/4669/476 2481/4774/476 2682/4775/476
f 2445/4776/476 2444/4777/476 2500/4561/476 2499/4557/476
f 2458/4163/477 2459/4115/477 2549/4732/477 2548/4778/477
f 2525/4364/480 2435/4339/480 2539/4779/480 2578/4780/480
f 2448/4781/476 2447/4782/476 2781/4783/476 2799/4784/476
f 2800/4785/475 2633/4786/475 2632/4787/475 2801/4788/475
f 2625/4789/480 2448/4790/480 2799/4791/480 2802/4792/480 2636/4793/480
f 2451/4794/476 2450/4795/476 2803/4796/476 2804/4797/476
f 2430/4798/480 2530/4799/480 2619/4800/480 2591/4801/480
f 2805/4802/475 2614/4803/475 2613/4804/475 2418/4805/475 2795/4806/475 2806/4807/475
f 2561/4808/476 2562/4809/476 2559/4810/476 2560/4811/476
f 2562/4809/476 2563/4812/476 2558/4813/476 2559/4810/476
f 2683/4814/476 2661/4815/476 2556/4816/476 2557/4817/476 2564/4818/476
f 2565/4819/476 2566/4820/476 2554/4821/476 2555/4822/476
f 2566/4820/476 2567/4823/476 2553/4824/476 2554/4821/476
f 2737/4825/476 2568/4826/476 2551/4827/476 2552/4828/476 2739/4829/476 2738/4830/476
f 2569/4831/476 2570/4832/476 2549/4833/476 2550/4834/476
f 2570/4832/476 2571/4835/476 2548/4836/476 2549/4833/476
f 2572/4837/476 2573/4838/476 2546/4839/476 2547/4840/476
f 2574/4841/476 2575/4842/476 2541/4843/476 2542/4844/476
f 2575/4842/476 2576/4845/476 2540/4846/476 2541/4843/476
f 2740/4847/476 2742/4848/476 2577/4849/476 2578/4850/476 2539/4851/476 2741/4852/476
f 2579/4853/476 2580/4854/476 2537/4855/476 2538/4856/476
f 2580/4854/476 2581/4857/476 2536/4858/476 2537/4855/476
f 2684/4859/476 2686/4860/476 2535/4861/476 2582/4862/476 2583/4863/476 2685/4864/476
f 2743/4865/476 2741/4852/476 2539/4851/476 2568/4826/476 2737/4866/476
f 2547/4840/476 2546/4839/476 2585/4867/476 2584/4868/476
f 2688/4869/476 2683/4814/476 2564/4818/476 2535/4861/476 2686/4860/476 2687/4870/476
f 2544/4871/476 2543/4872/476 2588/4873/476 2587/4874/476
f 2545/4875/476 2544/4871/476 2587/4874/476 2586/4876/476
f 2685/4877/479 2583/4878/479 2690/4879/479 2689/4880/479
f 2447/4417/475 2446/4449/475 2544/4547/475 2545/4881/475
f 2521/4882/475 2522/4883/475 2576/4884/475 2575/4885/475
f 2509/4886/480 2470/4887/480 2553/4888/480 2567/4889/480
f 2520/4890/475 2521/4882/475 2575/4885/475 2574/4891/475
f 2455/4666/479 2515/4892/479 2572/4893/479 2547/4667/479
f 2807/4894/477 2808/4895/477 2587/4896/477 2588/4897/477 2499/4898/477 2773/4899/477
f 2516/4320/480 2454/4319/480 2546/4652/480 2573/4900/480
f 2513/4901/475 2571/4902/475 2570/4903/475 2810/4904/475 2809/4905/475 2793/4906/475
f 2782/4907/477 2586/4908/477 2587/4896/477 2808/4895/477
f 2810/4904/475 2570/4903/475 2569/4909/475 2811/4910/475
f 2470/4911/477 2471/4912/477 2554/4913/477 2553/4914/477
f 2471/4912/477 2472/4915/477 2555/4916/477 2554/4913/477
f 2440/4917/479 2520/4918/479 2574/4919/479 2542/4920/479
f 2682/4921/475 2481/4922/475 2557/4923/475 2556/4924/475 2660/4925/475
f 2739/4926/479 2552/4927/479 2714/4928/479 2744/4929/479
f 2528/4930/477 2529/4931/477 2581/4932/477 2580/4933/477
f 2522/4934/480 2438/4935/480 2540/4936/480 2576/4937/480
f 2431/4165/475 2432/4113/475 2537/4938/475 2536/4939/475
f 2512/4338/480 2467/4309/480 2551/4940/480 2568/4941/480
f 2527/4942/477 2528/4930/477 2580/4933/477 2579/4943/477
f 2432/4113/475 2433/4091/475 2538/4944/475 2537/4938/475
f 2690/4945/477 2583/4946/477 2582/4947/477 2533/4948/477 2673/4949/477
f 2485/4950/475 2486/4951/475 2559/4952/475 2558/4953/475
f 2435/4339/480 2512/4338/480 2568/4941/480 2539/4779/480
f 2496/4326/480 2427/4360/480 2535/4583/480 2564/4642/480
f 2486/4951/475 2487/4954/475 2560/4955/475 2559/4952/475
f 2745/4956/475 2728/4957/475 2525/4958/475 2578/4959/475 2577/4960/475
f 2508/4107/475 2509/4106/475 2567/4961/475 2566/4962/475
f 2491/4355/477 2492/4362/477 2563/4963/477 2562/4964/477
f 2507/4488/475 2508/4107/475 2566/4962/475 2565/4965/475
f 2490/4334/477 2491/4355/477 2562/4964/477 2561/4966/477
f 2515/4967/475 2516/4968/475 2573/4969/475 2572/4970/475
f 2487/4971/480 2490/4972/480 2561/4973/480 2560/4974/480
f 2745/4975/479 2577/4976/479 2742/4977/479 2746/4978/479
f 2569/4979/479 2550/4980/479 2460/4981/479 2786/4982/479 2811/4983/479
f 2607/4984/476 2608/4985/476 2605/4986/476 2606/4987/476
f 2608/4985/476 2609/4988/476 2604/4989/476 2605/4986/476
f 2610/4990/476 2611/4991/476 2602/4992/476 2603/4993/476
f 2611/4991/476 2612/4994/476 2601/4995/476 2602/4992/476
f 2613/4996/476 2614/4997/476 2599/4998/476 2600/4999/476
f 2614/4997/476 2615/5000/476 2598/5001/476 2599/4998/476
f 2616/5002/476 2617/5003/476 2593/5004/476 2594/5005/476
f 2617/5003/476 2618/5006/476 2592/5007/476 2593/5004/476
f 2619/5008/476 2620/5009/476 2590/5010/476 2591/5011/476
f 2620/5009/476 2621/5012/476 2589/5013/476 2590/5010/476
f 2596/5014/476 2595/5015/476 2624/5016/476 2623/5017/476
f 2597/5018/476 2596/5014/476 2623/5017/476 2622/5019/476
f 2505/4429/475 2506/4453/475 2612/5020/475 2611/5021/475
f 2506/5022/480 2473/5023/480 2601/5024/480 2612/5025/480
f 2474/4543/477 2475/5026/477 2603/5027/477 2602/4544/477
f 2441/4307/477 2442/4299/477 2593/5028/477 2592/5029/477
f 2464/4419/477 2465/4409/477 2599/5030/477 2598/5031/477
f 2784/5032/480 2464/5033/480 2598/5034/480 2615/5035/480 2812/5036/480
f 2504/4430/475 2505/4429/475 2611/5021/475 2610/5037/475
f 2442/4299/477 2443/4298/477 2594/5038/477 2593/5028/477
f 2465/4409/477 2466/4408/477 2600/5039/477 2599/5030/477
f 2498/4444/479 2453/4443/479 2597/5040/479 2622/5041/479
f 2531/5042/477 2532/5043/477 2621/5044/477 2620/5045/477
f 2518/5046/475 2519/5047/475 2618/5048/475 2617/5049/475
f 2595/5050/480 2451/5051/480 2804/5052/480 2813/5053/480 2624/5054/480
f 2530/5055/477 2531/5042/477 2620/5045/477 2619/5056/477
f 2517/5057/475 2518/5046/475 2617/5049/475 2616/5058/475
f 2443/4267/479 2517/4271/479 2616/5059/479 2594/5060/479
f 2814/5061/477 2623/5062/477 2624/5063/477 2813/5064/477
f 2771/5065/477 2498/5066/477 2622/5067/477 2623/5062/477 2814/5068/477 2815/5069/477
f 2519/5070/480 2441/5071/480 2592/5072/480 2618/5073/480
f 2494/4378/477 2495/4386/477 2609/5074/477 2608/5075/477
f 2484/5076/480 2493/5077/480 2607/5078/480 2606/5079/480
f 2493/4368/477 2494/4378/477 2608/5075/477 2607/5080/477
f 2812/5081/475 2615/5082/475 2614/4803/475 2805/4802/475
f 2452/4375/475 2451/4384/475 2595/5083/475 2596/4680/475
f 2631/5084/476 2632/5085/476 2629/5086/476 2630/5087/476
f 2632/5085/476 2633/5088/476 2628/5089/476 2629/5086/476
f 2626/5090/476 2625/5091/476 2636/5092/476 2635/5093/476
f 2627/5094/476 2626/5090/476 2635/5093/476 2634/5095/476
f 2801/4788/475 2632/4787/475 2631/5096/475 2785/5097/475
f 2461/4094/477 2462/4486/477 2629/5098/477 2628/5099/477
f 2803/5100/479 2450/5101/479 2627/5102/479 2634/5103/479 2816/5104/479
f 2450/4388/475 2449/4401/475 2626/4616/475 2627/5105/475
f 2817/5106/477 2635/5107/477 2636/5108/477 2802/5109/477
f 2462/4486/477 2463/4451/477 2630/5110/477 2629/5098/477
f 2787/5111/480 2461/5112/480 2628/5113/480 2633/5114/480 2800/5115/480
f 2816/5116/477 2634/5117/477 2635/5107/477 2817/5106/477
f 2666/5118/483 2665/5119/483 1383/5120/483 1391/5121/483 2670/5122/483 2669/5123/483 2668/5124/483 2667/5125/483
f 2651/5126/484 1398/5127/484 1403/5128/484 1391/5121/484 1383/5120/484
f 1418/5129/485 1403/5128/485 1398/5127/485 1412/5130/485
f 2691/5131/486 1420/5132/486 1425/5133/486 1418/5129/486 1412/5130/486
f 1433/5134/487 1425/5133/487 1420/5132/487 1428/5135/487
f 1441/5136/488 1433/5134/488 1428/5135/488 1436/5137/488
f 2692/5138/489 1446/5139/489 1450/5140/489 1441/5136/489 1436/5137/489
f 1455/5141/490 1450/5140/490 1446/5139/490 1452/5142/490
f 1455/5141/491 1452/5142/491 2650/5143/491 2649/5144/491
f 2643/5145/492 1513/5146/492 1524/5147/492 2642/5148/492
f 1526/5149/493 1532/5150/493 1524/5147/493 1513/5146/493
f 1532/5150/494 1526/5149/494 1536/5151/494 1540/5152/494
f 1540/5152/495 1536/5151/495 1542/5153/495 1546/5154/495
f 1550/5155/496 1553/5156/496 1546/5154/496 1542/5153/496
f 1553/5156/497 1550/5155/497 1558/5157/497 1562/5158/497
f 1562/5158/498 1558/5157/498 1567/5159/498 1570/5160/498
f 2652/5161/499 1574/5162/499 1578/5163/499 1570/5160/499 1567/5159/499
f 2678/5164/500 2679/5165/500 1578/5163/500 1574/5162/500 2674/5166/500 2675/5167/500 2676/5168/500 2677/5169/500
f 1450/5140/501 1614/5140/501 1612/5136/501 1441/5136/501
f 1778/5170/480 2651/5171/480 1383/5172/480 2665/5173/480 2663/5174/480 2664/5175/480 2658/5176/480 2659/5177/480 2674/5178/480 1574/5179/480 2652/5180/480 2356/5181/480 1774/5182/480 2342/5183/480 1537/5184/480 2330/5185/480
f 1652/5186/479 1654/5187/479 1598/5188/479 1594/5189/479 1600/5190/479 1601/5191/479 1603/5192/479 1604/5193/479 1607/5194/479 1608/5195/479 1611/5196/479 1612/5197/479 1614/5198/479 1616/5199/479 1618/5200/479 1620/5201/479 1622/5202/479 1624/5203/479 1626/5204/479 1628/5205/479 1630/5206/479 1631/5207/479 1632/5208/479 1634/5209/479 1637/5210/479 1638/5211/479 1640/5212/479 1643/5213/479 1645/5214/479 1647/5215/479 1648/5216/479 1650/5217/479
f 2646/5218/502 2656/5219/502 1631/5219/502 1630/5220/502 2644/5220/502
f 1578/5163/503 1648/5163/503 1647/5160/503 1570/5160/503
f 1418/5129/504 1607/5129/504 1604/5128/504 1403/5128/504
f 2640/5221/505 1624/5221/505 1622/5222/505 2638/5222/505
f 1546/5154/506 1640/5154/506 1638/5152/506 1540/5152/506
f 2685/5223/507 2689/5224/507 1600/5224/507 1594/5225/507 2684/5225/507
f 1455/5141/508 1616/5141/508 1614/5140/508 1450/5140/508
f 1631/5219/509 2656/5226/509 2657/5227/509 1632/5227/509
f 1650/5228/510 1648/5163/510 1578/5163/510 2679/5165/510 2680/5228/510
f 1425/5133/511 1608/5133/511 1607/5129/511 1418/5129/511
f 2639/5229/512 2654/5230/512 1626/5230/512 1624/5221/512 2640/5221/512
f 1553/5156/513 1643/5156/513 1640/5154/513 1546/5154/513
f 2689/5224/514 2690/5231/514 2673/5232/514 2672/5233/514 2671/5234/514 1601/5234/514 1600/5224/514
f 2647/5235/515 1618/5235/515 1616/5141/515 1455/5141/515 2649/5236/515
f 2641/5237/516 2642/5148/516 1524/5147/516 1634/5147/516 1632/5227/516 2657/5227/516
f 2662/5238/517 1652/5238/517 1650/5228/517 2680/5228/517 2681/5239/517 2682/5240/517 2660/5241/517
f 1433/5134/518 1611/5134/518 1608/5133/518 1425/5133/518
f 1626/5230/519 2654/5230/519 2655/5242/519 1628/5242/519
f 1562/5158/520 1645/5158/520 1643/5156/520 1553/5156/520
f 2670/5122/521 1391/5121/521 1603/5121/521 1601/5234/521 2671/5234/521
f 2648/5243/522 2653/5244/522 1620/5244/522 1618/5235/522 2647/5235/522
f 1532/5150/523 1637/5150/523 1634/5147/523 1524/5147/523
f 1654/5245/524 1652/5238/524 2662/5238/524 2661/5246/524 2683/5247/524 2688/5245/524
f 1441/5136/525 1612/5136/525 1611/5134/525 1433/5134/525
f 1628/5242/526 2655/5242/526 2645/5248/526 2644/5220/526 1630/5220/526
f 1570/5160/527 1647/5160/527 1645/5158/527 1562/5158/527
f 1403/5128/528 1604/5128/528 1603/5121/528 1391/5121/528
f 2638/5222/529 1622/5222/529 1620/5244/529 2653/5244/529 2637/5249/529
f 1540/5152/530 1638/5152/530 1637/5150/530 1532/5150/530
f 2686/5250/531 2684/5225/531 1594/5225/531 1598/5251/531 2687/5251/531
f 1598/5252/532 1654/5245/532 2688/5245/532 2687/5252/532
f 2726/5253/483 2727/5119/483 1380/5120/483 1382/5121/483 2722/5122/483 2723/5254/483 2724/5124/483 2725/5255/483
f 1387/5127/484 1390/5128/484 1382/5121/484 1380/5120/484 2706/5256/484
f 1399/5129/485 1390/5128/485 1387/5127/485 1393/5130/485
f 1402/5132/486 1408/5133/486 1399/5129/486 1393/5130/486 2747/5257/486
f 1413/5134/487 1408/5133/487 1402/5132/487 1410/5135/487
f 1417/5136/488 1413/5134/488 1410/5135/488 1416/5137/488
f 1419/5139/489 1422/5140/489 1417/5136/489 1416/5137/489 2748/5258/489
f 1426/5141/490 1422/5140/490 1419/5139/490 1424/5142/490
f 1426/5141/491 1424/5142/491 2696/5143/491 2697/5144/491
f 1464/5146/492 1465/5147/492 2704/5148/492 2703/5145/492
f 1467/5149/493 1470/5150/493 1465/5147/493 1464/5146/493
f 1470/5150/494 1467/5149/494 1474/5151/494 1480/5152/494
f 2749/5259/495 1481/5153/495 1486/5154/495 1480/5152/495 1474/5151/495
f 2750/5260/496 1492/5155/496 1496/5156/496 1486/5154/496 1481/5153/496
f 1496/5156/497 1492/5155/497 1499/5157/497 1503/5158/497
f 1503/5158/498 1499/5157/498 1508/5159/498 1512/5160/498
f 2713/5261/499 1515/5162/499 1517/5163/499 1512/5160/499 1508/5159/499
f 2732/5262/500 2730/5263/500 1517/5163/500 1515/5162/500 2736/5264/500 2735/5265/500 2734/5266/500 2733/5267/500
f 1422/5140/501 1554/5140/501 1551/5136/501 1417/5136/501
f 2718/5268/480 2736/5178/480 1515/5179/480 2713/5180/480 1705/5269/480 2289/5270/480 1625/5271/480 2261/5272/480 1695/5273/480 2278/5274/480 2706/5171/480 1380/5172/480 2727/5173/480 2717/5275/480 2716/5276/480 2719/5277/480
f 1596/5187/479 1535/5188/479 1534/5189/479 1538/5190/479 1539/5191/479 1541/5192/479 1543/5193/479 1545/5194/479 1547/5195/479 1549/5196/479 1551/5197/479 1554/5198/479 1555/5199/479 1557/5200/479 1559/5201/479 1561/5202/479 1564/5203/479 1565/5204/479 1568/5205/479 1569/5206/479 1571/5207/479 1573/5208/479 1575/5209/479 1577/5210/479 1579/5211/479 1582/5212/479 1583/5213/479 1585/5214/479 1587/5215/479 1589/5216/479 1591/5217/479 1593/5186/479
f 1569/5220/502 2694/5220/502 2693/5278/502 2712/5219/502 1571/5219/502
f 1517/5163/503 1589/5163/503 1587/5160/503 1512/5160/503
f 1399/5129/504 1545/5129/504 1543/5128/504 1390/5128/504
f 2701/5221/505 1564/5221/505 1561/5222/505 2699/5222/505
f 1486/5154/506 1582/5154/506 1579/5152/506 1480/5152/506
f 2738/5225/507 2739/5279/507 2744/5224/507 1538/5224/507 1534/5225/507
f 1426/5141/508 1555/5141/508 1554/5140/508 1422/5140/508
f 1571/5219/509 2712/5219/509 2711/5227/509 1573/5227/509
f 2731/5228/510 1591/5228/510 1589/5163/510 1517/5163/510 2730/5263/510
f 1408/5133/511 1547/5133/511 1545/5129/511 1399/5129/511
f 2708/5230/512 1565/5230/512 1564/5221/512 2701/5221/512 2700/5280/512
f 1496/5156/513 1583/5156/513 1582/5154/513 1486/5154/513
f 2715/5281/514 2720/5282/514 2721/5234/514 1539/5234/514 1538/5224/514 2744/5224/514 2714/5283/514
f 1557/5235/515 1555/5141/515 1426/5141/515 2697/5236/515 2698/5284/515 2710/5235/515
f 2704/5148/516 1465/5147/516 1575/5147/516 1573/5227/516 2711/5227/516 2705/5285/516
f 2746/5238/517 1593/5238/517 1591/5228/517 2731/5228/517 2729/5286/517 2728/5287/517 2745/5288/517
f 1413/5134/518 1549/5134/518 1547/5133/518 1408/5133/518
f 1565/5230/519 2708/5230/519 2707/5242/519 1568/5242/519
f 1503/5158/520 1585/5158/520 1583/5156/520 1496/5156/520
f 2721/5234/521 2722/5122/521 1382/5121/521 1541/5121/521 1539/5234/521
f 2709/5244/522 1559/5244/522 1557/5235/522 2710/5235/522
f 1470/5150/523 1577/5150/523 1575/5147/523 1465/5147/523
f 2746/5238/524 2742/5289/524 2740/5245/524 1596/5245/524 1593/5238/524
f 1417/5136/525 1551/5136/525 1549/5134/525 1413/5134/525
f 2695/5290/526 2694/5220/526 1569/5220/526 1568/5242/526 2707/5242/526
f 1512/5160/527 1587/5160/527 1585/5158/527 1503/5158/527
f 1390/5128/528 1543/5128/528 1541/5121/528 1382/5121/528
f 2699/5222/529 1561/5222/529 1559/5244/529 2709/5244/529 2702/5291/529
f 1480/5152/530 1579/5152/530 1577/5150/530 1470/5150/530
f 1534/5225/531 1535/5251/531 2743/5251/531 2737/5292/531 2738/5225/531
f 2743/5252/532 1535/5252/532 1596/5245/532 2740/5245/532 2741/5293/532
f 2811/5294/533 2786/5295/533 2787/5296/533 2800/5297/533 2801/5298/533 2785/5299/533 2783/5300/533 2784/5301/533 2812/5302/533 2805/5303/533 2806/5304/533 2764/5305/533 1377/5120/533 1379/5121/533 2809/5306/533 2810/5307/533
f 1384/5128/534 1379/5121/534 1377/5120/534 1381/5127/534
f 1388/5129/535 1384/5128/535 1381/5127/535 2818/5308/535 1386/5130/535
f 1392/5133/536 1388/5129/536 1386/5130/536 2819/5309/536 1389/5132/536
f 1395/5134/537 1392/5133/537 1389/5132/537 1394/5135/537
f 1400/5136/538 1395/5134/538 1394/5135/538 1397/5137/538
f 1404/5140/539 1400/5136/539 1397/5137/539 2820/5310/539 1401/5139/539
f 1407/5141/540 1404/5140/540 1401/5139/540 2821/5311/540 1405/5142/540
f 1411/5235/541 1407/5141/541 1405/5142/541 1409/5312/541
f 1411/5235/542 1409/5312/542 2765/5313/542 2766/5314/542
f 2757/5315/543 1427/5316/543 1429/5227/543 2756/5317/543
f 1429/5227/544 1427/5316/544 1431/5146/544 1434/5147/544
f 1435/5149/545 1437/5150/545 1434/5147/545 1431/5146/545 2822/5318/545
f 1440/5151/546 1442/5152/546 1437/5150/546 1435/5149/546 2823/5319/546
f 1442/5152/547 1440/5151/547 1443/5153/547 1445/5154/547
f 1448/5155/548 1449/5156/548 1445/5154/548 1443/5153/548
f 1451/5157/549 1453/5158/549 1449/5156/549 1448/5155/549 2824/5320/549
f 2825/5321/550 1456/5159/550 1457/5160/550 1453/5158/550 1451/5157/550
f 1459/5162/551 1462/5163/551 1457/5160/551 1456/5159/551
f 2813/5322/552 2804/5323/552 2803/5324/552 2816/5325/552 2817/5326/552 2802/5327/552 2799/5328/552 2781/5329/552 2782/5330/552 2808/5331/552 2807/5332/552 1462/5163/552 1459/5162/552 2769/5333/552 2815/5334/552 2814/5335/552
f 1404/5140/553 1490/5140/553 1488/5136/553 1400/5136/553
f 2771/5336/480 2815/5337/480 2769/5338/480 2387/5339/480 1739/5340/480 1745/5341/480 2324/5342/480 2322/5343/480 1653/5344/480 2308/5345/480 1732/5346/480 1738/5347/480 2303/5348/480 2301/5349/480 2764/5350/480 2806/5351/480 2795/5352/480 2777/5353/480 2776/5354/480 2789/5355/480 2788/5356/480 2772/5357/480
f 1471/5188/479 1469/5189/479 1473/5190/479 1476/5191/479 1478/5192/479 1479/5193/479 1482/5194/479 1484/5195/479 1485/5196/479 1488/5197/479 1490/5198/479 1491/5199/479 1493/5200/479 1495/5201/479 1497/5202/479 1500/5203/479 1502/5204/479 1504/5205/479 1506/5206/479 1507/5207/479 1509/5208/479 1511/5209/479 1514/5210/479 1516/5211/479 1518/5212/479 1519/5213/479 1521/5214/479 1523/5215/479 1525/5216/479 1528/5217/479 1529/5186/479 1531/5187/479
f 1506/5220/554 2761/5220/554 2763/5358/554 2770/5219/554 1507/5219/554
f 1462/5163/555 1525/5163/555 1523/5160/555 1457/5160/555
f 1388/5129/556 1482/5129/556 1479/5128/556 1384/5128/556
f 2752/5221/557 1500/5221/557 1497/5222/557 2767/5222/557 2751/5359/557
f 1445/5154/558 1518/5154/558 1516/5152/558 1442/5152/558
f 1469/5225/559 2797/5225/559 2779/5360/559 2778/5224/559 1473/5224/559
f 1407/5141/560 1491/5141/560 1490/5140/560 1404/5140/560
f 1429/5227/561 1509/5227/561 1507/5219/561 2770/5219/561 2755/5361/561 2756/5362/561
f 1528/5228/562 1525/5163/562 1462/5163/562 2807/5332/562 2773/5363/562 2774/5228/562
f 1392/5133/563 1484/5133/563 1482/5129/563 1388/5129/563
f 2754/5230/564 1502/5230/564 1500/5221/564 2752/5221/564
f 1449/5156/565 1519/5156/565 1518/5154/565 1445/5154/565
f 1473/5224/566 2778/5224/566 2780/5364/566 2794/5234/566 1476/5234/566
f 1411/5235/567 1493/5235/567 1491/5141/567 1407/5141/567
f 1434/5147/568 1511/5147/568 1509/5227/568 1429/5227/568
f 1529/5238/569 1528/5228/569 2774/5228/569 2775/5365/569 2798/5238/569
f 1395/5134/570 1485/5134/570 1484/5133/570 1392/5133/570
f 1502/5230/571 2754/5230/571 2753/5230/571 2768/5242/571 1504/5242/571
f 1453/5158/572 1521/5158/572 1519/5156/572 1449/5156/572
f 2809/5306/573 1379/5121/573 1478/5121/573 1476/5234/573 2794/5366/573 2793/5367/573
f 1495/5244/574 1493/5235/574 1411/5235/574 2766/5368/574 2758/5369/574 2760/5244/574
f 1437/5150/575 1514/5150/575 1511/5147/575 1434/5147/575
f 1531/5245/576 1529/5238/576 2798/5238/576 2791/5370/576 2790/5245/576
f 1400/5136/577 1488/5136/577 1485/5134/577 1395/5134/577
f 1504/5242/578 2768/5242/578 2762/5371/578 2761/5220/578 1506/5220/578
f 1457/5160/579 1523/5160/579 1521/5158/579 1453/5158/579
f 1384/5128/580 1479/5128/580 1478/5121/580 1379/5121/580
f 2767/5222/581 1497/5222/581 1495/5244/581 2760/5244/581 2759/5372/581
f 1442/5152/582 1516/5152/582 1514/5150/582 1437/5150/582
f 1471/5251/583 2796/5251/583 2797/5225/583 1469/5225/583
f 2796/5252/584 1471/5252/584 1531/5245/584 2790/5245/584 2792/5252/584
